city,RegionName,month,zhvi,zhvi_mom,zhvi_yoy,zhvi_3m_fwd,zhvi_6m_fwd,zhvi_12m_fwd,zhvi_3m_avg
Indianapolis,"Indianapolis, IN",2004-01-01,122471.70332130024,,,0.2633615557139368,0.8520199202404877,3.243838338477656,
Indianapolis,"Indianapolis, IN",2004-02-01,122534.11651101742,0.05096131434820794,,0.40455409477280213,1.0605111420252555,3.869451924006806,
Indianapolis,"Indianapolis, IN",2004-03-01,122585.48484340183,0.04192165728782449,,0.5782331272252916,1.2227833700381385,4.579113485606756,122530.4348919065
Indianapolis,"Indianapolis, IN",2004-04-01,122794.24670447658,0.17029900509137885,,0.5871121368691057,1.464830103181014,4.968372712282432,122637.94935296528
Indianapolis,"Indianapolis, IN",2004-05-01,123029.8332968564,0.19185474784237933,,0.6533140385577285,1.6772885153713002,5.210612909015033,122803.18828157826
Indianapolis,"Indianapolis, IN",2004-06-01,123294.31472593611,0.21497341091372135,,0.6408446666561929,1.9580675740161535,5.365941034943966,123039.46490908969
Indianapolis,"Indianapolis, IN",2004-07-01,123515.18663025556,0.17914200246005318,,0.8725948560065921,2.371611813158281,5.481664902785144,123279.77821768269
Indianapolis,"Indianapolis, IN",2004-08-01,123833.60446939895,0.25779650893988926,,1.017328129326489,2.779464253880537,5.517439525911749,123547.70194186356
Indianapolis,"Indianapolis, IN",2004-09-01,124084.43976614757,0.20255834256248662,,1.3088353061054603,3.3157852450065084,5.455707044822855,123811.07695526736
Indianapolis,"Indianapolis, IN",2004-10-01,124592.97379517811,0.40982900836634695,,1.4860497633589098,3.452962573867824,5.301948644492271,124170.33934357489
Indianapolis,"Indianapolis, IN",2004-11-01,125093.39856122504,0.40164766182528844,,1.7443899548581498,3.4750379806888443,5.182888939795305,124590.27070751692
Indianapolis,"Indianapolis, IN",2004-12-01,125708.50072319008,0.4917143262871626,,1.981021628406876,3.342426491610273,5.06140111920117,125131.6243598644
Indianapolis,"Indianapolis, IN",2005-01-01,126444.4873874232,0.5854708790567376,3.243838338477656,1.9381115090155498,3.038003441132786,4.503913483492039,125748.79555727943
Indianapolis,"Indianapolis, IN",2005-02-01,127275.51523991772,0.657227428150553,3.869451924006806,1.7009763649853848,2.663932228006183,3.756199003695504,126476.16778351033
Indianapolis,"Indianapolis, IN",2005-03-01,128198.81331126248,0.7254325936959072,4.579113485606756,1.334959035970451,2.0712438033952507,2.84781827822167,127306.27197953446
Indianapolis,"Indianapolis, IN",2005-04-01,128895.12254999456,0.5431479596004207,4.968372712282432,1.0789800947214712,1.7872722294484555,2.333120798357169,128123.15036705825
Indianapolis,"Indianapolis, IN",2005-05-01,129440.44167256208,0.42307196097044475,5.210612909015033,0.9468501654939177,1.6504956097964207,1.9714858074181718,128844.79251127304
Indianapolis,"Indianapolis, IN",2005-06-01,129910.21495356808,0.3629262036932479,5.365941034943966,0.7265851532672452,1.6633774587540229,1.7804215670890855,129415.25972537491
Indianapolis,"Indianapolis, IN",2005-07-01,130285.87526537584,0.2891691865354984,5.481664902785144,0.7007313825913464,1.422688710381248,1.6365885585065687,129878.84396383534
Indianapolis,"Indianapolis, IN",2005-08-01,130666.0487087548,0.2917994315228656,5.517439525911749,0.6970454681339167,1.0639245468053282,1.545210961490251,130287.37964256624
Indianapolis,"Indianapolis, IN",2005-09-01,130854.12328799826,0.14393530768093132,5.455707044822855,0.9300348106325185,0.7608161181245299,1.5648896853600602,130602.01575404296
Indianapolis,"Indianapolis, IN",2005-10-01,131198.82928044416,0.26342768862333,5.301948644492271,0.7169335494167983,0.5362640701071841,1.6092227274698612,130906.33375906573
Indianapolis,"Indianapolis, IN",2005-11-01,131576.85047966882,0.28812848506187816,5.182888939795305,0.3643394669285538,0.3157782907954765,1.6503079562619982,131209.93434937042
Indianapolis,"Indianapolis, IN",2005-12-01,132071.11218572463,0.37564488301244925,5.06140111920117,-0.16765940170879734,0.1151290772161584,1.7037996947217637,131615.5973152792
Indianapolis,"Indianapolis, IN",2006-01-01,132139.43770399774,0.05173388573953552,4.503913483492039,-0.17938341939389701,0.21089940608469693,1.805609423579413,131929.13345646372
Indianapolis,"Indianapolis, IN",2006-02-01,132056.23687530783,-0.06296441859869883,3.756199003695504,-0.04838489087958253,0.47621979538507997,1.951337497603789,132088.92892167674
Indianapolis,"Indianapolis, IN",2006-03-01,131849.6825492039,-0.15641391197522836,2.84781827822167,0.2832633966410203,0.7980022375889684,2.0654108125655712,132015.11904283648
Indianapolis,"Indianapolis, IN",2006-04-01,131902.40146227644,0.039984103149337535,2.333120798357169,0.3909841862812513,1.0672354570629983,2.1267221214007037,131936.10696226274
Indianapolis,"Indianapolis, IN",2006-05-01,131992.34160919604,0.06818689115779542,1.9714858074181718,0.52485863854419,1.330328775995726,2.011033563727671,131914.80854022547
Indianapolis,"Indianapolis, IN",2006-06-01,132223.16443845318,0.17487592571132637,1.7804215670890855,0.5132848927263511,1.586843698998086,1.7628601948276978,132039.30250330854
Indianapolis,"Indianapolis, IN",2006-07-01,132418.11899331913,0.1474435706435573,1.6365885585065687,0.6736175327526794,1.5913538616517897,1.463445740760183,132211.20834698944
Indianapolis,"Indianapolis, IN",2006-08-01,132685.11481634865,0.2016308833408198,1.545210961490251,0.8012646308190874,1.4681261946585256,1.157913326845117,132442.13274937365
Indianapolis,"Indianapolis, IN",2006-09-01,132901.8459662005,0.16334247451330608,1.5648896853600602,1.0680765307963913,1.2573746967615707,0.765342659359014,132668.3599252894
Indianapolis,"Indianapolis, IN",2006-10-01,133310.11065939945,0.3071926429846439,1.6092227274698612,0.9115956607008036,1.0482988473428767,0.32747517442790475,132965.69048064953
Indianapolis,"Indianapolis, IN",2006-11-01,133748.27371173375,0.32867953538331385,1.6503079562619982,0.6615607118440447,0.6717680638703261,0.16763457736410636,133320.07677911123
Indianapolis,"Indianapolis, IN",2006-12-01,134321.33939196065,0.4284658518000972,1.7037996947217637,0.1872976833664275,0.17326701905531205,0.14032834272033057,133793.2412543646
Indianapolis,"Indianapolis, IN",2007-01-01,134525.35984344597,0.15188982808604923,1.805609423579413,0.13546826382739852,-0.12590453422423042,0.21511472333368697,134198.32431571346
Indianapolis,"Indianapolis, IN",2007-02-01,134633.0997433802,0.08008891413457953,1.951337497603789,0.010140267997149621,-0.30572444712173574,0.09578230416278366,134493.26632626227
Indianapolis,"Indianapolis, IN",2007-03-01,134572.92014890854,-0.04469895930969692,2.0654108125655712,-0.014004434330050497,-0.4859221749290432,-0.06524154677836069,134577.12657857823
Indianapolis,"Indianapolis, IN",2007-04-01,134707.59901283344,0.100078725924857,2.1267221214007037,-0.26101919987329136,-0.7133456783908199,-0.3090988503938852,134637.87296837405
Indianapolis,"Indianapolis, IN",2007-05-01,134646.75190050705,-0.0451697697622766,2.011033563727671,-0.3158326888378138,-0.5007694770855498,-0.35232678171246423,134642.42368741633
Indianapolis,"Indianapolis, IN",2007-06-01,134554.07397268026,-0.06883042221120794,1.7628601948276978,-0.47198383926581045,-0.03288170318804795,-0.2545928156529098,134636.14162867356
Indianapolis,"Indianapolis, IN",2007-07-01,134355.98631572162,-0.14721788133955638,1.463445740760183,-0.45351022728412627,0.3414491575293166,-0.18984828568139323,134518.93739630296
Indianapolis,"Indianapolis, IN",2007-08-01,134221.4934435469,-0.10010188296237787,1.157913326845117,-0.18552272967327088,0.40273801986909774,-0.3033700261073746,134377.18457731628
Indianapolis,"Indianapolis, IN",2007-09-01,133919.00048845544,-0.22536849153649285,0.765342659359014,0.4411844554086608,0.42273479023757776,-0.48062210846596676,134165.493415908
Indianapolis,"Indianapolis, IN",2007-10-01,133746.66817681136,-0.1286839888406499,0.32747517442790475,0.7985810314642849,0.4071512236553776,-0.6895751996793376,133962.38736960458
Indianapolis,"Indianapolis, IN",2007-11-01,133972.4820651022,0.16883701954528707,0.16763457736410636,0.589354135421849,0.1491897923159291,-1.2540712496234563,133879.38357678967
Indianapolis,"Indianapolis, IN",2007-12-01,134509.83030144914,0.40108851315139304,0.14032834272033057,-0.01836862565002262,-0.22178403883423847,-2.1384912822909885,134076.32684778757
Indianapolis,"Indianapolis, IN",2008-01-01,134814.74369908686,0.22668484299948055,0.21511472333368697,-0.3883286885623116,-0.5294895057541216,-2.824400313546138,134432.3520218794
Indianapolis,"Indianapolis, IN",2008-02-01,134762.0544284802,-0.039082721341132665,0.09578230416278366,-0.43758541536447204,-0.70327568739883,-3.1839070596574426,134695.54280967207
Indianapolis,"Indianapolis, IN",2008-03-01,134485.12269425858,-0.20549681837076506,-0.06524154677836069,-0.20345278466460393,-0.8995541702687904,-3.1617297227072294,134687.30694060854
Indianapolis,"Indianapolis, IN",2008-04-01,134291.21937289156,-0.14418198644012836,-0.3090988503938852,-0.14171112213393622,-1.0922791952256317,-3.1009393519110806,134512.79883187677
Indianapolis,"Indianapolis, IN",2008-05-01,134172.35533285563,-0.08851214591020229,-0.35232678171246423,-0.26685800373845714,-1.4011706383740052,-2.9462523031973498,134316.2324666686
Indianapolis,"Indianapolis, IN",2008-06-01,134211.5089671775,0.02918159573537249,-0.2545928156529098,-0.6975205105064219,-1.9209676430802625,-2.842924843337735,134225.02789097492
Indianapolis,"Indianapolis, IN",2008-07-01,134100.9137789909,-0.0824036545283624,-0.18984828568139323,-0.9519170454185377,-2.307126802093551,-2.68463853942309,134161.59269300802
Indianapolis,"Indianapolis, IN",2008-08-01,133814.3056638455,-0.21372569885521608,-0.3033700261073746,-1.1373477381050212,-2.498200609769563,-2.4583161960898714,134042.24280333798
Indianapolis,"Indianapolis, IN",2008-09-01,133275.35616467128,-0.40275925395309997,-0.48062210846596676,-1.2320408703423102,-2.2827097633094207,-2.0502267735580615,133730.1918691692
Indianapolis,"Indianapolis, IN",2008-10-01,132824.38432266665,-0.33837601712909393,-0.6895751996793376,-1.3682342113541357,-2.0308426282010683,-1.7760007823656387,133304.68205039448
Indianapolis,"Indianapolis, IN",2008-11-01,132292.3716851168,-0.400538380255111,-1.2540712496234563,-1.376508560643852,-1.5670385488619876,-1.3446179911922873,132797.37072415158
Indianapolis,"Indianapolis, IN",2008-12-01,131633.34930662825,-0.4981559934968627,-2.1384912822909885,-1.0637750361813691,-0.9400145761046752,-0.7306904651032897,132250.0351048039
Indianapolis,"Indianapolis, IN",2009-01-01,131007.03565534342,-0.47580165253251483,-2.824400313546138,-0.671800217251306,-0.38642710053657936,-0.14658523965799253,131644.25221569615
Indianapolis,"Indianapolis, IN",2009-02-01,130471.3558637924,-0.4088939108280454,-3.1839070596574426,-0.19318925484939076,0.04090633601547822,0.4888070768225061,131037.24694192136
Indianapolis,"Indianapolis, IN",2009-03-01,130233.06659741492,-0.18263722699889406,-3.1617297227072294,0.12509114848677783,0.23791387295764022,0.8793001613472073,130570.48603885026
Indianapolis,"Indianapolis, IN",2009-04-01,130126.93010519633,-0.08149734548345,-3.1009393519110806,0.2873032203733805,0.26012456641664183,1.2657303083282168,130277.11752213455
Indianapolis,"Indianapolis, IN",2009-05-01,130219.29922360725,0.07098386040171878,-2.9462523031973498,0.2345487137772606,0.22596146086706348,1.2998053379004837,130193.09864207283
Indianapolis,"Indianapolis, IN",2009-06-01,130395.97663613116,0.13567682638233602,-2.842924843337735,0.1126817695511928,0.21131046012741184,1.202628698150554,130247.4019883116
Indianapolis,"Indianapolis, IN",2009-07-01,130500.78896596156,0.08038003359787105,-2.68463853942309,-0.027100792507106508,0.24077227018113323,0.875844120324909,130372.02160856665
Indianapolis,"Indianapolis, IN",2009-08-01,130524.72691502598,0.018343145090615742,-2.4583161960898714,-0.008567158749539505,0.44771759594282035,0.4233918280229565,130473.83083903957
Indianapolis,"Indianapolis, IN",2009-09-01,130542.90913002832,0.013930092352665291,-2.0502267735580615,0.09851767911208675,0.639863963252929,-0.3995854870527449,130522.80833700528
Indianapolis,"Indianapolis, IN",2009-10-01,130465.42221792375,-0.05935742708734759,-1.7760007823656387,0.26794567809049763,1.002996701091674,-1.0447093852310685,130511.0194209927
Indianapolis,"Indianapolis, IN",2009-11-01,130513.54465446377,0.03688520354430125,-1.3446179911922873,0.45632384868090625,1.0714228742546794,-1.7938407610956664,130507.29200080528
Indianapolis,"Indianapolis, IN",2009-12-01,130671.51697434862,0.12103902342326389,-0.7306904651032897,0.5408134872449066,0.9892278960043743,-2.3616889238073924,130550.16128224538
Indianapolis,"Indianapolis, IN",2010-01-01,130814.9986781592,0.10980335051804513,-0.14658523965799253,0.7330867487412851,0.6335464459831242,-2.872019748807353,130666.68676899053
Indianapolis,"Indianapolis, IN",2010-02-01,131109.10908448088,0.22482926980358364,0.4888070768225061,0.6123049321417717,-0.02421734261571773,-3.438654490333326,130865.2082456629
Indianapolis,"Indianapolis, IN",2010-03-01,131378.2061621334,0.20524666785670664,0.8793001613472073,0.44600236780096836,-1.032840675028357,-3.945885472385402,131100.77130825783
Indianapolis,"Indianapolis, IN",2010-04-01,131773.98609883487,0.301252352473913,1.2657303083282168,-0.09881589651515865,-2.027371615896445,-4.5082874171152305,131420.43378181636
Indianapolis,"Indianapolis, IN",2010-05-01,131911.8966258923,0.10465686827898502,1.2998053379004837,-0.6326485365649726,-2.8348899756908352,-5.019472895194143,131688.02962895352
Indianapolis,"Indianapolis, IN",2010-06-01,131964.15607239096,0.039616932085273504,1.202628698150554,-1.4722766540915089,-3.3180933151231162,-5.515687493729471,131883.34626570603
Indianapolis,"Indianapolis, IN",2010-07-01,131643.77245309754,-0.24278078898763988,0.875844120324909,-1.9304633240218139,-3.48349662572226,-5.589833013950274,131839.94171712693
Indianapolis,"Indianapolis, IN",2010-08-01,131077.35794233347,-0.4302630502068472,0.4233918280229565,-2.216262591980467,-3.4152642339583705,-5.143181750482428,131561.76215594064
Indianapolis,"Indianapolis, IN",2010-09-01,130021.27861076828,-0.8056916527336533,-0.3995854870527449,-1.873398266345161,-2.943445903899977,-4.190882436563747,130914.13633539976
Indianapolis,"Indianapolis, IN",2010-10-01,129102.43770753176,-0.7066850234469402,-1.0447093852310685,-1.5836041999787054,-2.532254000058365,-3.4569311574132344,130067.0247535445
Indianapolis,"Indianapolis, IN",2010-11-01,128172.3394917012,-0.720434278659865,-1.7938407610956664,-1.226176942874324,-2.2483203270770358,-2.9513061732017176,129098.68527000041
Indianapolis,"Indianapolis, IN",2010-12-01,127585.46223139433,-0.4578813670986115,-2.3616889238073924,-1.0904766074129824,-2.2730149352237605,-2.8054606691960915,128286.74647687578
Indianapolis,"Indianapolis, IN",2011-01-01,127057.9660817204,-0.41344534122330634,-2.872019748807353,-0.9639143888253043,-2.1823587827875746,-2.8115740137563017,127605.25593493863
Indianapolis,"Indianapolis, IN",2011-02-01,126600.71981771136,-0.35987217339442656,-3.438654490333326,-1.0348322587570125,-1.7890171804265331,-2.5411794523832354,127081.38271027536
Indianapolis,"Indianapolis, IN",2011-03-01,126194.17261130124,-0.3211255093932275,-3.945885472385402,-1.1955758022582974,-1.285267691894998,-2.0431773671158115,126617.61950357766
Indianapolis,"Indianapolis, IN",2011-04-01,125833.23606450993,-0.28601680990695266,-4.5082874171152305,-1.2303034660982148,-0.9487006679680721,-1.2890792021460373,126209.37616450751
Indianapolis,"Indianapolis, IN",2011-05-01,125290.6147292191,-0.43122258654513246,-5.019472895194143,-0.7620710790299801,-0.7191547485187688,-0.43391460372260715,125772.67446834342
Indianapolis,"Indianapolis, IN",2011-06-01,124685.42561970046,-0.48302828653733476,-5.515687493729471,-0.09077719987234945,-0.5448297966210713,0.4455371922586604,125269.75880447651
Indianapolis,"Indianapolis, IN",2011-07-01,124285.10539970471,-0.32106416448122177,-5.589833013950274,0.2851105227740458,-0.6432533264337237,1.1410963805711827,124753.7152495414
Indianapolis,"Indianapolis, IN",2011-08-01,124335.81118962885,0.040797961880523204,-5.143181750482428,0.043245894969645704,-0.7658637052217698,1.432949800804506,124435.44740301133
Indianapolis,"Indianapolis, IN",2011-09-01,124572.23968167398,0.19015317452228953,-4.190882436563747,-0.4544651474840067,-0.7677776736052411,1.4881268864785246,124397.71875700251
Indianapolis,"Indianapolis, IN",2011-10-01,124639.45531344008,0.05395715123839295,-3.4569311574132344,-0.9257245112143986,-0.3436386362151378,1.6256866247567947,124515.8353949143
Indianapolis,"Indianapolis, IN",2011-11-01,124389.58132394556,-0.20047744020234015,-2.9513061732017176,-0.8087598447583888,0.2873063218525651,1.7811754559128534,124533.75877301987
Indianapolis,"Indianapolis, IN",2011-12-01,124006.10226888052,-0.3082887256179001,-2.8054606691960915,-0.31474292301048035,0.9957923623824527,1.9538681962656845,124345.04630208871
Indianapolis,"Indianapolis, IN",2012-01-01,123485.63732495945,-0.41970913882330985,-2.8115740137563017,0.5875247354850899,1.795901905753161,2.200213916540439,123960.44030592851
Indianapolis,"Indianapolis, IN",2012-02-01,123383.5683391344,-0.08265656479258254,-2.5411794523832354,1.105002987053627,2.2157833867718857,2.3143490537168354,123625.10264432481
Indianapolis,"Indianapolis, IN",2012-03-01,123615.80183788808,0.18822076705979907,-2.0431773671158115,1.3146731260178068,2.273358902175593,2.2732424244138905,123495.00250066064
Indianapolis,"Indianapolis, IN",2012-04-01,124211.145989015,0.4816084531876097,-1.2890792021460373,1.201319123266753,1.9761159589031463,2.0957666383636386,123736.83872201252
Indianapolis,"Indianapolis, IN",2012-05-01,124746.9604548152,0.43137390089580396,-0.43391460372260715,1.0986403905853148,1.4895894494025175,2.1492812263957717,124191.30276057275
Indianapolis,"Indianapolis, IN",2012-06-01,125240.94556416222,0.3959896958980025,0.4455371922586604,0.9462457377376499,0.9486294542306872,2.4117962368565227,124733.01733599747
Indianapolis,"Indianapolis, IN",2012-07-01,125703.31823900982,0.36918650906441197,1.1410963805711827,0.7655995419315165,0.3971790644004658,2.6728272493151906,125230.40808599575
Indianapolis,"Indianapolis, IN",2012-08-01,126117.48094839929,0.32947635368063555,1.432949800804506,0.3867006097280745,0.09642900898385598,2.9646887889469564,125687.24825052377
Indianapolis,"Indianapolis, IN",2012-09-01,126426.03267346544,0.24465420871544463,1.4881268864785246,0.0023613721100934626,-0.00011388866362205263,3.239912251237076,126082.27728695818
Indianapolis,"Indianapolis, IN",2012-10-01,126665.7022676404,0.18957297726329703,1.6256866247567947,-0.3656212826657623,0.11733206186115286,3.544128013346115,126403.07196316838
Indianapolis,"Indianapolis, IN",2012-11-01,126605.17801620044,-0.04778266757016203,1.7811754559128534,-0.2891534426185727,0.6500093069369939,3.8345036413076627,126565.63765243544
Indianapolis,"Indianapolis, IN",2012-12-01,126429.01806254088,-0.13914119186896334,1.9538681962656845,-0.002475202324969672,1.449417184300894,4.158627405596005,126566.63278212724
Indianapolis,"Indianapolis, IN",2013-01-01,126202.58550231186,-0.17909856747998498,2.200213916540439,0.48472560449948077,2.2666455433523636,4.502266194534443,126412.26052701772
Indianapolis,"Indianapolis, IN",2013-02-01,126239.09478543323,0.0289291086835064,2.3143490537168354,0.9418862460615962,2.865496609979634,4.837377354931038,126290.23278342867
Indianapolis,"Indianapolis, IN",2013-03-01,126425.88868854636,0.14796834802295322,2.2732424244138905,1.4519283247895087,3.240029829927371,5.135406977318646,126289.18965876382
Indianapolis,"Indianapolis, IN",2013-04-01,126814.32174778193,0.30724170758449354,2.0957666383636386,1.7733241824895662,3.4227799332163578,5.5041243386812155,126493.10174058717
Indianapolis,"Indianapolis, IN",2013-05-01,127428.1234563699,0.48401607967336613,2.1492812263957717,1.9056612031490339,3.163928504625768,5.775819924409009,126889.4446308994
Indianapolis,"Indianapolis, IN",2013-06-01,128261.50197628222,0.6539988954617826,2.4117962368565227,1.7625111071456478,2.6705034848779396,5.799967768730174,127501.31572681134
Indianapolis,"Indianapolis, IN",2013-07-01,129063.15078219546,0.6250112415348674,2.6728272493151906,1.6207152158744131,2.186070188675915,5.811375373188432,128250.92540494919
Indianapolis,"Indianapolis, IN",2013-08-01,129856.4717669788,0.6146765982198321,2.9646887889469564,1.2347373900733372,1.9169505907582485,5.685991489424813,129060.37484181882
Indianapolis,"Indianapolis, IN",2013-09-01,130522.12519480602,0.5126070489745782,3.239912251237076,0.8922660888116996,1.835893645627218,5.573949119510324,129813.91591466009
Indianapolis,"Indianapolis, IN",2013-10-01,131154.89690500943,0.48480034266908945,3.544128013346115,0.556338313109217,2.012462251361713,5.227076529108299,130511.16462226475
Indianapolis,"Indianapolis, IN",2013-11-01,131459.8581773157,0.23251992834636415,3.8345036413076627,0.6738923992623436,2.5317874742101676,5.070929350306708,131045.62675904372
Indianapolis,"Indianapolis, IN",2013-12-01,131686.72985631562,0.1725786731748169,4.158627405596005,0.9352823495756057,3.0480655861526706,4.957601500374342,131433.82831288024
Indianapolis,"Indianapolis, IN",2014-01-01,131884.56184601088,0.15022925234084994,4.502266194534443,1.4480677823793364,3.547748903366932,4.9691321855119375,131677.04995988074
Indianapolis,"Indianapolis, IN",2014-02-01,132345.7561696537,0.3496954588068535,4.837377354931038,1.8454586692442376,3.698149205622281,4.832841282570488,131972.3492906601
Indianapolis,"Indianapolis, IN",2014-03-01,132918.37259739506,0.4326670112544617,5.135406977318646,2.0932058517057595,3.670665950937635,4.706984993523311,132382.89687101988
Indianapolis,"Indianapolis, IN",2014-04-01,133794.3396960351,0.6590263494222315,5.5041243386812155,2.0697103127599314,3.1511976152734045,4.4163592146303055,133019.4894876946
Indianapolis,"Indianapolis, IN",2014-05-01,134788.14240026343,0.742783817675785,5.775819924409009,1.8191194389873377,2.4764435875412882,4.104213897329956,133833.6182312312
Indianapolis,"Indianapolis, IN",2014-06-01,135700.6277505958,0.6769774655864591,5.799967768730174,1.5451176070650607,1.8530536244032891,3.85785594398238,134761.03661563146
Indianapolis,"Indianapolis, IN",2014-07-01,136563.494942613,0.6358608698576296,5.811375373188432,1.0595575310242245,1.372683903994365,3.581625742478489,135684.08836449074
Indianapolis,"Indianapolis, IN",2014-08-01,137240.09970011655,0.4954506750049603,5.685991489424813,0.6455802723258186,1.094225968004725,3.492187382354439,136501.40746444179
Indianapolis,"Indianapolis, IN",2014-09-01,137797.36204286807,0.4060492115418146,5.573949119510324,0.303250441375047,0.9996261074237678,3.4264206090736993,137200.31889519922
Indianapolis,"Indianapolis, IN",2014-10-01,138010.46373790735,0.15464860275988812,5.227076529108299,0.309843403850274,1.2265117891074873,3.6295896549130457,137682.64182696398
Indianapolis,"Indianapolis, IN",2014-11-01,138126.0947095008,0.08378420625629879,5.070929350306708,0.44576790601731364,1.5884336466049698,3.7534773012480205,137977.97349675873
Indianapolis,"Indianapolis, IN",2014-12-01,138215.23315146624,0.06453410715254737,4.957601500374342,0.6942702883350194,1.968328143574416,4.0521148684563135,138117.26386629147
Indianapolis,"Indianapolis, IN",2015-01-01,138438.08005642242,0.16123179759206518,4.9691321855119375,0.9138369218329778,2.1790306356849642,4.28639322021509,138259.80263912983
Indianapolis,"Indianapolis, IN",2015-02-01,138741.81650955082,0.2194023876989748,4.832841282570488,1.137594708476719,2.3720063053933815,4.56276683132959,138465.04323914647
Indianapolis,"Indianapolis, IN",2015-03-01,139174.82044918984,0.3120933187502395,4.706984993523311,1.2652734376952912,2.402775728168316,4.5663934388157745,138784.905671721
Indianapolis,"Indianapolis, IN",2015-04-01,139703.1783458547,0.37963612595983687,4.4163592146303055,1.253736605845246,2.3739609548258045,4.613956101377181,139206.6051015318
Indianapolis,"Indianapolis, IN",2015-05-01,140320.13607260794,0.4416203940799779,4.104213897329956,1.2205269469525826,2.1311910981663296,4.647842211208575,139732.71162255085
Indianapolis,"Indianapolis, IN",2015-06-01,140935.76248429355,0.4387299135507172,3.85785594398238,1.1232896054666597,2.0435627050272576,4.831385988916237,140319.69230091874
Indianapolis,"Indianapolis, IN",2015-07-01,141454.68823230595,0.36820019196350806,3.581625742478489,1.1063535890446285,2.0624217820619517,5.04508930362042,140903.5289297358
Indianapolis,"Indianapolis, IN",2015-08-01,142032.78114537467,0.4086770967387965,3.492187382354439,0.8996832744123218,2.1399996004775046,5.204532721007649,141474.41062065805
Indianapolis,"Indianapolis, IN",2015-09-01,142518.8792546648,0.3422436041667032,3.4264206090736993,0.9100505958133276,2.1128506481024267,5.499973392387991,142002.1162107818
Indianapolis,"Indianapolis, IN",2015-10-01,143019.67725243597,0.3513906370792519,3.6295896549130457,0.9456064422057375,2.188051654599743,5.7485674170791645,142523.77921749183
Indianapolis,"Indianapolis, IN",2015-11-01,143310.62632152226,0.20343289446300705,3.7534773012480205,1.2292569072709147,2.4641356729339314,6.140549938758411,142949.727609541
Indianapolis,"Indianapolis, IN",2015-12-01,143815.87316446836,0.35255364931039423,4.0521148684563135,1.1919526798245261,2.73199328795255,6.310330968851674,143382.05891280886
Indianapolis,"Indianapolis, IN",2016-01-01,144372.08053415685,0.3867496385829394,4.28639322021509,1.23080662565076,2.9223954022250087,6.343659165204785,143832.86000671584
Indianapolis,"Indianapolis, IN",2016-02-01,145072.28209443277,0.48499790103826435,4.56276683132959,1.219883266350763,3.000326152846222,6.233694664860123,144420.078597686
Indianapolis,"Indianapolis, IN",2016-03-01,145530.0903186653,0.31557249780802543,4.5663934388157745,1.5219002769921497,3.3170386712228384,6.3163144283161055,144991.48431575164
Indianapolis,"Indianapolis, IN",2016-04-01,146149.0216669611,0.4252944163922079,4.613956101377181,1.6710217304004127,3.48427796090498,6.478079230353284,145583.7980266864
Indianapolis,"Indianapolis, IN",2016-05-01,146841.99458781592,0.47415501859049414,4.647842211208575,1.758985318932238,3.5880010519579564,6.6472471404900535,146173.70219114746
Indianapolis,"Indianapolis, IN",2016-06-01,147744.91316633197,0.6148912516821481,4.831385988916237,1.7682277314873263,3.4831775052482694,6.670863045633135,146911.97647370302
Indianapolis,"Indianapolis, IN",2016-07-01,148591.20357778363,0.5728051093704334,5.04508930362042,1.783454321244804,3.324119837678996,6.732407222793291,147726.03711064384
Indianapolis,"Indianapolis, IN",2016-08-01,149424.92371464288,0.5610831036998887,5.204532721007649,1.7973997355547722,3.13918278978631,6.807240087722377,148587.01348625284
Indianapolis,"Indianapolis, IN",2016-09-01,150357.37969280093,0.6240297501765912,5.499973392387991,1.6851524409816632,2.9029826983694607,6.784959216154984,149457.8356617425
Indianapolis,"Indianapolis, IN",2016-10-01,151241.25981898129,0.5878528396718874,5.7485674170791645,1.5136699051022662,2.8930010707320486,6.765623105480567,150341.1877421417
Indianapolis,"Indianapolis, IN",2016-11-01,152110.6868983428,0.5748610401699272,6.140549938758411,1.318091677898603,2.9532822889377197,6.842828690581104,151236.44213670833
Indianapolis,"Indianapolis, IN",2016-12-01,152891.13074689024,0.5130762765334307,6.310330968851674,1.1976480618393293,3.080390085840956,6.966750596181082,152081.02582140476
Indianapolis,"Indianapolis, IN",2017-01-01,153530.55325295872,0.4182207973378427,6.343659165204785,1.3587639644189853,3.2986367466460553,7.144755618748744,152844.1236327306
Indianapolis,"Indianapolis, IN",2017-02-01,154115.64520354426,0.38109154053624916,6.233694664860123,1.6139176961974089,3.55641493244343,7.272875379673716,153512.44306779772
Indianapolis,"Indianapolis, IN",2017-03-01,154722.22841100462,0.3935896363144842,6.3163144283161055,1.860460257782992,3.772462581735292,7.576364945670155,154122.80895583588
Indianapolis,"Indianapolis, IN",2017-04-01,155616.67108493304,0.5780957804927933,6.478079230353284,1.9138678357482952,3.7637370807042103,7.766854016058278,154818.18156649396
Indianapolis,"Indianapolis, IN",2017-05-01,156602.94487409308,0.6337841455442472,6.6472471404900535,1.9116448615372095,3.7779722172697427,7.990375064882782,155647.2814566769
Indianapolis,"Indianapolis, IN",2017-06-01,157600.7739805476,0.6371713554025105,6.670863045633135,1.8770799966085994,3.77022293678142,8.080001085910249,156606.79664652457
Indianapolis,"Indianapolis, IN",2017-07-01,158594.9684998898,0.630830987838249,6.732407222793291,1.815130054662717,3.723300706800048,8.18170713667541,157599.56245151014
Indianapolis,"Indianapolis, IN",2017-08-01,159596.63702279463,0.6315890928819234,6.807240087722377,1.8313190394171786,3.5888268724393324,8.198120491006812,158597.4598344107
Indianapolis,"Indianapolis, IN",2017-09-01,160559.06658343677,0.603038747304363,6.784959216154984,1.8582618781730398,3.665618285716965,8.25672945703333,159583.55736870706
Indianapolis,"Indianapolis, IN",2017-10-01,161473.67343831417,0.5696388714380829,6.765623105480567,1.874152349570113,3.8579151522275756,8.21845473123739,160543.12568151517
Indianapolis,"Indianapolis, IN",2017-11-01,162519.3606228626,0.6475898902169153,6.842828690581104,1.725901077979608,4.059052954700193,8.144615202698425,161517.36688153783
Indianapolis,"Indianapolis, IN",2017-12-01,163542.67450970723,0.6296566039410534,6.966750596181082,1.7743837114613248,4.153193495357943,8.020271469630469,162511.90285696133
Indianapolis,"Indianapolis, IN",2018-01-01,164499.93608299553,0.5853283102762674,7.144755618748744,1.947268033063354,4.2983653619721895,8.036634019918253,163520.65707185512
Indianapolis,"Indianapolis, IN",2018-02-01,165324.28401977813,0.5011235605384634,7.272875379673716,2.2935671761040277,4.44960499865823,8.065080820485315,164455.63153749364
Indianapolis,"Indianapolis, IN",2018-03-01,166444.5490874957,0.6776167665625721,7.576364945670155,2.337336466355544,4.4287693906986725,7.9738830278721196,165422.9230634231
Indianapolis,"Indianapolis, IN",2018-04-01,167703.19075274936,0.7561927814121683,7.766854016058278,2.3061896353576916,4.198562596426525,7.696467516455074,166490.67462000772
Indianapolis,"Indianapolis, IN",2018-05-01,169116.10753218475,0.8425103738893602,7.990375064882782,2.1076963899816725,3.9261958781969586,7.321784897020978,167754.61579080994
Indianapolis,"Indianapolis, IN",2018-06-01,170334.9182295788,0.7206946252367397,8.080001085910249,2.0436655834116912,3.7128750876418204,7.012706590345696,169051.40550483763
Indianapolis,"Indianapolis, IN",2018-07-01,171570.7443560534,0.7255271786428041,8.18170713667541,1.849715024881382,3.5842063727195006,6.69992233046699,170340.5900392723
Indianapolis,"Indianapolis, IN",2018-08-01,172680.5616255181,0.6468569415083669,8.198120491006812,1.7809622119667523,3.4614547578935673,6.475938118480751,171528.74140371676
Indianapolis,"Indianapolis, IN",2018-09-01,173815.99432996914,0.6575335948428185,8.25672945703333,1.6357796387328927,3.3947672254090344,6.223003237357827,172689.1001038469
Indianapolis,"Indianapolis, IN",2018-10-01,174744.31419270812,0.5340819562189791,8.21845473123739,1.7029908698462215,3.3569608187171918,6.215171123426622,173746.95671606512
Indianapolis,"Indianapolis, IN",2018-11-01,175755.93717548053,0.5789161080553384,8.144615202698425,1.6510873049392805,3.267308102765254,6.288307253183478,174772.08189938593
Indianapolis,"Indianapolis, IN",2018-12-01,176659.2409740799,0.513953504567799,8.020271469630469,1.730677516253154,3.181698993413651,6.519205507035863,175719.8307807562
Indianapolis,"Indianapolis, IN",2019-01-01,177720.19390898533,0.600564640182677,8.036634019918253,1.6262746402292416,3.0079063853966748,6.748762559575905,176711.7906861819
Indianapolis,"Indianapolis, IN",2019-02-01,178657.82114186193,0.5275862085525329,8.065080820485315,1.5899690211650608,2.9136293971907534,7.020140099538974,177679.08534164238
Indianapolis,"Indianapolis, IN",2019-03-01,179716.64273800177,0.5926533690898905,7.9738830278721196,1.4263361972878696,2.735376352057539,7.28715893512526,178698.21926294966
Indianapolis,"Indianapolis, IN",2019-04-01,180610.4123530934,0.4973215621407956,7.696467516455074,1.3595221807141789,2.7653776601680446,7.550340302317671,179661.6254109857
Indianapolis,"Indianapolis, IN",2019-05-01,181498.425151906,0.49167309195692344,7.321784897020978,1.3029439705311008,2.9254167712127632,7.637057600770292,180608.4934143337
Indianapolis,"Indianapolis, IN",2019-06-01,182280.0062659244,0.4306269398008489,7.012706590345696,1.290631411770038,3.2345915469324193,7.604399647765558,181462.94792364127
Indianapolis,"Indianapolis, IN",2019-07-01,183065.85096971304,0.43111952862355807,6.69992233046699,1.386998921470206,3.63162043133185,7.6322803893345,182281.4274625145
Indianapolis,"Indianapolis, IN",2019-08-01,183863.2479390317,0.4355793093549609,6.475938118480751,1.6016047876689754,3.990249616500563,7.906443508299454,183069.7017248897
Indianapolis,"Indianapolis, IN",2019-09-01,184632.5692841688,0.41842040416484316,6.223003237357827,1.9191904602309684,4.430589291335729,8.663568481684013,183853.88939763783
Indianapolis,"Indianapolis, IN",2019-10-01,185604.9723482432,0.5266693020870905,6.215171123426622,2.2139145390823067,4.656201097195289,9.584942679686371,184700.26319048123
Indianapolis,"Indianapolis, IN",2019-11-01,186808.0105207869,0.6481713056083915,6.288307253183478,2.350991240565037,4.577723343137685,10.684539247516112,185681.85071773294
Indianapolis,"Indianapolis, IN",2019-12-01,188176.01994034988,0.7323076862438826,6.519205507035863,2.4641079072196037,4.232891354877433,11.626641712834008,186863.00093645998
Indianapolis,"Indianapolis, IN",2020-01-01,189714.10781632064,0.817366567992206,6.748762559575905,2.3893875595373704,3.86046260914501,12.39164441934657,188232.7127591525
Indianapolis,"Indianapolis, IN",2020-02-01,191199.8504848044,0.7831482252876221,7.020140099538974,2.175584306105005,3.765924119079589,13.247092461767696,189696.659413825
Indianapolis,"Indianapolis, IN",2020-03-01,192812.8801271912,0.8436354099110588,7.28715893512526,1.7262468622275318,4.053390121681022,14.261345387951652,191242.27947610538
Indianapolis,"Indianapolis, IN",2020-04-01,194247.1131071711,0.7438470806689912,7.550340302317671,1.4367456283027824,4.7094596696795055,15.443036937426813,192753.28123972224
Indianapolis,"Indianapolis, IN",2020-05-01,195359.56442524804,0.5726990225400019,7.637057600770292,1.5564773363175854,5.839499760709943,16.810258980560967,194139.85255320347
Indianapolis,"Indianapolis, IN",2020-06-01,196141.30642035737,0.4001554760880266,7.604399647765558,2.2876527260513813,7.093490607281905,18.326064792154973,195249.32798425885
Indianapolis,"Indianapolis, IN",2020-07-01,197037.95001284275,0.45714164387369305,7.6322803893345,3.226359462841022,8.214080311106176,19.53427993117318,196179.60695281604
Indianapolis,"Indianapolis, IN",2020-08-01,198400.29176985577,0.6914108459432411,7.906443508299454,4.2173798626439,9.137073102927019,19.91925968761081,197193.18273435195
Indianapolis,"Indianapolis, IN",2020-09-01,200628.33836359545,1.123005704207447,8.663568481684013,4.698355816318922,9.810305319541568,19.312601081497306,198688.86004876465
Indianapolis,"Indianapolis, IN",2020-10-01,203395.10255847007,1.3790495487534082,9.584942679686371,4.831828686219053,10.250819077481509,18.55902486074086,200807.9108973071
Indianapolis,"Indianapolis, IN",2020-11-01,206767.5857223844,1.658094576266822,10.684539247516112,4.72060729867434,10.365467755095747,17.828550392485496,203597.0088814833
Indianapolis,"Indianapolis, IN",2020-12-01,210054.57156828544,1.5897007427045695,11.626641712834008,4.882549934395319,10.488568559282086,17.398971393103114,206739.08661638
Indianapolis,"Indianapolis, IN",2021-01-01,213222.80547025488,1.5082908590444477,12.39164441934657,5.169222419540631,10.460930396046809,17.46815292504693,210014.9875869749
Indianapolis,"Indianapolis, IN",2021-02-01,216528.271465288,1.5502403637092321,13.247092461767696,5.390400802701278,9.879490330948437,17.959163482916395,213268.5495012761
Indianapolis,"Indianapolis, IN",2021-03-01,220310.5909145871,1.7468016641445594,14.261345387951652,5.3450441740722,8.65337340999519,18.432815029543946,216687.22261671
Indianapolis,"Indianapolis, IN",2021-04-01,224244.7665341968,1.7857405780073998,15.443036937426813,5.031612723536671,7.535731573495674,18.676127757342776,220361.20963802398
Indianapolis,"Indianapolis, IN",2021-05-01,228200.0131484281,1.7638077692342158,16.810258980560967,4.259486152492253,6.762153768922152,18.410489301585265,224251.79019907067
Indianapolis,"Indianapolis, IN",2021-06-01,232086.2893191313,1.7030131230428402,18.326064792154973,3.1404697409935123,6.254405251085582,17.879551455699527,228177.02300058538
Indianapolis,"Indianapolis, IN",2021-07-01,235527.89473899655,1.4828990673950937,19.53427993117318,2.38415728848258,6.343620775125114,16.81040799459719,231938.0657355186
Indianapolis,"Indianapolis, IN",2021-08-01,237920.1611084709,1.0157040515839544,19.91925968761081,2.4004219748114064,7.353213168019468,15.675367225679171,235178.11505553292
Indianapolis,"Indianapolis, IN",2021-09-01,239374.88900819328,0.6114353205481926,19.312601081497306,3.0191209308157996,9.000587200037291,14.542403017497584,237607.64828522026
Indianapolis,"Indianapolis, IN",2021-10-01,241143.2502078259,0.7387413136605625,18.55902486074086,3.8672618806502967,10.359715808724612,13.37184020527995,239479.4334414967
Indianapolis,"Indianapolis, IN",2021-11-01,243631.24893822536,1.031751346245513,17.828550392485496,4.836690218353157,10.910547531548476,12.065170761598342,241383.12938474817
Indianapolis,"Indianapolis, IN",2021-12-01,246601.9063853567,1.2193252959453504,17.398971393103114,5.806170946885136,10.940860453872968,10.688244338209696,243792.13517713602
Indianapolis,"Indianapolis, IN",2022-01-01,250468.89120087432,1.5681082406049152,17.46815292504693,6.250722133731168,9.842421334896256,8.877809390482039,246900.68217481882
Indianapolis,"Indianapolis, IN",2022-02-01,255414.9377244721,1.9747149036688505,17.959163482916395,5.793637037324184,7.752123864829863,6.757555128872483,250828.57843690107
Indianapolis,"Indianapolis, IN",2022-03-01,260920.0346283682,2.1553543238080675,18.432815029543946,4.852920638783398,5.084207305498256,4.556555292715925,255601.28785123824
Indianapolis,"Indianapolis, IN",2022-04-01,266125.0056212784,1.99485294424544,18.676127757342776,3.3803998025015103,2.7293694755212483,2.8054371881157225,260819.99265803955
Indianapolis,"Indianapolis, IN",2022-05-01,270212.7521553356,1.5360249686098504,18.410489301585265,1.8512331009233662,1.041040059532139,1.6048510555214168,265752.59746832744
Indianapolis,"Indianapolis, IN",2022-06-01,273582.27683956904,1.2469895137652065,17.879551455699527,0.2205819974358647,-0.22770340398459155,0.802951405118546,269973.344872061
Indianapolis,"Indianapolis, IN",2022-07-01,275121.09478570725,0.5624698953143659,16.81040799459719,-0.6297425123369615,-0.8781779686676927,0.6033231048308663,272972.041260204
Indianapolis,"Indianapolis, IN",2022-08-01,275215.0200661512,0.03413961423681666,15.675367225679171,-0.7954670912903028,-0.9230154360623244,0.8911080236679192,274639.4638971425
Indianapolis,"Indianapolis, IN",2022-09-01,274185.75009045226,-0.37398757358939605,14.542403017497584,-0.44729874092321875,-0.5021230366693996,1.484351315059551,274840.6216474369
Indianapolis,"Indianapolis, IN",2022-10-01,273388.5402914348,-0.2907553725000178,13.37184020527995,-0.25000987479738557,0.07404670444570716,1.9035640459944325,274263.10348267946
Indianapolis,"Indianapolis, IN",2022-11-01,273025.775151237,-0.13269215301091597,12.065170761598342,-0.1285710854456501,0.5580019719285234,2.0432538191835325,273533.355177708
Indianapolis,"Indianapolis, IN",2022-12-01,272959.3206825068,-0.024339998190059386,10.688244338209696,-0.055070625962727604,1.033007001208297,2.0166336940028895,273124.54537505953
Indianapolis,"Indianapolis, IN",2023-01-01,272705.0419441418,-0.09315627608142973,8.877809390482039,0.3248687832814179,1.4946265546150528,2.2508952406095295,272896.7125926285
Indianapolis,"Indianapolis, IN",2023-02-01,272674.7429485786,-0.011110537358305361,6.757555128872483,0.6874569282087517,1.831024094762923,2.599623096172965,272779.70185840904
Indianapolis,"Indianapolis, IN",2023-03-01,272809.0002759833,0.049237170246452244,4.556555292715925,1.0886771685024277,1.9964992343113552,3.16391047773692,272729.59505623457
Indianapolis,"Indianapolis, IN",2023-04-01,273590.9754958528,0.28663835103623914,2.8054371881157225,1.165969899108954,1.8281636466165319,3.476083366991878,273024.9062401383
Indianapolis,"Indianapolis, IN",2023-05-01,274549.264360454,0.35026333118788333,1.6048510555214168,1.1357593104864616,1.4770101017616,3.575427800558484,273649.7467107634
Indianapolis,"Indianapolis, IN",2023-06-01,275779.00957560766,0.4479142269852021,0.802951405118546,0.8980452521855753,0.9735696501469437,3.3026849631128785,274639.7498106382
Indianapolis,"Indianapolis, IN",2023-07-01,276780.963916813,0.3633178401602155,0.6033231048308663,0.6545617544792881,0.7451317490069664,2.9626706532702274,275703.07928429154
Indianapolis,"Indianapolis, IN",2023-08-01,277667.48319229996,0.32029633213987996,0.8911080236679192,0.33741852891764346,0.7547788193652982,2.675583305688556,276742.4855615736
Indianapolis,"Indianapolis, IN",2023-09-01,278255.6298776258,0.21181691084746213,1.484351315059551,0.07485219141025734,1.1445601096011337,2.548278673673887,277568.0256622462
Indianapolis,"Indianapolis, IN",2023-10-01,278592.6662502916,0.12112472722078937,1.9035640459944325,0.08998101322881258,1.6183339278259545,2.5642790213404876,278171.9264400724
Indianapolis,"Indianapolis, IN",2023-11-01,278604.38472937007,0.004206312835219883,2.0432538191835325,0.41595677521579777,2.0678749765021376,2.758651557341829,278484.22695242916
Indianapolis,"Indianapolis, IN",2023-12-01,278463.9103143116,-0.05042074811382191,2.0166336940028895,1.0689078172654964,2.3066583869777446,3.1749467013766353,278553.65376465773
Indianapolis,"Indianapolis, IN",2024-01-01,278843.3467541647,0.13626054429272116,2.2508952406095295,1.5269789234900077,2.2011375296902225,3.4967876969193012,278637.2139326155
Indianapolis,"Indianapolis, IN",2024-02-01,279763.25854370015,0.3299027214540118,2.599623096172965,1.6450753987079958,1.9064152676737,3.548964812693667,279023.5052040589
Indianapolis,"Indianapolis, IN",2024-03-01,281440.4328199245,0.5994976913533234,3.16391047773692,1.2246600823569986,1.3878339700639009,3.077395428421914,280015.67937259644
Indianapolis,"Indianapolis, IN",2024-04-01,283101.225888655,0.5901046456225245,3.476083366991878,0.6640191733748413,0.9308803411266053,2.4425422803705077,281434.9724174265
Indianapolis,"Indianapolis, IN",2024-05-01,284365.57508462644,0.4466067541751828,3.575427800558484,0.2571102121185609,0.6767815838222724,1.9291750467351543,282969.0779310686
Indianapolis,"Indianapolis, IN",2024-06-01,284887.12145628285,0.18340700047858594,3.3026849631128785,0.16119973885231342,0.8487114407691676,1.7019261131689056,284117.9741431881
Indianapolis,"Indianapolis, IN",2024-07-01,284981.0723086149,0.032978272886396987,2.9626706532702274,0.2651008472969174,1.2677453485805623,1.7281326701107158,284744.58961650805
Indianapolis,"Indianapolis, IN",2024-08-01,285096.7080179187,0.04057662790268868,2.675583305688556,0.4185951209004335,1.611821533222968,1.7400382533650172,284988.30059427215
Indianapolis,"Indianapolis, IN",2024-09-01,285346.35875209427,0.08756703502865726,2.548278673673887,0.6864052184971436,1.666434119558069,1.7735494349817582,285141.37969287595
Indianapolis,"Indianapolis, IN",2024-10-01,285736.5595459409,0.13674637221694486,2.5642790213404876,0.9999935100156732,1.4977199585843204,1.7174078116750424,285393.2087719846
Indianapolis,"Indianapolis, IN",2024-11-01,286290.1089275295,0.19372718089285534,2.758651557341829,1.1882524455614218,1.24397447277369,1.6843837282310092,285791.00907518825
Indianapolis,"Indianapolis, IN",2024-12-01,287304.99104936025,0.35449430147365124,3.1749467013766353,0.9733477910291555,0.8460342826500655,1.5504038700030698,286443.88650761027
Indianapolis,"Indianapolis, IN",2025-01-01,288593.9065971424,0.44862274862489393,3.4967876969193012,0.4927984955952258,0.45462384883303564,1.3630912949547547,287396.33552467736
Indianapolis,"Indianapolis, IN",2025-02-01,289691.9581482613,0.3804832763332433,3.548964812693667,0.05506768410914464,0.1261828773536422,,288530.2852649213
Indianapolis,"Indianapolis, IN",2025-03-01,290101.4678332557,0.1413603910899175,3.077395428421914,-0.1260862506436533,0.1053595676403285,,289462.4441928864
Indianapolis,"Indianapolis, IN",2025-04-01,290016.0930272326,-0.0294292912961569,2.4425422803705077,-0.03798744520371322,0.2164460967008619,,289936.5063362499
Indianapolis,"Indianapolis, IN",2025-05-01,289851.48480066395,-0.056758307737503344,1.9291750467351543,0.0710760533079835,0.43499799148614127,,289989.6818870508
Indianapolis,"Indianapolis, IN",2025-06-01,289735.68976940255,-0.03994978026109486,1.7019261131689056,0.2317380080496534,0.6984603731454486,,289867.7558657664
Indianapolis,"Indianapolis, IN",2025-07-01,289905.92332281196,0.058754775272906734,1.7281326701107158,0.2545302314367559,0.9043560279403451,,289831.03263095947
Indianapolis,"Indianapolis, IN",2025-08-01,290057.49979651487,0.05228471083500441,1.7400382533650172,0.3636634605430844,,,289899.70429624314
Indianapolis,"Indianapolis, IN",2025-09-01,290407.11748548306,0.12053392489883574,1.7735494349817582,0.46564329260492254,,,290123.51353493665
Indianapolis,"Indianapolis, IN",2025-10-01,290643.8215403944,0.08150766309065194,1.7174078116750424,0.6481759926493691,,,290369.4796074641
Indianapolis,"Indianapolis, IN",2025-11-01,291112.3329378396,0.16119778323935297,1.6843837282310092,,,,290721.09065457236
Indianapolis,"Indianapolis, IN",2025-12-01,291759.3787493015,0.2222667122797617,1.5504038700030698,,,,291171.8444091785
Indianapolis,"Indianapolis, IN",2026-01-01,292527.7050157379,0.26334243983177075,1.3630912949547547,,,,291799.8055676264
Nashville,"Nashville, TN",2004-01-01,160458.6003338712,,,0.7436111809299151,1.9088964191149804,4.17310590170068,
Nashville,"Nashville, TN",2004-02-01,160739.3519541767,0.17496825955189976,,0.9519166477418128,2.1037779607899987,4.382861183481013,
Nashville,"Nashville, TN",2004-03-01,161102.21182668526,0.22574426741002185,,1.1231113727344644,2.2401359207525617,4.6157782845493545,160766.72137157773
Nashville,"Nashville, TN",2004-04-01,161651.7884267175,0.3411353536371564,,1.1566840065840633,2.277576179988916,4.768392546867628,161164.45073585983
Nashville,"Nashville, TN",2004-05-01,162269.4566049008,0.38209795523747037,,1.1409999446245767,2.2960960464022406,4.920209629855221,161674.4856194345
Nashville,"Nashville, TN",2004-06-01,162911.56908943751,0.39570754593709623,,1.104618452552164,2.261454350564729,5.186791742583297,162277.60470701862
Nashville,"Nashville, TN",2004-07-01,163521.58880980648,0.37444837329758673,,1.108075244273432,2.2217976664900885,5.626204314745675,162900.8715013816
Nashville,"Nashville, TN",2004-08-01,164120.95101490532,0.36653399068669046,,1.1420651391721437,2.2321242839479005,6.069990253532698,163518.03630471646
Nashville,"Nashville, TN",2004-09-01,164711.12034294172,0.35959414345752005,,1.1441968880535835,2.32359077225619,6.522450032562821,164117.88672255116
Nashville,"Nashville, TN",2004-10-01,165333.53105445052,0.37788020032458736,,1.1015167873841492,2.4353494283980037,6.848448347173219,164721.86747076586
Nashville,"Nashville, TN",2004-11-01,165995.31918252434,0.40027459877807203,,1.0777505316663438,2.56521381056678,7.063045869841655,165346.6568599722
Nashville,"Nashville, TN",2004-12-01,166595.73985618385,0.3617094003712795,,1.1660519540314995,2.860645206541035,7.18011037615558,165974.86336438623
Nashville,"Nashville, TN",2005-01-01,167154.70765419028,0.3355234644589089,4.17310590170068,1.3193003264420966,3.3304116401502215,7.1873465391457,166581.92223096616
Nashville,"Nashville, TN",2005-02-01,167784.33461755526,0.3766731862961059,4.382861183481013,1.471603069000249,3.7540704514025247,7.1737494769998245,167178.2607093098
Nashville,"Nashville, TN",2005-03-01,168538.3327361101,0.4493852899160711,4.6157782845493545,1.6750611690169892,4.103510469694238,7.170241537567712,167825.79166928522
Nashville,"Nashville, TN",2005-04-01,169359.98025793533,0.4875137355913717,4.768392546867628,1.9849242022285107,4.308179689336589,7.242005890108261,168560.88253720023
Nashville,"Nashville, TN",2005-05-01,170253.45403508886,0.5275589757348653,4.920209629855221,2.2493656484861235,4.385338744169309,7.3508329590227905,169383.92234304475
Nashville,"Nashville, TN",2005-06-01,171361.45290268134,0.6507937673699837,5.186791742583297,2.388441445479317,4.199337035988049,7.428081253015906,170324.96239856852
Nashville,"Nashville, TN",2005-07-01,172721.6474949645,0.7937576212403208,5.626204314745675,2.278038156405593,3.732623182057293,7.404552256396846,171445.51814424488
Nashville,"Nashville, TN",2005-08-01,174083.07674551525,0.7882215520150337,6.069990253532698,2.088984202626998,3.2959468584888185,7.377162263979176,172722.05904772037
Nashville,"Nashville, TN",2005-09-01,175454.3208653845,0.7876952461460807,6.522450032562821,1.7686523644106833,2.9458478912353536,7.21596581290691,174086.34836862143
Nashville,"Nashville, TN",2005-10-01,176656.31252927217,0.6850738459783345,6.848448347173219,1.4221870617300292,2.8126520945045197,7.114964450117656,175397.9033800573
Nashville,"Nashville, TN",2005-11-01,177719.6447181761,0.6019214222688696,7.063045869841655,1.1822653200919797,2.840910659035556,6.970078958259718,176610.0927042776
Nashville,"Nashville, TN",2005-12-01,178557.49785983085,0.4714465544781943,7.18011037615558,1.1567368727743332,3.098622610154167,6.92538673036156,177644.48503575972
Nashville,"Nashville, TN",2006-01-01,179168.69574979282,0.3422975216878177,7.1873465391457,1.370967313028082,3.5398016185275605,6.85286898189732,178481.9461092666
Nashville,"Nashville, TN",2006-02-01,179820.76244466976,0.36394008012847756,7.1737494769998245,1.6392648787773467,3.950992782980589,6.720177625090562,179182.31868476447
Nashville,"Nashville, TN",2006-03-01,180622.93827667876,0.44609744787165173,7.170241537567712,1.91968008994019,4.147926321596795,6.535730722511923,179870.7988237138
Nashville,"Nashville, TN",2006-04-01,181625.0400037012,0.5548031366245487,7.242005890108261,2.1395024265697726,4.184613729892384,6.336155781204056,180689.58024168326
Nashville,"Nashville, TN",2006-05-01,182768.5010481749,0.6295723565706624,7.3508329590227905,2.2744437466764023,4.015102815371052,6.192524489176687,181672.15977618494
Nashville,"Nashville, TN",2006-06-01,184090.3208606411,0.7232207983791428,7.428081253015906,2.186276712888291,3.7117509655560488,5.969954478361883,182827.95397083904
Nashville,"Nashville, TN",2006-07-01,185510.9121418387,0.7716816802513904,7.404552256396846,2.0022726317791673,3.1998007641313775,5.656549660692045,184123.24468355157
Nashville,"Nashville, TN",2006-08-01,186925.46779115932,0.7625188367566649,7.377162263979176,1.7019491917316998,2.663933039957822,5.188584404654373,185508.90026454636
Nashville,"Nashville, TN",2006-09-01,188115.04467629865,0.6363910168026843,7.21596581290691,1.4928367112874374,2.2927046992197164,4.621159154721921,186850.47486976557
Nashville,"Nashville, TN",2006-10-01,189225.34636461863,0.5902248223849105,7.114964450117656,1.174021030565875,2.0651245652162364,3.945808369490944,188088.61961069223
Nashville,"Nashville, TN",2006-11-01,190106.84427937164,0.46584558130731146,6.970078958259718,0.9458853599871198,2.0933706883610848,3.2221440612414165,189149.07844009632
Nashville,"Nashville, TN",2006-12-01,190923.2951226812,0.42946946302981903,6.92538673036156,0.7881028985401439,2.1773844253731856,2.5244386714915024,190085.16192222384
Nashville,"Nashville, TN",2007-01-01,191446.89172610035,0.27424448288655423,6.85286898189732,0.8807631895752843,2.380575232093407,1.9451375876861965,190825.67704271773
Nashville,"Nashville, TN",2007-02-01,191905.03708774372,0.23930676414367635,6.720177625090562,1.136733136057888,2.459141482251548,1.5505745666841486,191425.0746455084
Nashville,"Nashville, TN",2007-03-01,192427.9671455314,0.27249418031096706,6.535730722511923,1.3784181732555911,2.2762663890340873,1.230287340834746,191926.63198645847
Nashville,"Nashville, TN",2007-04-01,193133.08547600987,0.366432354370394,6.336155781204056,1.4867175813288336,1.8426311752287372,0.9994529128953822,192488.69656976164
Nashville,"Nashville, TN",2007-05-01,194086.48523408428,0.4936491102622842,6.192524489176687,1.3075450483600815,1.105628470555553,0.568861890837602,193215.8459518752
Nashville,"Nashville, TN",2007-06-01,195080.42921509172,0.5121139577589195,5.969954478361883,0.8856403877244068,0.33965857324502746,-0.01581501617006209,194099.99997506195
Nashville,"Nashville, TN",2007-07-01,196004.42901314457,0.47365068949796196,5.656549660692045,0.35069968009819874,-0.42531275431895166,-0.8115617931644503,195057.11448744018
Nashville,"Nashville, TN",2007-08-01,196624.25346129865,0.3162298174968825,5.188584404654373,-0.1993105031892095,-0.8867602269776786,-1.5038933838270596,195903.03722984498
Nashville,"Nashville, TN",2007-09-01,196808.14028476668,0.09352194362137745,4.621159154721921,-0.5411888276478649,-1.0226996791422582,-2.011763932338495,196478.94091973663
Nashville,"Nashville, TN",2007-10-01,196691.815918672,-0.05910546480769607,3.945808369490944,-0.7733004721351855,-0.8279227005463019,-2.252268401941837,196708.06988824578
Nashville,"Nashville, TN",2007-11-01,196232.3606723329,-0.2335914405961148,3.2221440612414165,-0.6888226196177016,-0.5308968331810271,-2.386205735607805,196577.4389585905
Nashville,"Nashville, TN",2007-12-01,195743.036617644,-0.24935951084336105,2.5244386714915024,-0.4841309139116845,-0.35427028003649497,-2.5945018989215307,196222.40440288294
Nashville,"Nashville, TN",2008-01-01,195170.79717752163,-0.29234216961706583,1.9451375876861965,-0.05504791419145283,-0.3878988220093582,-2.70357740804682,195715.3981558328
Nashville,"Nashville, TN",2008-02-01,194880.66778501208,-0.1486541002574615,1.5505745666841486,0.15902116015782397,-0.622654610284834,-2.853970615098589,195264.83386005924
Nashville,"Nashville, TN",2008-03-01,194795.3840655485,-0.043762021360505,1.230287340834746,0.13049238786513317,-0.9992839267083942,-3.095165761528429,194948.9496760274
Nashville,"Nashville, TN",2008-04-01,195063.35972456457,0.13756776645481583,0.9994529128953822,-0.33303423621847683,-1.4362366304929486,-3.7167088426016015,194913.1371917084
Nashville,"Nashville, TN",2008-05-01,195190.56928384712,0.06521448182896794,0.568861890837602,-0.7804347141060153,-1.8652112498845463,-4.30222396611194,195016.43769132008
Nashville,"Nashville, TN",2008-06-01,195049.57721366672,-0.07223303395123004,-0.01581501617006209,-1.1283039637888126,-2.2481963102491176,-4.701528385235642,195101.16874069278
Nashville,"Nashville, TN",2008-07-01,194413.73195436376,-0.325991611151466,-0.8115617931644503,-1.106888712644416,-2.324696054648745,-4.854961260201862,194884.62615062585
Nashville,"Nashville, TN",2008-08-01,193667.23432249483,-0.3839737164472279,-1.5038933838270596,-1.0933090995236983,-2.2452964466534,-4.885338526411531,194376.8478301751
Nashville,"Nashville, TN",2008-09-01,192848.8251026116,-0.4225852776522987,-2.011763932338495,-1.132672333293594,-2.1170370457405774,-4.767080879896268,193643.26379315672
Nashville,"Nashville, TN",2008-10-01,192261.78829953013,-0.30440258205830517,-2.252268401941837,-1.2314379901201766,-2.3137024542775997,-4.62367982765941,192925.94924154552
Nashville,"Nashville, TN",2008-11-01,191549.8528268511,-0.3702948354822766,-2.386205735607805,-1.1647213516513988,-2.4833321060412694,-4.401853487922958,192220.15540966426
Nashville,"Nashville, TN",2008-12-01,190664.47981559255,-0.4622154484550167,-2.5945018989215307,-0.9956420747664896,-2.509756324060286,-4.109824364721348,191492.04031399125
Nashville,"Nashville, TN",2009-01-01,189894.20359792528,-0.4039956568796965,-2.70357740804682,-1.0957580450033921,-2.590486134518488,-3.775533856589408,190702.84541345632
Nashville,"Nashville, TN",2009-02-01,189318.83079191993,-0.3029965081101871,-2.853970615098589,-1.3341498829394949,-2.7006803599147644,-3.503082316516215,189959.1714018126
Nashville,"Nashville, TN",2009-03-01,188766.14403291384,-0.2919343821711773,-3.095165761528429,-1.5293410118746742,-2.7073596407109712,-3.213686325726073,189326.39280758635
Nashville,"Nashville, TN",2009-04-01,187813.4225850059,-0.5047099164889546,-3.7167088426016015,-1.5112881510130127,-2.364689246514462,-2.73627210901517,188632.79913661323
Nashville,"Nashville, TN",2009-05-01,186793.03383252712,-0.543299162772537,-4.30222396611194,-1.3850085671526347,-1.9673779091466947,-2.2834743876161023,187790.8668168156
Nashville,"Nashville, TN",2009-06-01,185879.26597568407,-0.4891873310769679,-4.701528385235642,-1.196314354896677,-1.641259658740546,-1.9929476097535703,186828.57413107235
Nashville,"Nashville, TN",2009-07-01,184975.0205834667,-0.48646920756382217,-4.854961260201862,-0.8664963522012292,-1.216562607742211,-1.8007772633455432,185882.4401305593
Nashville,"Nashville, TN",2009-08-01,184205.9343111023,-0.41577844940278164,-4.885338526411531,-0.590548489162146,-0.8246737588398112,-1.712823285333298,185020.07362341773
Nashville,"Nashville, TN",2009-09-01,183655.5656340404,-0.2987790155187908,-4.767080879896268,-0.4503326985615619,-0.520416223822584,-1.7579762100490726,184278.84017620314
Nashville,"Nashville, TN",2009-10-01,183372.2187776275,-0.15428166058277792,-4.62367982765941,-0.35312608014410607,-0.3805824548855141,-2.0517273229913813,183744.57290759007
Nashville,"Nashville, TN",2009-11-01,183118.10894908107,-0.13857596872653977,-4.401853487922958,-0.23551610648626653,-0.32244009364196247,-2.3175702516723518,183381.964453583
Nashville,"Nashville, TN",2009-12-01,182828.50456926212,-0.1581516877172895,-4.109824364721348,-0.07040056201172984,-0.35755637962913145,-2.5774848377787984,183106.27743199025
Nashville,"Nashville, TN",2010-01-01,182724.6836493848,-0.056785959127070296,-3.775533856589408,-0.027553673950153623,-0.5914095227153027,-2.9919947434509986,182890.43238924266
Nashville,"Nashville, TN",2010-02-01,182686.83630861292,-0.02071276853021775,-3.503082316516215,-0.08712919043262213,-0.8955347667158775,-3.4818883432835124,182746.67484241995
Nashville,"Nashville, TN",2010-03-01,182699.79227452772,0.007091898998634605,-3.213686325726073,-0.28735811934840205,-1.2440341417299439,-3.9229903729820492,182703.77074417516
Nashville,"Nashville, TN",2010-04-01,182674.3362858256,-0.013933233522167576,-2.73627210901517,-0.5640112545872822,-1.6775292501073569,-4.14294114211552,182686.98828965542
Nashville,"Nashville, TN",2010-05-01,182527.66274711027,-0.08029236164067699,-2.2834743876161023,-0.8091105477532223,-2.001584067572193,-4.245458312783423,182633.93043582118
Nashville,"Nashville, TN",2010-06-01,182174.7895873942,-0.19332585231477406,-1.9929476097535703,-0.9594330310961019,-2.2278944368399944,-4.275371200046929,182458.92954011002
Nashville,"Nashville, TN",2010-07-01,181644.0324699309,-0.29134498723197844,-1.8007772633455432,-1.119833985229468,-2.4148669739807227,-4.316013027441623,182115.4949348118
Nashville,"Nashville, TN",2010-08-01,181050.81217525597,-0.32658397119275095,-1.712823285333298,-1.2022006521002715,-2.6097245673840863,-4.3801760447714555,181623.2114108604
Nashville,"Nashville, TN",2010-09-01,180426.9444817629,-0.34458154923334705,-1.7579762100490726,-1.2807493379376145,-2.712703185037779,-4.462991684398276,181040.59637564994
Nashville,"Nashville, TN",2010-10-01,179609.9208621914,-0.45282794203396204,-2.0517273229913813,-1.309699448277435,-2.507475527419911,-4.383796734540457,180362.5591730701
Nashville,"Nashville, TN",2010-11-01,178874.2181306522,-0.4096114112224658,-2.3175702516723518,-1.4246510798559986,-2.2897046078361405,-4.229411778269643,179637.02782486883
Nashville,"Nashville, TN",2010-12-01,178116.12758485167,-0.42381208075880084,-2.5774848377787984,-1.4505315199383473,-2.094131809286115,-3.9081828584355716,178866.75552589842
Nashville,"Nashville, TN",2011-01-01,177257.57071960773,-0.4820208461105979,-2.9919947434509986,-1.2136715284545407,-1.9481923060493123,-3.4502484815885692,178082.6388117039
Nashville,"Nashville, TN",2011-02-01,176325.8846504699,-0.5256114395314593,-3.4818883432835124,-0.8775556337933255,-1.817893490415623,-2.9014964084844053,177233.19431830978
Nashville,"Nashville, TN",2011-03-01,175532.4970121398,-0.4499552858633571,-3.9229903729820492,-0.6530733237571806,-1.7990925399947177,-2.3310641177685776,176371.9841274058
Nashville,"Nashville, TN",2011-04-01,175106.24605175367,-0.24283307515226005,-4.14294114211552,-0.7435449712116182,-1.9245795688142886,-1.8623523669338282,175654.8759047878
Nashville,"Nashville, TN",2011-05-01,174778.5269158838,-0.1871544523734614,-4.245458312783423,-0.9486629013588876,-1.9851615048838034,-1.4911908007095187,175139.08999325908
Nashville,"Nashville, TN",2011-06-01,174386.14109962864,-0.22450459056906347,-4.275371200046929,-1.1535527615990082,-1.852852216800538,-1.0129753140022402,174756.97135575538
Nashville,"Nashville, TN",2011-07-01,173804.2523649584,-0.33367831354086386,-4.316013027441623,-1.1898819046681886,-1.5319005440752487,-0.33923524074482847,174322.97346015694
Nashville,"Nashville, TN",2011-08-01,173120.46787149124,-0.3934221885614875,-4.3801760447714555,-1.0464256555090423,-1.1036663976678907,0.43392176255676596,173770.2871120261
Nashville,"Nashville, TN",2011-09-01,172374.50495312794,-0.430892388135784,-4.462991684398276,-0.7074603839983706,-0.5417175783131278,1.2321534598811246,173099.74172985918
Nashville,"Nashville, TN",2011-10-01,171736.18701652394,-0.37030878596435723,-4.383796734540457,-0.34613726407763945,0.06344831519138339,1.9015030061261262,172410.38661371436
Nashville,"Nashville, TN",2011-11-01,171308.89088074668,-0.2488096092037595,-4.229411778269643,-0.05784605815205568,0.5039754304129174,2.505829843797436,171806.52761679952
Nashville,"Nashville, TN",2011-12-01,171155.02361847126,-0.08981860864567537,-3.9081828584355716,0.1669237249104727,0.8557323587777832,2.861919760671383,171400.03383858062
Nashville,"Nashville, TN",2012-01-01,171141.74407735368,-0.007758779635458346,-3.4502484815885692,0.41100823191813074,1.2112199889308117,3.2411579801888246,171201.88619219055
Nashville,"Nashville, TN",2012-02-01,171209.79544010817,0.03976315838158939,-2.9014964084844053,0.5621466682535825,1.5547473846779791,3.6529029037554395,171168.85437864438
Nashville,"Nashville, TN",2012-03-01,171440.7219592666,0.1348792681895583,-2.3310641177685776,0.6876607649037858,1.7835327486084518,4.052867612091093,171264.0871589095
Nashville,"Nashville, TN",2012-04-01,171845.15073375986,0.2359000649736709,-1.8623523669338282,0.7969362832852322,1.8368892156754635,4.40010709814469,171498.5560443782
Nashville,"Nashville, TN",2012-05-01,172172.24560089852,0.19034279742080606,-1.4911908007095187,0.9870520362884605,1.9918161493726716,4.827647152214709,171819.37276464165
Nashville,"Nashville, TN",2012-06-01,172619.6525392483,0.25986008185481246,-1.0129753140022402,1.0883875694196687,1.9891654693031446,5.2096410305233265,172212.34962463556
Nashville,"Nashville, TN",2012-07-01,173214.6470910234,0.3446852910562015,-0.33923524074482847,1.031730696127009,2.0056452155008397,5.371666640987649,172668.84841039006
Nashville,"Nashville, TN",2012-08-01,173871.67525702575,0.3793144384938163,0.43392176255676596,0.9949435029781517,2.066033910881493,5.474717280692132,173235.32496243247
Nashville,"Nashville, TN",2012-09-01,174498.42337986088,0.3604659136737576,1.2321534598811246,0.8910795013570505,2.229569756718508,5.596201948627755,173861.58190930335
Nashville,"Nashville, TN",2012-10-01,175001.75577524953,0.28844523958417856,1.9015030061261262,0.963968955756167,2.5169836806785195,5.884561381087727,174457.28480404537
Nashville,"Nashville, TN",2012-11-01,175601.6001935148,0.34276480004900023,2.505829843797436,1.0605386475331269,2.7804495594909273,6.076749880867061,175033.92644954173
Nashville,"Nashville, TN",2012-12-01,176053.34306079007,0.2572544138421451,2.861919760671383,1.3266685835623848,3.1576643915078195,6.378796777235474,175552.23300985145
Nashville,"Nashville, TN",2013-01-01,176688.71837295117,0.3608993167154573,3.2411579801888246,1.5381870789993535,3.2998383749993643,6.539468412628202,176114.55387575203
Nashville,"Nashville, TN",2013-02-01,177463.92302925364,0.4387403244762833,3.6529029037554395,1.70186200763911,3.3396843584486913,6.605784158628136,176735.32815433163
Nashville,"Nashville, TN",2013-03-01,178388.98745348887,0.5212690041134449,4.052867612091093,1.8070226067241624,3.293207826190625,6.534434736664307,177513.8762852312
Nashville,"Nashville, TN",2013-04-01,179406.52140901345,0.5704017776264836,4.40010709814469,1.7349642993225833,3.284897369687134,6.387682031016495,178419.8106305853
Nashville,"Nashville, TN",2013-05-01,180484.1141125544,0.6006429950694114,4.827647152214709,1.6104153045757963,3.2071277519254204,6.30077480754736,179426.5409916856
Nashville,"Nashville, TN",2013-06-01,181612.51678467976,0.6252088598898142,5.2096410305233265,1.459806191570423,3.122533264714744,6.22274412549757,180501.0507687492
Nashville,"Nashville, TN",2013-07-01,182519.16050611637,0.4992187419061711,5.371666640987649,1.5235008740990708,3.136142406988407,6.3486255629494615,181538.5971344502
Nashville,"Nashville, TN",2013-08-01,183390.65790855105,0.47748269278582445,5.474717280692132,1.5714062801175377,3.1605474900140873,6.380990748445869,182507.4450664491
Nashville,"Nashville, TN",2013-09-01,184263.70754936937,0.4760600407757387,5.596201948627755,1.6388037150444346,3.1378896818923696,6.420293349829809,183391.1753213456
Nashville,"Nashville, TN",2013-10-01,185299.84151182533,0.5623103845223243,5.884561381087727,1.5884416110602873,3.004102962143218,6.323288501979696,184318.06898991522
Nashville,"Nashville, TN",2013-11-01,186272.47022407487,0.5248945192365184,6.076749880867061,1.5645556836280994,2.9975129848182736,6.4587390309565285,185278.67309508985
Nashville,"Nashville, TN",2013-12-01,187283.42803416704,0.5427306616356375,6.378796777235474,1.4749150049530257,3.0063369882745272,6.651120782543463,186285.24659002243
Nashville,"Nashville, TN",2014-01-01,188243.2212996279,0.5124816837962731,6.539468412628202,1.3935260041717301,3.114798635074223,7.020869635748883,187266.37318595662
Nashville,"Nashville, TN",2014-02-01,189186.8067440001,0.5012586577395339,6.605784158628136,1.410883247157435,3.121777982754037,7.474835585775685,188237.81869259835
Nashville,"Nashville, TN",2014-03-01,190045.69941603337,0.45399184373120516,6.534434736664307,1.5091631101605163,3.182539101838655,7.9400616006409575,189158.5758198871
Nashville,"Nashville, TN",2014-04-01,190866.43953952877,0.4318646125733627,6.387682031016495,1.6976159117216838,3.222381870609925,8.278740492794068,190032.98189985406
Nashville,"Nashville, TN",2014-05-01,191856.0117061833,0.5184631562478392,6.30077480754736,1.687091839469379,3.36049477878988,8.499073097188493,190922.71688724848
Nashville,"Nashville, TN",2014-06-01,192913.7990040667,0.5513443589681977,6.22274412549757,1.6484974758999238,3.538407345446948,8.741628062680483,191878.75008325963
Nashville,"Nashville, TN",2014-07-01,194106.61858728845,0.6183173984337875,6.3486255629494615,1.4993133764431787,3.7880799384561126,9.100892061973909,192958.80976584615
Nashville,"Nashville, TN",2014-08-01,195092.7988232097,0.5080611073948527,6.380990748445869,1.6456394897813365,4.2212786553676995,9.658711798361818,194037.73880485495
Nashville,"Nashville, TN",2014-09-01,196093.9781113114,0.5131810574971141,6.420293349829809,1.8592600151272398,4.610782541517744,10.290709977840184,195097.79850726985
Nashville,"Nashville, TN",2014-10-01,197016.8850843292,0.4706452395462746,6.323288501979696,2.2549576798852833,4.89850992638623,11.016108857213869,196067.88733961678
Nashville,"Nashville, TN",2014-11-01,198303.3229623641,0.6529581855302613,6.4587390309565285,2.5339396539930226,4.971510952415703,11.542045141980829,197138.06205266822
Nashville,"Nashville, TN",2014-12-01,199739.87503840736,0.7244215853689617,6.651120782543463,2.7012983659825185,5.025401540003838,11.968076901810033,198353.36102836687
Nashville,"Nashville, TN",2015-01-01,201459.53246520905,0.8609484843579818,7.020869635748883,2.5852558218025345,5.11890394992196,12.09445860210472,199834.24348866017
Nashville,"Nashville, TN",2015-02-01,203328.2094980933,0.9275694279728075,7.474835585775685,2.377331161416807,5.2172005689685275,12.022403367920598,201509.2056672366
Nashville,"Nashville, TN",2015-03-01,205135.44501903537,0.8888267522756177,7.9400616006409575,2.2629735076369117,5.429581251883087,11.857012540356093,203307.72899411258
Nashville,"Nashville, TN",2015-04-01,206667.77675684204,0.7469853577301011,8.278740492794068,2.4697975433434216,5.831921668973861,11.90581285857375,205043.81042465693
Nashville,"Nashville, TN",2015-05-01,208161.99438244232,0.7230046449661742,8.499073097188493,2.7739240467932635,6.259349922612434,11.989837583068885,206655.07205277323
Nashville,"Nashville, TN",2015-06-01,209777.6057945892,0.7761317895420561,8.741628062680483,3.096534000167428,6.61047257140146,12.094149738250849,208202.45897795784
Nashville,"Nashville, TN",2015-07-01,211772.05243006497,0.9507433493300077,9.100892061973909,3.281087897346846,6.635870799704935,11.98649112812018,209903.8842023655
Nashville,"Nashville, TN",2015-08-01,213936.25000090135,1.0219467328207,9.658711798361818,3.3913523378091837,6.467766450877344,11.824059191647374,211828.63607518515
Nashville,"Nashville, TN",2015-09-01,216273.44068275587,1.092470622367503,10.290709977840184,3.408396417311499,6.096421148744913,11.667484996676492,213993.91437124074
Nashville,"Nashville, TN",2015-10-01,218720.47961231085,1.1314560501880955,11.016108857213869,3.2482063954365703,5.739186337935065,11.608692739896377,216310.0567653227
Nashville,"Nashville, TN",2015-11-01,221191.5820167282,1.1297992802491441,11.542045141980829,2.9755042791360653,5.392925577495,11.640178881502905,218728.5007705983
Nashville,"Nashville, TN",2015-12-01,223644.8968865832,1.109135730883959,11.968076901810033,2.599425989148618,5.143657123531398,11.666936390921334,221185.65283854073
Nashville,"Nashville, TN",2016-01-01,225824.97221920747,0.9747932382869529,12.09445860210472,2.4126132835258662,5.0176552114113315,11.658839542539944,223553.8170408396
Nashville,"Nashville, TN",2016-02-01,227773.1470047247,0.8626923614214688,12.022403367920598,2.3475692741508736,5.030905521288798,11.606509070615779,225747.67203683846
Nashville,"Nashville, TN",2016-03-01,229458.38045965767,0.7398736317666188,11.857012540356093,2.4797713143657196,5.250944176638228,11.711121315200712,227685.49989452996
Nashville,"Nashville, TN",2016-04-01,231273.25549648664,0.7909386587638956,11.90581285857375,2.5436729367245947,5.550928284243439,11.792640581838953,229501.59432028967
Nashville,"Nashville, TN",2016-05-01,233120.27941857415,0.7986327334400967,11.989837583068885,2.621787958588695,5.927583155867855,11.791553236261642,231283.97179157284
Nashville,"Nashville, TN",2016-06-01,235148.4235567044,0.8699990164685145,12.094149738250849,2.7041169459401937,6.204158620548905,11.516428650963494,233180.65282392173
Nashville,"Nashville, TN",2016-07-01,237156.0907064327,0.8537872035719429,11.98649112812018,2.9326581166782217,6.323874131220353,11.204879569960259,235141.59789390373
Nashville,"Nashville, TN",2016-08-01,239232.19883339864,0.8754184304445634,11.824059191647374,3.221338531553508,6.260636825600052,10.954134633269508,237178.90436551193
Nashville,"Nashville, TN",2016-09-01,241507.11192621244,0.9509226199095666,11.667484996676492,3.407888387230873,6.137880461880374,10.712742934942288,239298.46715534793
Nashville,"Nashville, TN",2016-10-01,244111.0680497317,1.078210949048497,11.608692739896377,3.29459675538355,5.913460354215849,10.406800463076271,241616.79293644757
Nashville,"Nashville, TN",2016-11-01,246938.6778343016,1.1583292011953628,11.640178881502905,2.944447666814032,5.535829201130005,10.007272991612481,244185.6192700819
Nashville,"Nashville, TN",2016-12-01,249737.4047478825,1.1333691984286354,11.666936390921334,2.6400230361793176,5.0019416371391845,9.670757496517158,246929.05021063858
Nashville,"Nashville, TN",2017-01-01,252153.5433772303,0.9674716656028925,11.658839542539944,2.535334549041446,4.59069562562775,9.534179380553631,249609.8753198048
Nashville,"Nashville, TN",2017-02-01,254209.6579722551,0.8154216543960313,11.606509070615779,2.5172620700274484,4.416967512977221,9.578115072875605,252033.5353657893
Nashville,"Nashville, TN",2017-03-01,256330.529763183,0.8343002417159795,11.711121315200712,2.301167255318437,4.310301329886634,9.608247707767026,254231.2437042228
Nashville,"Nashville, TN",2017-04-01,258546.47927910544,0.8644891102006724,11.792640581838953,2.0045392991849598,4.242463699923449,9.444725777356933,256362.2223381812
Nashville,"Nashville, TN",2017-05-01,260608.7812707372,0.7976523205351693,11.791553236261642,1.8530590893581556,4.236896440128235,9.272433825812666,258495.2634376752
Nashville,"Nashville, TN",2017-06-01,262229.1239794777,0.6217529205422956,11.516428650963494,1.9639405184438186,4.446409072617197,9.086543754760568,260461.46150977342
Nashville,"Nashville, TN",2017-07-01,263729.1450629142,0.5720268827019703,11.204879569960259,2.1939458931083067,4.726504327517422,8.995683096743434,262189.016771043
Nashville,"Nashville, TN",2017-08-01,265438.0159797401,0.6479643789154554,10.954134633269508,2.340467112213762,4.942824602962115,8.733846779945488,263798.761674044
Nashville,"Nashville, TN",2017-09-01,267379.1479964709,0.7312938990920337,10.712742934942288,2.4346534093828254,5.079025091803135,8.313124183924225,265515.4363463751
Nashville,"Nashville, TN",2017-10-01,269515.2198099516,0.7988924452361879,10.406800463076271,2.4781883234630264,4.9905402201629645,7.712984049962368,267444.1279287209
Nashville,"Nashville, TN",2017-11-01,271650.50544705865,0.7922690372041741,10.007272991612481,2.542843084637214,4.830858897047796,7.08157635173543,269514.95775116043
Nashville,"Nashville, TN",2017-12-01,273888.9035391458,0.8239992369619697,9.670757496517158,2.5815206030443516,4.442598576000134,6.497050011283623,271684.87626538536
Nashville,"Nashville, TN",2018-01-01,276194.31451723754,0.8417321579303305,9.534179380553631,2.4515967132146654,4.0765026930286385,5.93653974022621,273911.241167814
Nashville,"Nashville, TN",2018-02-01,278558.1515392012,0.8558601309717195,9.578115072875605,2.2312779162189544,3.612464397948334,5.4730917666669265,276213.7898651948
Nashville,"Nashville, TN",2018-03-01,280959.4020134611,0.8620284349933893,9.608247707767026,1.814242918232356,3.0777779764282975,5.026467806853985,278570.62268996664
Nashville,"Nashville, TN",2018-04-01,282965.4852540279,0.7140117846886174,9.444725777356933,1.5860230898718575,2.5930372623004905,4.638952084320591,280827.67960223
Nashville,"Nashville, TN",2018-05-01,284773.55805832316,0.6389729131353716,9.272433825812666,1.3510410022080421,2.146998964205804,4.22292198619032,282899.4817752707
Nashville,"Nashville, TN",2018-06-01,286056.68806759827,0.4505790558729794,9.086543754760568,1.241019941788224,1.967062734262126,3.9515846087932793,284598.57712664973
Nashville,"Nashville, TN",2018-07-01,287453.38318652473,0.48825815902491243,8.995683096743434,0.991292051602155,1.787182504281204,3.7079787216032667,286094.5431041487
Nashville,"Nashville, TN",2018-08-01,288620.9655911378,0.40618147946982486,8.733846779945488,0.7853475939930465,1.7957563112990016,3.627044843084448,287377.01228175365
Nashville,"Nashville, TN",2018-09-01,289606.7086113361,0.34153548692461566,8.313124183924225,0.7171429059993351,1.8905043052745096,3.6818920005933675,288560.3524629995
Nashville,"Nashville, TN",2018-10-01,290302.8857261142,0.24038708154114907,7.712984049962368,0.7880782951785514,1.994204359881957,3.888372671693796,289510.1866428627
Nashville,"Nashville, TN",2018-11-01,290887.64340016735,0.20143019680651797,7.08157635173543,1.0025353302111961,2.032289781427621,4.174368385508265,290265.74591253925
Nashville,"Nashville, TN",2018-12-01,291683.60257744044,0.2736311408656489,6.497050011283623,1.1650066368247503,1.9462381491786696,4.404101628601342,290958.0439012407
Nashville,"Nashville, TN",2019-01-01,292590.6997587987,0.31098669014739677,5.93653974022621,1.1966951698106687,1.887070817822556,4.7772142868063305,291720.6485788021
Nashville,"Nashville, TN",2019-02-01,293803.8947964728,0.41463896107232223,5.4730917666669265,1.0195332699815873,1.7989831778303378,5.084772172506091,292692.73237757065
Nashville,"Nashville, TN",2019-03-01,295081.73590599716,0.43492994209950453,5.026467806853985,0.7722349242347049,1.7581497977001703,5.367835194565362,293825.4434870896
Nashville,"Nashville, TN",2019-04-01,296092.1185301275,0.3424077132487158,4.638952084320591,0.682211654099385,1.8571332789933281,5.5402361116141385,294992.5830775325
Nashville,"Nashville, TN",2019-05-01,296799.32325242454,0.23884618267036029,4.22292198619032,0.7715833588001431,2.0994124592022656,5.528459631317406,295991.0592295164
Nashville,"Nashville, TN",2019-06-01,297360.46012570127,0.18906271993062163,3.9515846087932793,0.978359638651205,2.410940829249686,5.489818294790183,296750.6339694178
Nashville,"Nashville, TN",2019-07-01,298112.0934696098,0.252768422402494,3.7079787216032667,1.1669604844701587,2.8366145437152213,5.4673531136315345,297423.9589492452
Nashville,"Nashville, TN",2019-08-01,299089.3774396717,0.32782432899238767,3.627044843084448,1.3176622378496816,3.227722804397626,5.700387945850194,298187.31034499424
Nashville,"Nashville, TN",2019-09-01,300269.7148488786,0.394643707948128,3.6818920005933675,1.4187011907550895,3.5473182286051896,6.257378007695635,299157.0619193867
Nashville,"Nashville, TN",2019-10-01,301590.9437998269,0.4400140559007948,3.888372671693796,1.6503946063511021,3.6159498250677657,6.977607605037939,300316.67869612575
Nashville,"Nashville, TN",2019-11-01,303030.365223614,0.4772760765463957,4.174368385508265,1.8852197379603641,3.3585376149792623,7.790068375756332,301630.3412907732
Nashville,"Nashville, TN",2019-12-01,304529.64486891654,0.49476218140587225,4.404101628601342,2.098840759009968,3.0063950595609956,8.513487092807637,303050.31796411914
Nashville,"Nashville, TN",2020-01-01,306568.38446954265,0.6694716376475229,4.7772142868063305,1.9336424873985125,2.558173060819713,9.017149407064885,304709.4648540244
Nashville,"Nashville, TN",2020-02-01,308743.1534808229,0.7093911575530853,5.084772172506091,1.4460565338212383,2.395349886907727,9.622550865447321,306613.7276064274
Nashville,"Nashville, TN",2020-03-01,310921.2371786937,0.7054678535587611,5.367835194565362,0.8888977522214736,2.6172187029579463,10.36437505054193,308744.25837635313
Nashville,"Nashville, TN",2020-04-01,312496.321004577,0.5065861181357878,5.5402361116141385,0.612683465616759,3.2443439312630495,11.469579324111479,310720.2372213646
Nashville,"Nashville, TN",2020-05-01,313207.7540244581,0.22766124656894426,5.528459631317406,0.935761709741767,4.287532373266489,13.122297070562961,312208.43740257627
Nashville,"Nashville, TN",2020-06-01,313685.0090671543,0.15237650938197955,5.489818294790183,1.7130933028737694,5.346359349885299,15.244527793446029,313129.6946987298
Nashville,"Nashville, TN",2020-07-01,314410.9342940327,0.23141852683274955,5.4673531136315345,2.61563490307426,6.297866033957944,17.433699545263327,313767.89912854834
Nashville,"Nashville, TN",2020-08-01,316138.63225856115,0.5495031425696961,5.700387945850194,3.32069685386962,7.058133974366809,18.883365761126036,314744.85853991605
Nashville,"Nashville, TN",2020-09-01,319058.7259496027,0.9236750567875207,6.257378007695635,3.572073101928641,7.549567651028788,19.468307971396513,316536.09750073217
Nashville,"Nashville, TN",2020-10-01,322634.7764305093,1.1208126247803651,6.977607605037939,3.5883724096837266,7.966766100353673,19.770523524604688,319277.37821289105
Nashville,"Nashville, TN",2020-11-01,326636.63787383767,1.240368904928113,7.790068375756332,3.617316989047392,8.471544484986971,20.296537253995382,322776.7134179832
Nashville,"Nashville, TN",2020-12-01,330455.7368786047,1.1692194205850548,8.513487092807637,3.840315666160099,9.395833424756606,21.169612942821846,326575.7170609839
Nashville,"Nashville, TN",2021-01-01,334212.11373198644,1.1367261736362932,9.017149407064885,4.22672312424579,10.476064973635424,22.443336084170305,330434.8294948096
Nashville,"Nashville, TN",2021-02-01,338452.1204681012,1.2686574070486678,9.622550865447321,4.684764706320932,11.045617318148459,23.869900112902066,334373.3236928974
Nashville,"Nashville, TN",2021-03-01,343146.28031167854,1.386949455977704,10.36437505054193,5.35005861929112,11.082090407876887,25.31196177345447,338603.5048372554
Nashville,"Nashville, TN",2021-04-01,348338.334427127,1.5130731158538246,11.469579324111479,5.995911280775812,10.932769268350206,26.605247450179892,343312.2450689689
Nashville,"Nashville, TN",2021-05-01,354307.8059555856,1.7136992798326256,13.122297070562961,6.076197075736878,10.901469897153593,27.21215844709455,348597.473564797
Nashville,"Nashville, TN",2021-06-01,361504.80745827034,2.031285052632148,15.244527793446029,5.440938395013073,10.762548398301973,26.91315884974712,354716.9826136609
Nashville,"Nashville, TN",2021-07-01,369224.39191630966,2.1354029873946967,17.433699545263327,4.657592852329007,10.83245598346647,25.43737439734377,361679.00177672185
Nashville,"Nashville, TN",2021-08-01,375836.2465001664,1.7907415459581744,18.883365761126036,4.548874256843449,11.548661806266281,23.449436281173398,368855.14862491546
Nashville,"Nashville, TN",2021-09-01,381174.0613270854,1.420250142615398,19.468307971396513,5.047005541009675,12.810230085991003,21.144278914587012,375411.56658118713
Nashville,"Nashville, TN",2021-10-01,386421.3608032589,1.3766150450806203,19.770523524604688,5.900062253342808,14.127906735941487,18.71998195609774,381143.8895435036
Nashville,"Nashville, TN",2021-11-01,392932.56476509915,1.685001043499601,20.296537253995382,6.695229957451843,14.707369131416348,15.917815421784564,386842.66229848115
Nashville,"Nashville, TN",2021-12-01,400411.93732315506,1.9034748526193468,21.169612942821846,7.390238784056158,14.581291858117563,12.988016474109209,393255.2876305044
Nashville,"Nashville, TN",2022-01-01,409220.4616508656,2.19986556509717,22.443336084170305,7.769442536223781,13.177474309561443,9.793624763264507,400854.98791304
Nashville,"Nashville, TN",2022-02-01,419240.3035538359,2.4485192804261313,23.869900112902066,7.509369610206207,10.668684215661827,6.6366545368601315,409624.23417595215
Nashville,"Nashville, TN",2022-03-01,430003.33561120153,2.567270361682561,25.31196177345447,6.696188736968356,7.387671155570974,3.6878877839890967,419488.033605301
Nashville,"Nashville, TN",2022-04-01,441014.61026529927,2.560741683188672,26.605247450179892,5.018149529278593,4.023621699100266,1.142102913772347,430086.0831434455
Nashville,"Nashville, TN",2022-05-01,450722.6075026439,2.201286989450213,27.21215844709455,2.9386411778901333,1.0552471907724126,-0.8730824677461779,440580.1844597149
Nashville,"Nashville, TN",2022-06-01,458797.1705389871,1.79147060784961,26.91315884974712,0.6480853972275158,-1.3905196547978171,-2.325861303608512,450178.1294356434
Nashville,"Nashville, TN",2022-07-01,463145.3828543772,0.9477417461581039,25.43737439734377,-0.9470056696257667,-2.9898613367545956,-3.079996316057998,457555.05363200273
Nashville,"Nashville, TN",2022-08-01,463967.7276447767,0.17755651267239436,23.449436281173398,-1.829627791436439,-3.6433338910440205,-3.098644655894167,461970.0936793803
Nashville,"Nashville, TN",2022-09-01,461770.5680041433,-0.4735587218073878,21.144278914587012,-2.0254782234352287,-3.44525896852913,-2.5610540785862224,462961.22616776574
Nashville,"Nashville, TN",2022-10-01,458759.3698201363,-0.652098334682083,18.71998195609774,-2.0623865850185497,-2.770061970792581,-1.8216324871477285,461499.2218230188
Nashville,"Nashville, TN",2022-11-01,455478.84515649173,-0.7150861387159702,15.917815421784564,-1.8475086309689748,-1.9081935002130956,-1.054648660242219,458669.5943269238
Nashville,"Nashville, TN",2022-12-01,452417.50570698624,-0.6721145190516364,12.988016474109209,-1.4491326105492863,-0.948531161036803,-0.3963343428469157,455551.9068945381
Nashville,"Nashville, TN",2023-01-01,449297.97811945016,-0.6895240675228176,9.793624763264507,-0.7225777319848192,-0.09291294760055413,0.3111879834231557,452398.10966097604
Nashville,"Nashville, TN",2023-02-01,447063.8341799877,-0.4972521685527087,6.6366545368601315,-0.06182713082234503,0.5652844345340302,1.0136590155624514,449593.10600214143
Nashville,"Nashville, TN",2023-03-01,445861.37609595264,-0.26896787261726507,3.6878877839890967,0.5079624997456511,0.9157550219669908,1.7308046516691045,447407.7294651302
Nashville,"Nashville, TN",2023-04-01,446051.450979301,0.042630937223742116,1.142102913772347,0.634247717154035,0.975450054652871,2.1359017810653746,446325.5537517471
Nashville,"Nashville, TN",2023-05-01,446787.4274383699,0.16499810895200806,-0.8730824677461779,0.6274995303118924,0.8701489659819206,2.2657797303389238,446233.4181712079
Nashville,"Nashville, TN",2023-06-01,448126.18468737,0.29964076130697403,-2.325861303608512,0.40573155805676553,0.557484734615743,1.9943760057754556,446988.354368347
Nashville,"Nashville, TN",2023-07-01,448880.5221244697,0.16833147958670303,-3.079996316057998,0.3390519085091359,0.40447674228734076,1.7802085304649884,447931.3780834032
Nashville,"Nashville, TN",2023-08-01,449591.0164470382,0.1582813883761025,-3.098644655894167,0.24113630647946138,0.4458542364291773,1.5423562431202242,448865.9077529593
Nashville,"Nashville, TN",2023-09-01,449944.3740385624,0.07859534078697994,-2.5610540785862224,0.1511399540685021,0.807653502195671,1.4392313123784195,449471.9708700234
Nashville,"Nashville, TN",2023-10-01,450402.4601016585,0.10180948791167488,-1.8216324871477285,0.06520375918823706,1.1492414500598125,1.3660743835304467,449979.28352908633
Nashville,"Nashville, TN",2023-11-01,450675.1436183621,0.060542190786883054,-1.054648660242219,0.20422546819880427,1.3835914575953234,1.3846075993062312,450340.65925286105
Nashville,"Nashville, TN",2023-12-01,450624.41975881805,-0.011255082571626218,-0.3963343428469157,0.6555227912815376,1.4289252311270983,1.5585691717887595,450567.3411596129
Nashville,"Nashville, TN",2024-01-01,450696.1394371211,0.015915621781315004,0.3111879834231557,1.0833313181276782,1.3701896895581767,1.769317006977933,450665.2342714337
Nashville,"Nashville, TN",2024-02-01,451595.5370404723,0.19955742342823157,1.0136590155624514,1.1769623325623257,1.091634906215333,1.7260470688849727,450972.0320788038
Nashville,"Nashville, TN",2024-03-01,453578.36553341727,0.439071764512855,1.7308046516691045,0.7683656280334406,0.6265177178923276,1.2908399702616924,451956.6806703369
Nashville,"Nashville, TN",2024-04-01,455578.67186523584,0.4410056748333169,2.1359017810653746,0.28378404994162665,0.21436931247544866,0.7664416544252761,453584.1914797085
Nashville,"Nashville, TN",2024-05-01,456910.6464069712,0.2923698197463853,2.2657797303389238,-0.0843348370813013,0.0010022743288873315,0.3423287012616738,455355.89460187475
Nashville,"Nashville, TN",2024-06-01,457063.5057903719,0.03345498394549118,1.9943760057754556,-0.14076631019770414,0.12781752381407774,0.11862676227207825,456517.6080208596
Nashville,"Nashville, TN",2024-07-01,456871.53147092526,-0.042001673074876233,1.7802085304649884,-0.06921830695140185,0.3937324361748429,-0.05850660199167024,456948.5612227561
Nashville,"Nashville, TN",2024-08-01,456525.31155771675,-0.07578058367826435,1.5423562431202242,0.08540914107018072,0.6275614824690301,-0.1408655219257704,456820.1162730046
Nashville,"Nashville, TN",2024-09-01,456420.1143580105,-0.023043015807222567,1.4392313123784195,0.2689624425179282,0.6601860696718198,-0.11923458504381479,456605.6524622175
Nashville,"Nashville, TN",2024-10-01,456555.29273189814,0.029617093908695935,1.3660743835304467,0.4632714117540626,0.5508913998435006,-0.12125862479596128,456500.23954920843
Nashville,"Nashville, TN",2024-11-01,456915.22590508615,0.07883671023376504,1.3846075993062312,0.5416896888883027,0.3413230059399197,-0.14708944873190744,456630.21099833166
Nashville,"Nashville, TN",2024-12-01,457647.71304573095,0.16031138800285394,1.5585691717887595,0.390174205081828,-0.009179029134254169,-0.2942040155518577,457039.41056090506
Nashville,"Nashville, TN",2025-01-01,458670.3828819751,0.22346224117193447,1.769317006977933,0.08721594156566592,-0.4504654097346572,-0.504959359695778,457744.44061093073
Nashville,"Nashville, TN",2025-02-01,459390.2885707747,0.1569549104688761,1.7260470688849727,-0.19928716492471077,-0.7636347269814991,,458569.46149949357
Nashville,"Nashville, TN",2025-03-01,459433.3363721823,0.009370638099803763,1.2908399702616924,-0.397801116870522,-0.774308776039967,,459164.6692749774
Nashville,"Nashville, TN",2025-04-01,459070.41657508846,-0.07899291765799399,0.7664416544252761,-0.5372128160845646,-0.6684674947004088,,459298.0138393485
Nashville,"Nashville, TN",2025-05-01,458474.78268874256,-0.1297478262244911,0.3423287012616738,-0.5654744801165901,-0.4867510613178916,,458992.84521200444
Nashville,"Nashville, TN",2025-06-01,457605.70542881824,-0.18955835582222802,0.11862676227207825,-0.3780113927115525,-0.2850511513458276,,458383.6348975498
Nashville,"Nashville, TN",2025-07-01,456604.2314623943,-0.2188508479118445,-0.05850660199167024,-0.1319636040091443,-0.054740537146069634,,457561.5731933184
Nashville,"Nashville, TN",2025-08-01,455882.22479486774,-0.1581252686192025,-0.1408655219257704,0.07917111122832665,,,456697.3872286934
Nashville,"Nashville, TN",2025-09-01,455875.90372859925,-0.001386556861548982,-0.11923458504381479,0.09331297504224789,,,456120.7866619537
Nashville,"Nashville, TN",2025-10-01,456001.68006249826,0.027590037742797335,-0.12125862479596128,0.07732510786222502,,,455919.9361953217
Nashville,"Nashville, TN",2025-11-01,456243.1518181302,0.05295413727397502,-0.14708944873190744,,,,456040.24520307593
Nashville,"Nashville, TN",2025-12-01,456301.2950968692,0.012743923608993235,-0.2942040155518577,,,,456182.0423258326
Nashville,"Nashville, TN",2026-01-01,456354.2838534601,0.011612668462768205,-0.504959359695778,,,,456299.5769228198
New Orleans,"New Orleans, LA",2004-01-01,177010.5590789696,,,0.9556564847247317,2.574411662896936,5.557061753827974,
New Orleans,"New Orleans, LA",2004-02-01,177284.20644526067,0.1545938093834076,,1.3975730655198193,3.0644686050997016,5.539209530686162,
New Orleans,"New Orleans, LA",2004-03-01,177801.15871652812,0.29159521969435165,,1.6135394089787258,3.339368703207901,5.4322604407772035,177365.3080802528
New Orleans,"New Orleans, LA",2004-04-01,178702.1719654553,0.5067533054515572,,1.603431877457151,3.4635405057908075,5.529254006968598,177929.17904241467
New Orleans,"New Orleans, LA",2004-05-01,179761.8827639602,0.5930038716651653,,1.6439205487716935,3.3788207992353714,5.38024780423263,178755.07114864784
New Orleans,"New Orleans, LA",2004-06-01,180670.05048204013,0.5052059447288038,,1.6984245448659951,3.367583411126085,5.45291307061877,179711.36840381855
New Orleans,"New Orleans, LA",2004-07-01,181567.5395564577,0.496755866300469,,1.8307537392802997,2.9077915657301334,5.6646296021722,180666.49093415265
New Orleans,"New Orleans, LA",2004-08-01,182717.02529357583,0.6330898903659454,,1.706841138256987,2.401158186793384,5.991570377049316,181651.53844402454
New Orleans,"New Orleans, LA",2004-09-01,183738.5949646489,0.5590993337548422,,1.641282914391362,2.0252608118597193,6.385387919841845,182674.38660489416
New Orleans,"New Orleans, LA",2004-10-01,184891.5940762068,0.6275214588310929,,1.0576744125919024,1.9965617753648912,6.834420293170451,183782.40477814386
New Orleans,"New Orleans, LA",2004-11-01,185835.714647886,0.510634664813403,,0.6826650407838031,1.936012608311799,7.477017785462969,184821.96789624725
New Orleans,"New Orleans, LA",2004-12-01,186754.2651309464,0.4942809216198496,,0.37777749990794973,2.017392291351805,8.283661705208623,185827.19128501308
New Orleans,"New Orleans, LA",2005-01-01,186847.1451577841,0.049733818273201,5.557061753827974,0.9290609231118463,2.6789400437975397,9.492699750423416,186479.04164553885
New Orleans,"New Orleans, LA",2005-02-01,187104.35010507787,0.13765527275064748,5.539209530686162,1.2448494157562218,3.5062222477079352,10.499050484754878,186901.92013126946
New Orleans,"New Orleans, LA",2005-03-01,187459.7807247296,0.18996384608487293,5.4322604407772035,1.6334440075098877,4.273576047036465,11.373888476315418,187137.09199586386
New Orleans,"New Orleans, LA",2005-04-01,188583.06896939516,0.5992155972459168,5.529254006968598,1.7337713287739476,4.743158429654071,11.800964768501254,187715.73326640087
New Orleans,"New Orleans, LA",2005-05-01,189433.5175142154,0.45096760248306555,5.38024780423263,2.233568270387276,5.435768022869825,12.244766458509005,188492.12240278008
New Orleans,"New Orleans, LA",2005-06-01,190521.83127946884,0.574509611358387,5.45291307061877,2.5977000635061476,6.142354037006692,12.591670880701411,189512.80592102648
New Orleans,"New Orleans, LA",2005-07-01,191852.6681501085,0.6985219812880805,5.6646296021722,2.9581004041958403,6.635985630275765,12.746726431600909,190602.6723145976
New Orleans,"New Orleans, LA",2005-08-01,193664.64445489144,0.9444623951569087,5.991570377049316,3.132239054801822,6.755949628141122,12.46559593416865,192013.04796148962
New Orleans,"New Orleans, LA",2005-09-01,195471.0170116087,0.9327322298820384,6.385387919841845,3.454905881229764,6.809311331258172,11.929711627215966,193662.77653886957
New Orleans,"New Orleans, LA",2005-10-01,197527.8627021174,1.052250979175362,6.834420293170451,3.572215504793874,6.738202709045882,11.16974726350637,195554.50805620584
New Orleans,"New Orleans, LA",2005-11-01,199730.68408385065,1.1151952699732348,7.477017785462969,3.5136545143888087,6.457958777482653,10.472069720178068,197576.5212658589
New Orleans,"New Orleans, LA",2005-12-01,202224.3566744424,1.2485175234992152,8.283661705208623,3.24238413002802,6.076101196555483,9.646856833985073,199827.63448680346
New Orleans,"New Orleans, LA",2006-01-01,204583.98363985037,1.1668361834409113,9.492699750423416,3.0567920062552822,5.730467782716486,8.837000820442697,202179.67479938114
New Orleans,"New Orleans, LA",2006-02-01,206748.5302817825,1.058023508693906,10.499050484754878,2.8443631682278037,5.348316722314506,8.096013581914786,204518.9568653584
New Orleans,"New Orleans, LA",2006-03-01,208781.24712230577,0.9831832118723405,11.373888476315418,2.7447226160125737,4.793964339005408,7.410967755088205,206704.58701464618
New Orleans,"New Orleans, LA",2006-04-01,210837.6904978319,0.9849751373127269,11.800964768501254,2.5943712436720556,4.151788621118424,6.667496870961465,208789.15596730672
New Orleans,"New Orleans, LA",2006-05-01,212629.20932796985,0.8497146909111963,12.244766458509005,2.434701793029581,3.7706067153566725,6.016301600677787,210749.38231603583
New Orleans,"New Orleans, LA",2006-06-01,214511.7132300648,0.8853458600748043,12.591670880701411,1.9944982776891163,3.3662206634207825,5.3682632516671935,212659.53768528884
New Orleans,"New Orleans, LA",2006-07-01,216307.60291092997,0.8371988894326998,12.746726431600909,1.5180339414014643,2.938162577801462,4.840249748486847,214482.8418229882
New Orleans,"New Orleans, LA",2006-08-01,217806.09649998255,0.6927604803931064,12.46559593416865,1.304152693319005,2.6082019581222804,4.414283813788367,216208.47088032577
New Orleans,"New Orleans, LA",2006-09-01,218790.14565587987,0.4518005564171146,11.929711627215966,1.3448984101054329,2.497284488271556,4.105649429266922,217634.6150222641
New Orleans,"New Orleans, LA",2006-10-01,219591.22574094977,0.3661408436236746,11.16974726350637,1.3988929663666827,2.4154249131473238,3.732218104854268,218729.15596560403
New Orleans,"New Orleans, LA",2006-11-01,220646.6205737001,0.4806179432667035,10.472069720178068,1.2872614104488367,2.1640953603375035,3.264054832025387,219675.99732350992
New Orleans,"New Orleans, LA",2006-12-01,221732.65084627317,0.4922034471904979,9.646856833985073,1.1370933280754114,1.936844140568339,2.7925902996480234,220656.83238697436
New Orleans,"New Orleans, LA",2007-01-01,222663.07195259831,0.4196139372230734,8.837000820442697,1.0025079338073395,1.847795922379869,2.516738732902768,221680.78112419051
New Orleans,"New Orleans, LA",2007-02-01,223486.9193738048,0.36999733003857393,8.096013581914786,0.8656902533236144,1.7601729892930074,2.092273477523854,222627.54739089208
New Orleans,"New Orleans, LA",2007-03-01,224253.9580252109,0.3432141145241374,7.410967755088205,0.7907591430363237,1.5691780997177496,1.2685929103695592,223467.98311720465
New Orleans,"New Orleans, LA",2007-04-01,224895.28691458225,0.28598330884277434,6.667496870961465,0.8368980195288644,1.2857371756487268,0.2137732088971056,224212.05477119933
New Orleans,"New Orleans, LA",2007-05-01,225421.62385227703,0.23403644643504862,6.016301600677787,0.8868057450684308,1.076659532694202,-0.8947420152555341,224856.95626402335
New Orleans,"New Orleans, LA",2007-06-01,226027.2667019161,0.2686711413435461,5.3682632516671935,0.7723118302708221,0.8394866118276445,-1.7535774998667653,225448.05915625845
New Orleans,"New Orleans, LA",2007-07-01,226777.43111678417,0.3318911146491965,4.840249748486847,0.44511400582050165,0.6568063692146353,-2.445607819783213,226075.44055699243
New Orleans,"New Orleans, LA",2007-08-01,227420.67576322556,0.2836457945897264,4.414283813788367,0.18818495265429114,0.3263560570654578,-3.0024040690740827,226741.79119397528
New Orleans,"New Orleans, LA",2007-09-01,227772.90202229275,0.1548787320612366,4.105649429266922,0.06665995880890119,-0.2959413426119162,-3.4284866393263114,227323.66963410084
New Orleans,"New Orleans, LA",2007-10-01,227786.84922472492,0.006123293117110684,3.732218104854268,0.21075426663546004,-1.058356286524953,-3.8672321879540394,227660.14233674775
New Orleans,"New Orleans, LA",2007-11-01,227848.64725423665,0.027129761758448723,3.264054832025387,0.13791157557796474,-1.950402355068015,-4.302554837075679,227802.79950041813
New Orleans,"New Orleans, LA",2007-12-01,227924.73534495864,0.033394137572861915,2.7925902996480234,-0.3623597525590161,-2.571476907331127,-4.653480703588997,227853.41060797343
New Orleans,"New Orleans, LA",2008-01-01,228266.91972830053,0.1501304291629424,2.516738732902768,-1.2664414737201146,-3.082170298169429,-5.024998644217815,228013.4341091653
New Orleans,"New Orleans, LA",2008-02-01,228162.87691359804,-0.04557945357406279,2.092273477523854,-2.0854378704211807,-3.317931854562861,-5.086467212888158,228118.17732895238
New Orleans,"New Orleans, LA",2008-03-01,227098.82783794185,-0.4663550398950833,1.2685929103695592,-2.2171512184411046,-3.1418433099887344,-4.714379105448085,227842.8748266135
New Orleans,"New Orleans, LA",2008-04-01,225376.05278607793,-0.7586014724361712,0.2137732088971056,-1.8390189227971754,-2.8389218088627044,-3.843146560280697,226879.25251253927
New Orleans,"New Orleans, LA",2008-05-01,223404.6818721994,-0.8747029196352507,-0.8947420152555341,-1.258744314773752,-2.398941493391482,-2.7967892882129752,225293.18749873972
New Orleans,"New Orleans, LA",2008-06-01,222063.70340946745,-0.6002463562957416,-1.7535774998667653,-0.9456587766361157,-2.136955103258187,-1.8757742992868365,223614.81268924824
New Orleans,"New Orleans, LA",2008-07-01,221231.3445278886,-0.37482887513771157,-2.445607819783213,-1.0186357910167199,-2.0046139621837766,-1.4778262530272146,222233.2432698518
New Orleans,"New Orleans, LA",2008-08-01,220592.5881401947,-0.2887277971650004,-3.0024040690740827,-1.1547323058686998,-1.829227893289287,-1.5041238217462172,221295.8786925169
New Orleans,"New Orleans, LA",2008-09-01,219963.73850845263,-0.2850728744079212,-3.4284866393263114,-1.2026694760765122,-1.6235450365756576,-1.8707945458032116,220595.89039217867
New Orleans,"New Orleans, LA",2008-10-01,218977.80287158003,-0.44822644112075816,-3.8672321879540394,-0.9961250575263092,-1.0335669077719212,-1.9791880536057183,219844.7098400758
New Orleans,"New Orleans, LA",2008-11-01,218045.334260588,-0.4258279144114363,-4.302554837075679,-0.6823751942356626,-0.40762651646298886,-1.8322342970132133,218995.6252135402
New Orleans,"New Orleans, LA",2008-12-01,217318.3017669747,-0.33343180494034286,-4.653480703588997,-0.42599891947204815,0.26688399512495575,-1.7954648670421403,218113.81296638088
New Orleans,"New Orleans, LA",2009-01-01,216796.51010675565,-0.2401047937410028,-5.024998644217815,-0.03781857050279003,0.5375637879045492,-1.8575301964098734,217386.7153781061
New Orleans,"New Orleans, LA",2009-02-01,216557.4469874055,-0.11027074155042227,-5.086467212888158,0.2766363757792156,0.3311617751052154,-2.120383520073277,216890.75295371193
New Orleans,"New Orleans, LA",2009-03-01,216392.5281496324,-0.07615477558835515,-4.714379105448085,0.6958472162192697,-0.2513299643898237,-2.1207055334937497,216582.16174793118
New Orleans,"New Orleans, LA",2009-04-01,216714.52076573335,0.14880024687280446,-3.843146560280697,0.5756000421150764,-0.9554968450288248,-2.2922910986379885,216554.8319675904
New Orleans,"New Orleans, LA",2009-05-01,217156.52366023147,0.20395628910161445,-2.7967892882129752,0.0543749783565195,-1.4304386276984493,-2.323940272950087,216754.52419186573
New Orleans,"New Orleans, LA",2009-06-01,217898.2895328681,0.3415812060968637,-1.8757742992868365,-0.9406318202728525,-2.056859433536762,-2.6503968501306874,217256.4446529443
New Orleans,"New Orleans, LA",2009-07-01,217961.9296385304,0.0292063355791905,-1.4778262530272146,-1.522334330098718,-2.382287668484928,-2.755263879477299,217672.2476105433
New Orleans,"New Orleans, LA",2009-08-01,217274.6024729715,-0.3153427604071668,-1.5041238217462172,-1.4840066777451533,-2.4434535111570677,-2.618205068270907,217711.60721478998
New Orleans,"New Orleans, LA",2009-09-01,215848.66888569167,-0.6562817609836458,-1.8707945458032116,-1.1268269056982971,-1.8740857080465911,-2.13326325425629,217028.40033239787
New Orleans,"New Orleans, LA",2009-10-01,214643.82035709743,-0.5581913174698805,-1.9791880536057183,-0.8732470784480029,-1.349690503790535,-1.7495928277993178,215922.36390525356
New Orleans,"New Orleans, LA",2009-11-01,214050.2328632284,-0.2765453451590183,-1.8322342970132133,-0.9738995680361073,-0.9064681153209575,-1.7275980030934224,214847.57403533917
New Orleans,"New Orleans, LA",2009-12-01,213416.42800909607,-0.29610098791029715,-1.7954648670421403,-0.7557750792882789,-0.6060020264422317,-1.9287012116008473,214036.82707647397
New Orleans,"New Orleans, LA",2010-01-01,212769.4494667599,-0.3031531116754471,-1.8575301964098734,-0.4806406053869061,-0.3820784180290193,-2.146531204591917,213412.0367796948
New Orleans,"New Orleans, LA",2010-02-01,211965.59856999313,-0.37780372077915736,-2.120383520073277,0.06809462598345029,-0.1791284782039937,-2.2832900273913492,212717.1586819497
New Orleans,"New Orleans, LA",2010-03-01,211803.4798310961,-0.0764835143017284,-2.1207055334937497,0.15091362038013312,-0.2641275223572048,-2.545751546344366,212179.50928928304
New Orleans,"New Orleans, LA",2010-04-01,211746.79309676448,-0.02676383521972303,-2.2922910986379885,0.09903820518686324,-0.40537361317062315,-2.8470292907998185,211838.6238326179
New Orleans,"New Orleans, LA",2010-05-01,212109.93575155296,0.17149853817268745,-2.323940272950087,-0.24705487309564234,-0.8286412565535084,-3.234810341403227,211886.73622647117
New Orleans,"New Orleans, LA",2010-06-01,212123.12013060032,0.006215823412825117,-2.6503968501306874,-0.41441573295132317,-1.3307636397828504,-3.3619332812787506,211993.2829929726
New Orleans,"New Orleans, LA",2010-07-01,211956.50332018823,-0.07854721838407297,-2.755263879477299,-0.5039127522119768,-1.7712202368235674,-3.470795970297169,212063.18640078048
New Orleans,"New Orleans, LA",2010-08-01,211585.90781895872,-0.17484507218430423,-2.618205068270907,-0.5830267795281507,-2.1079374654907723,-3.607783794221875,211888.5104232491
New Orleans,"New Orleans, LA",2010-09-01,211244.04854755188,-0.1615699622582345,-2.13326325425629,-0.9201611996112358,-2.2876663805178166,-3.828437699489029,211595.48656223295
New Orleans,"New Orleans, LA",2010-10-01,210888.4274708152,-0.16834608083958758,-1.7495928277993178,-1.2737259521125144,-2.4515937919639352,-4.068079550288783,211239.46127910857
New Orleans,"New Orleans, LA",2010-11-01,210352.30531466645,-0.25422075671882594,-1.7275980030934224,-1.5338534624071753,-2.426274193816791,-4.104071427626177,210828.2604443445
New Orleans,"New Orleans, LA",2010-12-01,209300.2627763294,-0.5001335910073901,-1.9287012116008473,-1.3802052945015686,-2.0585642662527492,-3.894185070578926,210180.331853937
New Orleans,"New Orleans, LA",2011-01-01,208202.28684011745,-0.5245936730549183,-2.146531204591917,-1.1930642082978893,-1.7302217716347212,-3.5512006811591057,209284.95164370444
New Orleans,"New Orleans, LA",2011-02-01,207125.8091963441,-0.5170344956873518,-2.2832900273913492,-0.9063223887500249,-1.5321429438698075,-3.1409828942557394,208209.45293759697
New Orleans,"New Orleans, LA",2011-03-01,206411.4894680848,-0.3448723898923589,-2.545751546344366,-0.6878527518505928,-1.5768442548628414,-2.904094880043795,207246.52850151542
New Orleans,"New Orleans, LA",2011-04-01,205718.2998749703,-0.33582897681752044,-2.8470292907998185,-0.5436435803142792,-1.6571113984963026,-2.6269313039710807,206418.5328464664
New Orleans,"New Orleans, LA",2011-05-01,205248.581614718,-0.22833080991715438,-3.234810341403227,-0.631544383260163,-1.7195174417569126,-2.3755006303584736,205792.79031925768
New Orleans,"New Orleans, LA",2011-06-01,204991.68235764277,-0.1251649366120655,-3.3619332812787506,-0.8951488087262205,-1.8742024665804324,-1.8643830628844449,205319.5212824437
New Orleans,"New Orleans, LA",2011-07-01,204599.92554416836,-0.1911086386377936,-3.470795970297169,-1.1195542027333305,-1.8530406218000062,-1.3179198713023976,204946.72983884302
New Orleans,"New Orleans, LA",2011-08-01,203952.34572580908,-0.3165102903321837,-3.607783794221875,-1.0948877606521523,-1.6338732236945375,-0.8402847627219323,204514.65120920676
New Orleans,"New Orleans, LA",2011-09-01,203156.7017550305,-0.3901126843857128,-3.828437699489029,-0.9878968043296021,-1.3485146001798842,-0.6142291967994651,203902.99100833596
New Orleans,"New Orleans, LA",2011-10-01,202309.31847894937,-0.41710820699526474,-4.068079550288783,-0.7417911733231253,-0.9861617034706005,-0.40238795587898,203139.45531992964
New Orleans,"New Orleans, LA",2011-11-01,201719.29645489424,-0.29164352314128283,-4.104071427626177,-0.5449520766308447,-0.6674602846122757,-0.17282761255889012,202395.10556295802
New Orleans,"New Orleans, LA",2011-12-01,201149.7231906111,-0.28235933512215095,-3.894185070578926,-0.36421587281871837,0.010006954279928593,0.2082220829665138,201726.11270815157
New Orleans,"New Orleans, LA",2012-01-01,200808.60581166236,-0.16958381723722882,-3.5512006811591057,-0.2461967962510747,0.5452239721819296,0.6505105211392692,201225.87515238926
New Orleans,"New Orleans, LA",2012-02-01,200620.02295989817,-0.09391173799645491,-3.1409828942557394,-0.12317947709986621,0.8067700609756701,0.7402343425477298,200859.4506540572
New Orleans,"New Orleans, LA",2012-03-01,200417.10397062,-0.1011459306425877,-2.904094880043795,0.3755907883667309,0.74432270371243,0.9038890777727904,200615.24424739354
New Orleans,"New Orleans, LA",2012-04-01,200314.2214575576,-0.0513341980420301,-2.6269313039710807,0.7933740298768477,0.5895880390408781,1.0396205819953375,200450.4494626919
New Orleans,"New Orleans, LA",2012-05-01,200372.90026465853,0.02929338050685626,-2.3755006303584736,0.9310964578235881,0.4979563328096015,1.4064819573597287,200368.07523094537
New Orleans,"New Orleans, LA",2012-06-01,201169.852151445,0.3977343671393907,-1.8643830628844449,0.3673521744177233,0.19819529537399294,1.3889852030358751,200618.9912912204
New Orleans,"New Orleans, LA",2012-07-01,201903.46246875185,0.36467209647028653,-1.3179198713023976,-0.20218193189519562,0.10471561432541243,1.32897679565247,201148.73829495176
New Orleans,"New Orleans, LA",2012-08-01,202238.56524146115,0.16597178107391475,-0.8402847627219323,-0.42914437692153085,-0.06600322417601445,1.4224080425135899,201770.62662055265
New Orleans,"New Orleans, LA",2012-09-01,201908.85397759627,-0.16303085589597366,-0.6142291967994651,-0.16853775194725085,0.15838746023402184,1.8828648140327697,202016.96056260308
New Orleans,"New Orleans, LA",2012-10-01,201495.25014776923,-0.20484680175191228,-0.40238795587898,0.30751929467154326,0.44739475697999076,2.3128081867238803,201880.8897889422
New Orleans,"New Orleans, LA",2012-11-01,201370.66981076065,-0.06182792741625809,-0.17282761255889012,0.36470626919202775,0.9040239798921323,2.4203287755926173,201591.59131204206
New Orleans,"New Orleans, LA",2012-12-01,201568.56133411996,0.0982722675279879,0.2082220829665138,0.3274771347823613,1.188434486421186,1.9640215094164803,201478.1604308833
New Orleans,"New Orleans, LA",2013-01-01,202114.8869198203,0.27103710126439307,0.6505105211392692,0.1394466369939229,1.2229805297522267,1.1896332493044115,201684.706021567
New Orleans,"New Orleans, LA",2013-02-01,202105.08126787448,-0.004851523851234774,0.7402343425477298,0.5373579326318101,1.489394314958159,0.8024899412158781,201929.50984060494
New Orleans,"New Orleans, LA",2013-03-01,202228.652283399,0.061141963749400396,0.9038890777727904,0.8581471160509668,1.7217503171997883,0.7188667196947662,202149.54015703127
New Orleans,"New Orleans, LA",2013-04-01,202396.72933249408,0.08311238155291889,1.0396205819953375,1.082025045221302,1.857104840057855,0.9399837792542165,202243.48762792253
New Orleans,"New Orleans, LA",2013-05-01,203191.10895431935,0.39248639266313834,1.4064819573597287,0.9469478827604627,1.5027198479246273,1.0596207430109361,202605.4968567375
New Orleans,"New Orleans, LA",2013-06-01,203964.0716307977,0.38041166291982176,1.3889852030358751,0.8562552712326976,0.7664779348862893,1.1791593858439642,203183.96997253704
New Orleans,"New Orleans, LA",2013-07-01,204586.71263458044,0.30526994230131166,1.32897679565247,0.7667830106191431,-0.03294437712986209,1.2807480169172436,203913.96440656585
New Orleans,"New Orleans, LA",2013-08-01,205115.2228585198,0.25833066924700887,1.4224080425135899,0.5505584634511562,-0.6768237985641745,1.1351554681857445,204555.33570796598
New Orleans,"New Orleans, LA",2013-09-01,205710.52474555725,0.2902280380467248,1.8828648140327697,-0.08901513952206397,-0.9859087111435905,0.9287535963767857,205137.48674621913
New Orleans,"New Orleans, LA",2013-10-01,206155.4487890466,0.21628647539531087,2.3128081867238803,-0.7936418766735232,-0.9003996944972448,0.9683717425331917,205660.39879770787
New Orleans,"New Orleans, LA",2013-11-01,206244.50207779408,0.043197154996654774,2.4203287755926173,-1.2206618051370466,-0.4365391445446565,1.543161398291959,206036.82520413268
New Orleans,"New Orleans, LA",2013-12-01,205527.41123494343,-0.34768967687689445,1.9640215094164803,-0.8976926539899566,0.40954239883659316,2.5840815430714814,205975.78736726136
New Orleans,"New Orleans, LA",2014-01-01,204519.3128164125,-0.4904934151963469,1.1896332493044115,-0.1076118706938245,1.3141253244499662,3.6670985257037936,205430.40870971666
New Orleans,"New Orleans, LA",2014-02-01,203726.95421573537,-0.3874248303329719,0.8024899412158781,0.7938124256770651,1.8243267443190492,4.582392100308064,204591.22608903042
New Orleans,"New Orleans, LA",2014-03-01,203682.4067623516,-0.021866254053248824,0.7188667196947662,1.3190763039072406,1.9337270913638793,5.056967891017616,203976.2245981665
New Orleans,"New Orleans, LA",2014-04-01,204299.2257579606,0.30283371323704955,0.9399837792542165,1.4232688013258832,1.8857507308499777,5.18270014604969,203902.8622453492
New Orleans,"New Orleans, LA",2014-05-01,205344.1640927533,0.511474446814919,1.0596207430109361,1.0223983931571867,1.9883806025090989,5.22544936049778,204441.93220435517
New Orleans,"New Orleans, LA",2014-06-01,206369.13312518175,0.4991469014748784,1.1791593858439642,0.6066486291416373,2.1656698081517156,5.195494238482712,205337.50765863186
New Orleans,"New Orleans, LA",2014-07-01,207206.952899524,0.40598114730368007,1.2807480169172436,0.4559919385264788,2.322453254882917,5.154317779023776,206306.75003915303
New Orleans,"New Orleans, LA",2014-08-01,207443.59952687964,0.11420786032714236,1.1351554681857445,0.9562059748299934,2.708650716556704,5.1673453857075335,207006.56185052847
New Orleans,"New Orleans, LA",2014-09-01,207621.06864225716,0.08555053796901468,0.9287535963767857,1.5496204279271453,3.0639915646902383,5.4778934642748744,207423.8736895536
New Orleans,"New Orleans, LA",2014-10-01,208151.7999008122,0.2556249527207344,0.9683717425331917,1.8579890361329676,3.23592788152407,5.807219816106168,207738.82268998298
New Orleans,"New Orleans, LA",2014-11-01,209427.18761995804,0.6127200051854409,1.543161398291959,1.7358464740281798,3.173958385127107,5.701097593433779,208400.01872100914
New Orleans,"New Orleans, LA",2014-12-01,210838.40713461823,0.6738473312362325,2.5840815430714814,1.491262232573165,2.9655993407770476,5.412406552410465,209472.4648851295
New Orleans,"New Orleans, LA",2015-01-01,212019.23752148272,0.560064175646402,3.6670985257037936,1.3528038972989265,2.7675885732398875,4.903698945628032,210761.61075868632
New Orleans,"New Orleans, LA",2015-02-01,213062.52207191547,0.49207070199328573,4.582392100308064,1.4135744292116836,2.39385353813677,4.415438127518567,211973.38890933883
New Orleans,"New Orleans, LA",2015-03-01,213982.56067197563,0.4318162533294423,5.056967891017616,1.4526739305156688,2.34213895943427,3.859191308704313,213021.44008845792
New Orleans,"New Orleans, LA",2015-04-01,214887.4420296968,0.4228762170522371,5.18270014604969,1.3959008745081825,2.490694845628716,3.7356698085899698,213977.50825786265
New Orleans,"New Orleans, LA",2015-05-01,216074.31940215756,0.5523251434566001,5.22544936049778,0.9666152824633567,2.4493963863181367,3.607454462692128,214981.44070127668
New Orleans,"New Orleans, LA",2015-06-01,217091.0295467073,0.470537242631508,5.195494238482712,0.8767290150753393,2.376334647007128,3.709710618720563,216017.59699285388
New Orleans,"New Orleans, LA",2015-07-01,217887.0577121976,0.36667943726298446,5.154317779023776,1.07972212059686,2.0785837266832363,3.6215572191709455,217017.46888702083
New Orleans,"New Orleans, LA",2015-08-01,218162.92679497748,0.12661104595954598,5.1673453857075335,1.4685855316696195,1.97432220736653,3.8794189679308255,217713.67135129412
New Orleans,"New Orleans, LA",2015-09-01,218994.32959186903,0.38109261234511305,5.4778934642748744,1.4865724201938324,1.4823340265258445,3.7049844601833026,218348.10469968137
New Orleans,"New Orleans, LA",2015-10-01,220239.63247223385,0.5686461757642869,5.807219816106168,0.9881918797665978,1.2147199946653142,3.439553886386104,219132.29628636013
New Orleans,"New Orleans, LA",2015-11-01,221366.8359733555,0.5118077470746663,5.701097593433779,0.49841699580908116,1.1303708144918323,2.982559473132773,220200.2660124861
New Orleans,"New Orleans, LA",2015-12-01,222249.83889737015,0.398886725797043,5.412406552410465,-0.004176309798364919,1.3024259720871179,2.4981369398450637,221285.43578098647
New Orleans,"New Orleans, LA",2016-01-01,222416.02263635225,0.07477339007604389,4.903698945628032,0.2243114869988183,1.511554565273987,2.1267230468120735,222010.89916902594
New Orleans,"New Orleans, LA",2016-02-01,222470.1659069315,0.024343241973978635,4.415438127518567,0.6288196745518171,1.8682122315951677,1.8186973642923432,222378.6758135513
New Orleans,"New Orleans, LA",2016-03-01,222240.55705557144,-0.10320882821480692,3.859191308704313,1.3066568519236155,2.190184582349586,1.7217952044229712,222375.58186628507
New Orleans,"New Orleans, LA",2016-04-01,222914.92732405147,0.30344158483701644,3.7356698085899698,1.2843621065355526,2.19813273389291,1.2594852251759825,222541.88342885146
New Orleans,"New Orleans, LA",2016-05-01,223869.10208016235,0.4280443519710131,3.607454462692128,1.2316477138972104,1.831486074582367,0.5600274497318036,223008.19548659507
New Orleans,"New Orleans, LA",2016-06-01,225144.4785220913,0.56969739462851,3.709710618720563,0.8721319584332754,1.1803379398706682,-0.18550857729195958,223976.16930876835
New Orleans,"New Orleans, LA",2016-07-01,225777.96218041287,0.28136761890851236,3.6215572191709455,0.9021833265792756,0.6060083348861767,-0.47501826953255666,224930.51426088883
New Orleans,"New Orleans, LA",2016-08-01,226626.38075805487,0.37577563790927027,3.8794189679308255,0.592540350998183,-0.048606789319383115,-0.6511995369633206,225849.60715351967
New Orleans,"New Orleans, LA",2016-09-01,227108.0354719304,0.21253250052548633,3.7049844601833026,0.30554125847601643,-0.4583506526002701,-0.5236759329506402,226504.12613679937
New Orleans,"New Orleans, LA",2016-10-01,227814.89331029504,0.31124298922131644,3.439553886386104,-0.29352684147033736,-0.9184585702372905,-0.3299428912702296,227183.10318009346
New Orleans,"New Orleans, LA",2016-11-01,227969.23351005313,0.0677480727951707,2.982559473132773,-0.6373704631381205,-1.2485908571729487,0.021620433019386986,227630.72076409287
New Orleans,"New Orleans, LA",2016-12-01,227801.94422161148,-0.07338239720592332,2.4981369398450637,-0.7615650157430598,-1.3499129820798927,0.48475244217716096,227862.0236806532
New Orleans,"New Orleans, LA",2017-01-01,227146.1954495623,-0.2878591639284944,2.1267230468120735,-0.6267714712698047,-1.0745149542364496,1.203589546410444,227639.1243937423
New Orleans,"New Orleans, LA",2017-02-01,226516.22495061767,-0.2773414266075691,1.8186973642923432,-0.6151411218521252,-0.6028857910702401,1.8988102269411167,227154.78820726383
New Orleans,"New Orleans, LA",2017-03-01,226067.08430923717,-0.1982818853167867,1.7217952044229712,-0.5928630035632487,-0.06562607790674413,2.4782323797898798,226576.5015698057
New Orleans,"New Orleans, LA",2017-04-01,225722.5078984097,-0.15242219444743244,1.2594852251759825,-0.4505675115880958,0.5939710570452172,2.4960174235235444,226101.93905275487
New Orleans,"New Orleans, LA",2017-05-01,225122.83050327937,-0.26567018092862327,0.5600274497318036,0.01233118497145913,1.2862715592799168,2.3011440304161024,225637.47423697542
New Orleans,"New Orleans, LA",2017-06-01,224726.81620313355,-0.1759103238265558,-0.18550857729195958,0.5303813605208374,1.8597707105152184,1.7544954590942519,225190.71820160755
New Orleans,"New Orleans, LA",2017-07-01,224705.4756114776,-0.009496237261097384,-0.47501826953255666,1.0492662213367199,2.30284895706403,1.5759195129350534,224851.70743929685
New Orleans,"New Orleans, LA",2017-08-01,225150.5908159217,0.19808827676888185,-0.6511995369633206,1.2737833017333777,2.5168698688302626,1.5670985439479868,224860.96087684427
New Orleans,"New Orleans, LA",2017-09-01,225918.7253483669,0.3411647864931533,-0.5236759329506402,1.3223757156823446,2.545528988533774,1.6836659548820743,225258.2639252554
New Orleans,"New Orleans, LA",2017-10-01,227063.23426456287,0.5066020598474719,-0.3299428912702296,1.2405658968185573,1.8908154698453083,1.251592875060048,226044.18347628383
New Orleans,"New Orleans, LA",2017-11-01,228018.52144548896,0.42071416097819725,0.021620433019386986,1.2274514949177417,1.0019842329196837,0.9354672560696553,227000.16035280624
New Orleans,"New Orleans, LA",2017-12-01,228906.2197095528,0.3893097185423411,0.48475244217716096,1.2071896895545553,-0.10335312036010569,0.6573801290611136,227995.9918065349
New Orleans,"New Orleans, LA",2018-01-01,229880.10331306225,0.4254509138044149,1.203589546410444,0.6422816459653813,-0.710566178302674,0.6272527467067412,228934.94815603466
New Orleans,"New Orleans, LA",2018-02-01,230817.33819566097,0.4077059602336952,1.8988102269411167,-0.22273331854985035,-0.9264536910827514,1.003942494066301,229867.88707275866
New Orleans,"New Orleans, LA",2018-03-01,231669.5519926356,0.3692156766196719,2.4782323797898798,-1.2949107804837268,-0.8404686602651257,1.6364302348765403,230788.99783378627
New Orleans,"New Orleans, LA",2018-04-01,231356.58102436832,-0.13509369944187943,2.4960174235235444,-1.344214183286352,-0.6273603678973894,2.77558041859709,231281.1570708883
New Orleans,"New Orleans, LA",2018-05-01,230303.23107850933,-0.45529283895670014,2.3011440304161024,-0.7052912912312914,-0.06585709910076343,3.946422732709798,231109.78803183776
New Orleans,"New Orleans, LA",2018-06-01,228669.6379887846,-0.7093226968959976,1.7544954590942519,0.4604039404776161,0.7615203044180285,5.043918332142705,230109.81669722075
New Orleans,"New Orleans, LA",2018-07-01,228246.6530482724,-0.18497643335271263,1.5759195129350534,0.7266211600815309,1.347393044270806,5.666443978663271,229073.1740385221
New Orleans,"New Orleans, LA",2018-08-01,228678.9224462883,0.18938696022170465,1.5670985439479868,0.6439760994777499,1.948447650324292,5.8162184450636145,228531.7378277818
New Orleans,"New Orleans, LA",2018-09-01,229722.44201276088,0.4563252071111412,1.6836659548820743,0.29973636590074904,2.497892902151233,5.660145293880681,228882.67250244055
New Orleans,"New Orleans, LA",2018-10-01,229905.14152649904,0.0795305465749907,1.251592875060048,0.6162937632968823,3.4244242671753966,5.71099532243684,229435.50199518274
New Orleans,"New Orleans, LA",2018-11-01,230151.5600513857,0.10718269424099258,0.9354672560696553,1.2961248168068984,4.0149239442513585,5.801442857065964,229926.38119688188
New Orleans,"New Orleans, LA",2018-12-01,230411.0037121084,0.11272730919780205,0.6573801290611136,2.191587551368479,4.250033162249656,6.122050027410464,230155.90176333103
New Orleans,"New Orleans, LA",2019-01-01,231322.03257522572,0.39539294931227875,0.6272527467067412,2.7909301752703453,4.261630027825003,6.662984513594439,230628.1987795733
New Orleans,"New Orleans, LA",2019-02-01,233134.6115374799,0.7835738524667901,1.003942494066301,2.6840109948543356,3.7938496209432238,6.827424327690856,231622.54927493804
New Orleans,"New Orleans, LA",2019-03-01,235460.66258644612,0.9977287514823852,1.6364302348765403,2.014300452908091,3.0851877069787648,6.615200268747512,233305.76889971725
New Orleans,"New Orleans, LA",2019-04-01,237778.0689844164,0.984201085869052,2.77558041859709,1.4307681135358408,2.2108617683523013,6.256332310520851,235457.78103611417
New Orleans,"New Orleans, LA",2019-05-01,239391.9701439568,0.6787426470547198,3.946422732709798,1.0808290554062072,1.717560177972266,5.862386873577252,237543.5672382731
New Orleans,"New Orleans, LA",2019-06-01,240203.5477793453,0.33901623137169157,5.043918332142705,1.049742290361566,1.7956990596322164,5.508829976903629,239124.52896923947
New Orleans,"New Orleans, LA",2019-07-01,241180.12177642668,0.40656102131284566,5.666443978663271,0.7690897637127936,2.303200597505106,4.697964177742264,240258.54656657626
New Orleans,"New Orleans, LA",2019-08-01,241979.38811358204,0.33139809834588085,5.8162184450636145,0.6299227346236336,2.922692161266105,4.40804013641154,241121.019223118
New Orleans,"New Orleans, LA",2019-09-01,242725.06600333392,0.3081576061353841,5.660145293880681,0.7382074930257554,3.424364489496634,4.82085285813465,241961.52529778087
New Orleans,"New Orleans, LA",2019-10-01,243035.0134051192,0.12769484705013046,5.71099532243684,1.5224021943530008,3.9579653983713436,5.869952681641122,242579.82250734503
New Orleans,"New Orleans, LA",2019-11-01,243503.67129241268,0.19283554279985182,5.801442857065964,2.2784171589685487,4.074838885589549,6.714759549115246,243087.91690028858
New Orleans,"New Orleans, LA",2019-12-01,244516.88062802225,0.41609612299966514,6.122050027410464,2.666472893769578,3.647630451554007,7.120232172687446,243685.18844185138
New Orleans,"New Orleans, LA",2020-01-01,246734.98378224488,0.9071370240474108,6.662984513594439,2.399040163919408,2.340849129108835,6.61118909676226,244918.51190089327
New Orleans,"New Orleans, LA",2020-02-01,249051.7007218574,0.9389495174535689,6.827424327690856,1.7564035272748413,1.4431685996107557,6.226817383681538,246767.85504404153
New Orleans,"New Orleans, LA",2020-03-01,251036.85697065937,0.7970860038490679,6.615200268747512,0.9556747496328732,1.3502508577462269,6.010658990364237,248941.18049158723
New Orleans,"New Orleans, LA",2020-04-01,252654.255141621,0.6442871339608303,6.256332310520851,-0.056827715101059884,1.8391926736378128,6.1672889195721,250914.2709447126
New Orleans,"New Orleans, LA",2020-05-01,253426.0535780741,0.30547612824509685,5.862386873577252,-0.30782822191640635,2.536559933018756,6.905509276993471,252372.3885634515
New Orleans,"New Orleans, LA",2020-06-01,253435.95282499993,0.003906167809542005,5.508829976903629,0.39084093993915214,3.350391809252762,8.187556194932633,253172.087181565
New Orleans,"New Orleans, LA",2020-07-01,252510.6775013184,-0.3650923688480967,4.697964177742264,1.8970984664505863,4.172664194202791,9.84588768813004,253124.2279681308
New Orleans,"New Orleans, LA",2020-08-01,252645.93666347177,0.053565719870474204,4.40804013641154,2.853171020555978,4.715594800623313,10.55710660329221,252864.1889965967
New Orleans,"New Orleans, LA",2020-09-01,254426.4842851649,0.7047600468891968,4.82085285813465,2.9480287659750193,4.5983192870033385,10.232494690619598,253194.366149985
New Orleans,"New Orleans, LA",2020-10-01,257301.0536918199,1.1298231843793305,5.869952681641122,2.2331997299230633,4.249931811423968,9.529785592258877,254791.1582134855
New Orleans,"New Orleans, LA",2020-11-01,259854.35731296617,0.9923409113607784,6.714759549115246,1.810759708803844,4.260869827141356,9.23247570882737,257193.96509665032
New Orleans,"New Orleans, LA",2020-12-01,261927.05023015043,0.7976363908679618,7.120232172687446,1.6030326571670583,4.680354182505186,9.132735133174386,259694.15374497883
New Orleans,"New Orleans, LA",2021-01-01,263047.1001279548,0.4276190247705314,6.61118909676226,1.9726782364522188,5.445980994928767,9.109294001646395,261609.5025570238
New Orleans,"New Orleans, LA",2021-02-01,264559.6953167605,0.5750282698687492,6.226817383681538,2.4065335779295483,5.5784544926579915,8.971114385241453,263177.94855828857
New Orleans,"New Orleans, LA",2021-03-01,266125.82638329413,0.5919764401975502,6.010658990364237,3.0287693633336055,5.3864875095716025,8.94987577954267,264577.54060933646
New Orleans,"New Orleans, LA",2021-04-01,268236.17302379763,0.7929882902323104,6.1672889195721,3.4061111452057036,5.064611255943596,8.850609310386215,266307.23157461744
New Orleans,"New Orleans, LA",2021-05-01,270926.41321822646,1.002937137113924,6.905509276993471,3.097381391505327,4.76842931574295,8.332655991135107,268429.47087510605
New Orleans,"New Orleans, LA",2021-06-01,274186.16388070973,1.2031867339038715,8.187556194932633,2.28840755917743,4.253310934453536,7.619201971291689,271116.2500409113
New Orleans,"New Orleans, LA",2021-07-01,277372.59520863445,1.1621415474892594,9.84588768813004,1.6038704989195463,3.4741134485664293,6.809369481196814,274161.7241025236
New Orleans,"New Orleans, LA",2021-08-01,279318.0375259206,0.7013823106146511,10.55710660329221,1.6208441976735877,3.2134017389119807,6.054051314809161,276958.93220508826
New Orleans,"New Orleans, LA",2021-09-01,280460.6607811745,0.40907607162601334,10.232494690619598,1.9209443397966153,3.381257269483817,4.957558794239181,279050.43117190985
New Orleans,"New Orleans, LA",2021-10-01,281821.29243527324,0.48514171303346565,9.529785592258877,1.840720181685196,3.6034950390857023,3.586561571056701,280533.33024745615
New Orleans,"New Orleans, LA",2021-11-01,283845.34773021523,0.7182052418579721,9.23247570882737,1.5671563780168318,3.4020044956964757,1.8985290707157043,282042.4336488876
New Orleans,"New Orleans, LA",2021-12-01,285848.1539698067,0.7055976980447243,9.132735133174386,1.4327898344609347,3.2285699194286144,0.17275698432777098,283838.26471176505
New Orleans,"New Orleans, LA",2022-01-01,287008.83384141535,0.4060477059198542,9.109294001646395,1.7309135817732857,3.223275775431733,-1.1855063151058665,285567.4451804791
New Orleans,"New Orleans, LA",2022-02-01,288293.64820087334,0.44765672967679304,8.971114385241453,1.8065368600560516,2.752210011528211,-2.2523413335246767,287050.21200403175
New Orleans,"New Orleans, LA",2022-03-01,289943.7572618803,0.5723709389036769,8.94987577954267,1.7704137763522088,1.5247459417584874,-2.8453642825444936,288415.4131013897
New Orleans,"New Orleans, LA",2022-04-01,291976.70872726553,0.7011537287726632,8.850609310386215,1.4669702071031354,-0.01634449496382695,-3.527660690264689,290071.3713966731
New Orleans,"New Orleans, LA",2022-05-01,293501.77922082244,0.5223260787494688,8.332655991135107,0.9288923684459549,-1.4540099414062424,-4.4250467805479925,291807.41506998945
New Orleans,"New Orleans, LA",2022-06-01,295076.96148411784,0.5366857630223265,7.619201971291689,-0.24139415914489204,-2.9602395320267982,-5.69631750993177,293518.48314406857
New Orleans,"New Orleans, LA",2022-07-01,296259.9200559748,0.4008983168008573,6.809369481196814,-1.4618695118612246,-4.271112360480744,-6.993207453149108,294946.2202536384
New Orleans,"New Orleans, LA",2022-08-01,296228.09484925773,-0.010742326100354749,6.054051314809161,-2.3609714264506976,-4.870504823683519,-7.867082575381823,295854.99212978344
New Orleans,"New Orleans, LA",2022-09-01,294364.66293411294,-0.6290530667231398,4.957558794239181,-2.7254243881668416,-4.304477872626222,-8.308073657426341,295617.5592797818
New Orleans,"New Orleans, LA",2022-10-01,291928.98660881206,-0.8274350260058405,3.586561571056701,-2.850919572659927,-3.5118901960170867,-8.550932098973263,294173.91479739425
New Orleans,"New Orleans, LA",2022-11-01,289234.23417274747,-0.9230849143718634,1.8985290707157043,-2.570215449596003,-3.0148733980705056,-8.611339656489037,291842.62790522416
New Orleans,"New Orleans, LA",2022-12-01,286341.9766203615,-0.9999706848873746,0.17275698432777098,-1.6232951668280426,-2.819543210649178,-8.373603652652184,289168.3991339737
New Orleans,"New Orleans, LA",2023-01-01,283606.3259913137,-0.9553788310523559,-1.1855063151058665,-0.6803673492838835,-2.843546143478437,-8.109033324632907,286394.17892814084
New Orleans,"New Orleans, LA",2023-02-01,281800.29120051884,-0.6368104746895309,-2.2523413335246767,-0.45638810608727987,-3.149998584712699,-7.693941559324891,283916.197937398
New Orleans,"New Orleans, LA",2023-03-01,281693.8011532833,-0.03778918991953484,-2.8453642825444936,-1.2159871037048298,-4.183681426045416,-7.645807505143387,282366.80611503863
New Orleans,"New Orleans, LA",2023-04-01,281676.76114876516,-0.006049123001061751,-3.527660690264689,-2.177997175847346,-5.222448561996984,-7.3935241945361945,281723.61783418915
New Orleans,"New Orleans, LA",2023-05-01,280514.18818856037,-0.4127330048327216,-4.4250467805479925,-2.705960158946319,-5.770437648020965,-6.947613946136489,281294.916830203
New Orleans,"New Orleans, LA",2023-06-01,278268.4408593234,-0.800582438891595,-5.69631750993177,-3.004225314733988,-5.715203061909902,-6.438744742705749,280153.13006554963
New Orleans,"New Orleans, LA",2023-07-01,275541.8492459268,-0.9798422002066154,-6.993207453149108,-3.112235793845297,-5.419595891108198,-5.881385495193214,278108.15943127015
New Orleans,"New Orleans, LA",2023-08-01,272923.5860159862,-0.9502234368775286,-7.867082575381823,-3.1497073141181,-4.691732481373978,-5.445050076355473,275577.9587070788
New Orleans,"New Orleans, LA",2023-09-01,269908.62991611206,-1.1046887313350684,-8.308073657426341,-2.7949441673851827,-3.613294823496871,-4.765159493313254,272791.3550593417
New Orleans,"New Orleans, LA",2023-10-01,266966.3371866718,-1.0901069485457882,-8.550932098973263,-2.381477285773015,-2.2907066067848203,-4.011762156105203,269932.85103959
New Orleans,"New Orleans, LA",2023-11-01,264327.2918652873,-0.9885311193894797,-8.611339656489037,-1.5921739878032026,-1.2492643165616824,-3.1125605994405614,267067.4196560237
New Orleans,"New Orleans, LA",2023-12-01,262364.83440700243,-0.7424346704558271,-8.373603652652184,-0.8418807531172856,-0.7674001581304157,-2.2619125849509314,264552.8211529872
New Orleans,"New Orleans, LA",2024-01-01,260608.594505911,-0.6693884510326598,-8.109033324632907,0.0929850979756397,-0.48825082577713674,-1.5706747260424425,262433.5735927336
New Orleans,"New Orleans, LA",2024-02-01,260118.74148154355,-0.18796503058395864,-7.693941559324891,0.3484577244893261,-0.7904011001294009,-1.5206566647808395,261030.723464819
New Orleans,"New Orleans, LA",2024-03-01,260156.03536318184,0.014337252835328052,-7.645807505143387,0.0751129565108366,-1.1950451752729685,-1.7150185070890944,260294.4571168788
New Orleans,"New Orleans, LA",2024-04-01,260850.92166284527,0.2671036628819179,-7.3935241945361945,-0.5806959630426101,-1.7614041505696676,-2.1751410807389293,260375.23283585688
New Orleans,"New Orleans, LA",2024-05-01,261025.1453290804,0.0667905120382617,-6.947613946136489,-1.1349041633958223,-1.8868682546851923,-2.3369861695009653,260677.3674517025
New Orleans,"New Orleans, LA",2024-06-01,260351.4462528845,-0.25809738573139285,-6.438744742705749,-1.2692047945384366,-1.506070010462357,-2.0438760678140433,260742.50441493673
New Orleans,"New Orleans, LA",2024-07-01,259336.1708911897,-0.38996340381710626,-5.881385495193214,-1.1876045592595919,-1.0877347742830001,-1.5489713989926712,260237.58749105153
New Orleans,"New Orleans, LA",2024-08-01,258062.76008723068,-0.4910270709955422,-5.445050076355473,-0.7605961284174123,-0.7360734976748273,-0.8165163430288835,259250.1257437683
New Orleans,"New Orleans, LA",2024-09-01,257047.0532143927,-0.3935890914654405,-4.765159493313254,-0.23991016726948589,-0.5262624052999487,-0.23331174722035497,258148.66139760436
New Orleans,"New Orleans, LA",2024-10-01,256256.28270187668,-0.3076364823589195,-4.011762156105203,0.10107009806930023,-0.42115517490028953,0.29084925743938506,257122.0320011667
New Orleans,"New Orleans, LA",2024-11-01,256099.9447251201,-0.0610084463523064,-3.1125605994405614,0.024710578445552578,-0.4587743830093971,0.5359845211345249,256467.7602137965
New Orleans,"New Orleans, LA",2024-12-01,256430.37119906477,0.1290224698405673,-2.2619125849509314,-0.2870408782816747,-0.5460296460998215,0.5435598486504878,256262.19954202053
New Orleans,"New Orleans, LA",2025-01-01,256515.28117811223,0.03311229424596274,-1.5706747260424425,-0.5216979922971654,-0.4663088279872496,0.7844033082007096,256348.53236743234
New Orleans,"New Orleans, LA",2025-02-01,256163.2285028604,-0.13724432853861046,-1.5206566647808395,-0.48336551903919167,-0.08103935456570399,,256369.62696001245
New Orleans,"New Orleans, LA",2025-03-01,255694.311209394,-0.18305410039020087,-1.7150185070890944,-0.2597343114669859,0.2945005035129844,,256124.2736301222
New Orleans,"New Orleans, LA",2025-04-01,255177.0461062706,-0.20229824460186174,-2.1751410807389293,0.0556796438942353,0.7150157582067163,,255678.1952728417
New Orleans,"New Orleans, LA",2025-05-01,254925.02378382,-0.09876371182133692,-2.3369861695009653,0.40428031612187443,0.9993436367475406,,255265.46036649487
New Orleans,"New Orleans, LA",2025-06-01,255030.18535071405,0.041251959236143776,-2.0438760678140433,0.5556781016713197,1.0955716407028193,,255044.0850802682
New Orleans,"New Orleans, LA",2025-07-01,255319.1277768424,0.1132973438932261,-1.5489713989926712,0.658969202607107,1.2565716406784277,,255091.4456371255
New Orleans,"New Orleans, LA",2025-08-01,255955.63547584703,0.24929886943720891,-0.8165163430288835,0.5926672834585478,,,255434.98286780118
New Orleans,"New Orleans, LA",2025-09-01,256447.33224335976,0.19210234093836043,-0.23331174722035497,0.5369100474720057,,,255907.3651653497
New Orleans,"New Orleans, LA",2025-10-01,257001.60219725684,0.21613402995788178,0.29084925743938506,0.5936902024781032,,,256468.18997215453
New Orleans,"New Orleans, LA",2025-11-01,257472.6007874808,0.18326679141185132,0.5359845211345249,,,,256973.84507603245
New Orleans,"New Orleans, LA",2025-12-01,257824.2237366483,0.13656713300447265,0.5435598486504878,,,,257432.80890712864
New Orleans,"New Orleans, LA",2026-01-01,258527.3955297137,0.2727330205340328,0.7844033082007096,,,,257941.40668461425
Philadelphia,"Philadelphia, PA",2004-01-01,174934.11608927068,,,2.5599869003745557,6.689535148055037,14.990837891477703,
Philadelphia,"Philadelphia, PA",2004-02-01,176300.81322062027,0.7812639191843829,,2.900553230936165,7.587174058739388,15.233981619135605,
Philadelphia,"Philadelphia, PA",2004-03-01,177771.07554871243,0.8339509621275942,,3.4120459716692197,8.283531225162122,15.333544862373415,176335.3349528678
Philadelphia,"Philadelphia, PA",2004-04-01,179412.40654544203,0.9232834934836509,,4.026471114599373,8.640052847020364,15.335106904244578,177828.09843825825
Philadelphia,"Philadelphia, PA",2004-05-01,181414.5121546577,1.1159237244323883,,4.554514704391521,8.555313733946557,15.368702354641162,179532.66474960407
Philadelphia,"Philadelphia, PA",2004-06-01,183836.7063707653,1.335171143333147,,4.710752222064629,8.238107988372256,15.380974024770588,181554.54169028834
Philadelphia,"Philadelphia, PA",2004-07-01,186636.39527100185,1.5229215946624297,,4.435007438960903,7.780803179902129,15.298586348250986,183962.5379321416
Philadelphia,"Philadelphia, PA",2004-08-01,189677.06278664173,1.6291932295545708,,3.826519630325431,7.107545697056139,15.051891115765748,186716.72147613627
Philadelphia,"Philadelphia, PA",2004-09-01,192496.79810109656,1.4865979433826393,,3.3686662462580674,6.51069794034671,14.807991464240278,189603.41871958005
Philadelphia,"Philadelphia, PA",2004-10-01,194913.73328507924,1.2555716291516417,,3.2037109231755956,6.16260198865306,14.743778580840683,192362.53139093917
Philadelphia,"Philadelphia, PA",2004-11-01,196935.0928283973,1.0370534231990858,,3.160104064368907,6.276421103985053,14.767312940298915,194781.87473819102
Philadelphia,"Philadelphia, PA",2004-12-01,198981.37276385576,1.0390631278913487,,3.0396364857830926,6.599215534297476,14.681523456065504,196943.3996257774
Philadelphia,"Philadelphia, PA",2005-01-01,201158.20584910267,1.0939883743943613,14.990837891477703,2.8670394107049635,6.975066938219565,14.28987906409489,199024.8904804519
Philadelphia,"Philadelphia, PA",2005-02-01,203158.44670103615,0.9943620462761205,15.233981619135605,3.020854881720214,7.417166892405014,13.933493896000826,201099.34177133153
Philadelphia,"Philadelphia, PA",2005-03-01,205029.683170298,0.9210724435275486,15.333544862373415,3.454572599356487,7.790103420917038,13.624045305255073,203115.44524014564
Philadelphia,"Philadelphia, PA",2005-04-01,206925.49088866345,0.924650367230373,15.335106904244578,3.9935314081636752,8.083050369380352,13.394765488866023,205037.87358666587
Philadelphia,"Philadelphia, PA",2005-05-01,209295.56855583136,1.1453773321930205,15.368702354641162,4.267400048011916,7.989440882663934,12.943619473424949,207083.5808715976
Philadelphia,"Philadelphia, PA",2005-06-01,212112.5824256465,1.34595007875844,15.380974024770588,4.1907580425184054,7.581958161003177,12.2698424874077,209444.54729004708
Philadelphia,"Philadelphia, PA",2005-07-01,215189.1253587991,1.4504292475110647,15.298586348250986,3.932474362434868,6.837866369459511,11.388481564170094,212199.09211342564
Philadelphia,"Philadelphia, PA",2005-08-01,218227.0477488697,1.4117453124107726,15.051891115765748,3.5697071500182753,6.066373925243185,10.367501329025263,215176.2518444384
Philadelphia,"Philadelphia, PA",2005-09-01,221001.70753284276,1.2714554921560817,14.807991464240278,3.2547993528378782,5.412316807561335,9.28081099139706,218139.2935468372
Philadelphia,"Philadelphia, PA",2005-10-01,223651.3825442817,1.1989387055053147,14.743778580840683,2.795461211567929,4.914475582741762,8.138898042835475,220960.04594199805
Philadelphia,"Philadelphia, PA",2005-11-01,226017.11427563487,1.0577764842946147,14.767312940298915,2.4106148833737295,4.587650931672083,7.039386531437475,223556.7347842531
Philadelphia,"Philadelphia, PA",2005-12-01,228194.8696793824,0.9635356201794787,14.681523456065504,2.089508156759745,4.357500464333275,5.968409565850252,225954.4554997663
Philadelphia,"Philadelphia, PA",2006-01-01,229903.4701924425,0.7487462428321656,14.28987906409489,2.0613890401372625,4.25936547532122,5.065516454595809,228038.48471581994
Philadelphia,"Philadelphia, PA",2006-02-01,231465.5164713351,0.679435711685894,13.933493896000826,2.125791404316435,4.055128166079824,4.3071495364007895,229854.61878105334
Philadelphia,"Philadelphia, PA",2006-03-01,232963.02009464035,0.6469661857776865,13.624045305255073,2.221572371659386,3.6698692344443673,3.766083867547354,231444.00225280598
Philadelphia,"Philadelphia, PA",2006-04-01,234642.67512988477,0.7209964201880803,13.394765488866023,2.153582717083702,3.073381859065538,3.22159962828954,233023.7372319534
Philadelphia,"Philadelphia, PA",2006-05-01,236385.9905244394,0.7429660412751504,12.943619473424949,1.8891768036588763,2.3441922425116113,2.7610325708491423,234663.89524965486
Philadelphia,"Philadelphia, PA",2006-06-01,238138.46218524617,0.741360203673147,12.2698424874077,1.4168211554399068,1.543644773350561,2.229401916976337,236389.04261319013
Philadelphia,"Philadelphia, PA",2006-07-01,239695.8992283848,0.6540048293110834,11.388481564170094,0.9004081085723925,0.7732168478096213,1.735839458437538,238073.45064602347
Philadelphia,"Philadelphia, PA",2006-08-01,240851.73982452636,0.482211251782938,10.367501329025263,0.4465787762026663,0.24219985575213432,1.1943714479638379,239562.03374605245
Philadelphia,"Philadelphia, PA",2006-09-01,241512.458296726,0.27432580419846087,9.28081099139706,0.12505185674898112,0.09280867605361287,0.7233438505312328,240686.69911654573
Philadelphia,"Philadelphia, PA",2006-10-01,241854.1405409527,0.1414760325974207,8.138898042835475,-0.12605624015505912,0.14379829840711622,0.39499861858878216,241406.1128874017
Philadelphia,"Philadelphia, PA",2006-11-01,241927.33257669755,0.03026288306708924,7.039386531437475,-0.20347026542922864,0.4072926066481575,0.1947799371031511,241764.64380479208
Philadelphia,"Philadelphia, PA",2006-12-01,241814.47411010615,-0.04664973791483895,5.968409565850252,-0.032202910358036796,0.6753324101733904,0.050035722813723815,241865.31574258546
Philadelphia,"Philadelphia, PA",2007-01-01,241549.26830472745,-0.10967325523200122,5.065516454595809,0.27019513639219284,0.9552365606048996,-0.17092778808736053,241763.69166384373
Philadelphia,"Philadelphia, PA",2007-02-01,241435.0823909579,-0.04727230786950587,4.3071495364007895,0.6120081266371091,0.9498710060053206,-0.3251202733617231,241599.60826859716
Philadelphia,"Philadelphia, PA",2007-03-01,241736.60281177572,0.12488674712549663,3.766083867547354,0.7077632408934331,0.6299505257348903,-0.544685675825185,241573.65116915372
Philadelphia,"Philadelphia, PA",2007-04-01,242201.92267967775,0.19249044724283237,3.22159962828954,0.6831954632988246,0.2508396170805893,-0.726755103990917,241791.20262747045
Philadelphia,"Philadelphia, PA",2007-05-01,242912.68471574355,0.29345846151924704,2.7610325708491423,0.3358077088998712,-0.21165063216826985,-1.212264356716486,242283.73673573232
Philadelphia,"Philadelphia, PA",2007-06-01,243447.52562626204,0.22017825505669109,2.229401916976337,-0.07726585583319734,-0.6211021830174523,-1.7992725510245333,242854.04434056111
Philadelphia,"Philadelphia, PA",2007-07-01,243856.6352274478,0.16804837105381942,1.735839458437538,-0.42942205422535906,-1.1155086026827354,-2.5202317803542984,243405.61518981782
Philadelphia,"Philadelphia, PA",2007-08-01,243728.40423691465,-0.05258458126987664,1.1943714479638379,-0.5456260866075424,-1.262994461172906,-3.1034967334583663,243677.52169687484
Philadelphia,"Philadelphia, PA",2007-09-01,243259.42381208215,-0.1924192735355601,0.7233438505312328,-0.5442568518988056,-1.1672828968147697,-3.643334204934723,243614.8210921482
Philadelphia,"Philadelphia, PA",2007-10-01,242809.46105508925,-0.18497238460142285,0.39499861858878216,-0.6890454616332642,-0.9751486619020144,-4.194965398814143,243265.76303469532
Philadelphia,"Philadelphia, PA",2007-11-01,242398.55848292576,-0.1692284025416435,0.1947799371031511,-0.7213039973385849,-1.0027360216770753,-4.705092308552905,242822.48111669905
Philadelphia,"Philadelphia, PA",2007-12-01,241935.46773009535,-0.19104517606404192,0.050035722813723815,-0.6264354628452318,-1.1855337439712899,-5.137318256006395,242381.16242270346
Philadelphia,"Philadelphia, PA",2008-01-01,241136.393483273,-0.330284044055007,-0.17092778808736053,-0.28808825934527604,-1.4205697555012997,-5.393751834515859,241823.47323209804
Philadelphia,"Philadelphia, PA",2008-02-01,240650.1279910973,-0.20165578706368148,-0.3251202733617231,-0.28347675349296164,-1.8640450581233314,-5.641209406784031,241240.6630681552
Philadelphia,"Philadelphia, PA",2008-03-01,240419.89816303356,-0.09566993792426981,-0.544685675825185,-0.5626227495512892,-2.5052951903921317,-5.7994362141257305,240735.47321246797
Philadelphia,"Philadelphia, PA",2008-04-01,240441.70784463905,0.00907149606672597,-0.726755103990917,-1.135753468554035,-3.2515239289971687,-5.950626493127631,240503.9113329233
Philadelphia,"Philadelphia, PA",2008-05-01,239967.9408209915,-0.19704028385694183,-1.212264356716486,-1.5850615857545325,-3.739857181999018,-5.959987517400145,240276.5156095547
Philadelphia,"Philadelphia, PA",2008-06-01,239067.2411215203,-0.3753416795550635,-1.7992725510245333,-1.9536642000803295,-3.999196334063082,-5.879477677136125,239825.62992905025
Philadelphia,"Philadelphia, PA",2008-07-01,237710.882807943,-0.5673543172265205,-2.5202317803542984,-2.1400764529876493,-4.030437251625618,-5.722805334893632,238915.35491681824
Philadelphia,"Philadelphia, PA",2008-08-01,236164.3011729118,-0.6506145687409481,-3.1034967334583663,-2.1895005280342494,-3.8489097608494394,-5.498284143194898,237647.47503412503
Philadelphia,"Philadelphia, PA",2008-09-01,234396.67001760943,-0.7484751702621528,-3.643334204934723,-2.0862912594275973,-3.378789679056471,-5.2048640001919,236090.6179994881
Philadelphia,"Philadelphia, PA",2008-10-01,232623.68817878116,-0.7564023152270338,-4.194965398814143,-1.9317006698148842,-2.789814035054794,-4.736231688719272,234394.88645643412
Philadelphia,"Philadelphia, PA",2008-11-01,230993.4825517025,-0.7007908953045927,-4.705092308552905,-1.6965553205162909,-2.3063858731216857,-4.1582231906875595,232671.28024936435
Philadelphia,"Philadelphia, PA",2008-12-01,229506.4727786427,-0.6437453371555546,-5.137318256006395,-1.3200382625209506,-1.9586100024912567,-3.5435499204519383,231041.21450304214
Philadelphia,"Philadelphia, PA",2009-01-01,228130.09483608356,-0.599712036830713,-5.393751834515859,-0.8750160562596698,-1.7634425278203025,-2.9134930448942553,229543.35005547627
Philadelphia,"Philadelphia, PA",2009-02-01,227074.55033342572,-0.46269410592946203,-5.641209406784031,-0.6203552221325848,-1.7153985235560776,-2.4395219433238857,228237.03931605068
Philadelphia,"Philadelphia, PA",2009-03-01,226476.8995230024,-0.2631958577241633,-5.7994362141257305,-0.6471138909327157,-1.8899311187158707,-2.123912186190058,227227.18156417055
Philadelphia,"Philadelphia, PA",2009-04-01,226133.91987710743,-0.15144133755686795,-5.950626493127631,-0.89626896894619,-2.002277471587577,-1.8997698588279932,226561.78991117852
Philadelphia,"Philadelphia, PA",2009-05-01,225665.88150229823,-0.2069739803137738,-5.959987517400145,-1.1018788645009936,-1.895556156987721,-1.574448956201624,226092.233634136
Philadelphia,"Philadelphia, PA",2009-06-01,225011.33604643532,-0.290050694196875,-5.879477677136125,-1.250912053444353,-1.6166028633426643,-1.1764281627543616,225603.71247528036
Philadelphia,"Philadelphia, PA",2009-07-01,224107.15172498728,-0.40183945277381117,-5.722805334893632,-1.1160109625891201,-1.170695051482884,-0.8421248406328186,224928.12309124027
Philadelphia,"Philadelphia, PA",2009-08-01,223179.31684963455,-0.4140139519024921,-5.498284143194898,-0.8025200917612274,-0.7367618211702953,-0.766652715527294,224099.26820701905
Philadelphia,"Philadelphia, PA",2009-09-01,222196.64212221428,-0.44030725664526704,-5.2048640001919,-0.3703232277914692,-0.23848833268816927,-0.9451954177958632,223161.03689894537
Philadelphia,"Philadelphia, PA",2009-10-01,221606.0913437902,-0.2657784441671529,-4.736231688719272,-0.05530125698416377,0.10460203575635152,-1.4454625587464576,222327.350105213
Philadelphia,"Philadelphia, PA",2009-11-01,221388.2579912608,-0.0982975473320713,-4.1582231906875595,0.0662902632725837,0.32731157550818235,-2.152996528853557,221730.3304857551
Philadelphia,"Philadelphia, PA",2009-12-01,221373.79634506305,-0.006532255291658018,-3.5435499204519383,0.1323249250368752,0.4474075030941327,-2.844223511711952,221456.048560038
Philadelphia,"Philadelphia, PA",2010-01-01,221483.5403897236,0.04957408983017331,-2.9134930448942553,0.15999177020051825,0.33246233090602484,-3.442731105470731,221415.19824201582
Philadelphia,"Philadelphia, PA",2010-02-01,221535.01685033776,0.02324166415417217,-2.4395219433238857,0.26084839514770586,-0.030112753629052413,-3.8387631211846074,221464.11786170816
Philadelphia,"Philadelphia, PA",2010-03-01,221666.72905512791,0.059454350225429664,-2.123912186190058,0.3146661962489583,-0.7083965281765692,-4.198212289533487,221561.76209839643
Philadelphia,"Philadelphia, PA",2010-04-01,221837.8958266959,0.07721807070353304,-1.8997698588279932,0.1721950627763924,-1.5484448896256886,-4.658383198002358,221679.8805773872
Philadelphia,"Philadelphia, PA",2010-05-01,222112.8873864821,0.12396058787045305,-1.574448956201624,-0.2902041558934587,-2.4722162543895143,-5.313054483946178,221872.5040894353
Philadelphia,"Philadelphia, PA",2010-06-01,222364.2393197952,0.113164047467329,-1.1764281627543616,-1.0198535899268002,-3.2769696069106513,-6.051423243302745,222105.00751099107
Philadelphia,"Philadelphia, PA",2010-07-01,222219.88973067648,-0.06491582889418535,-0.8421248406328186,-1.7176821884793303,-3.7626839296795223,-6.593682885315211,222232.33881231793
Philadelphia,"Philadelphia, PA",2010-08-01,221468.30655651155,-0.33821597836081185,-0.766652715527294,-2.1883628183409054,-3.809797602521381,-6.790304591293539,222017.4785356611
Philadelphia,"Philadelphia, PA",2010-09-01,220096.44964237884,-0.619437126450717,-0.9451954177958632,-2.2803724775599443,-3.5147138724043736,-6.717205376840973,221261.54864318893
Philadelphia,"Philadelphia, PA",2010-10-01,218402.85826551425,-0.7694769177859939,-1.4454625587464576,-2.0807422807447074,-3.1588513811591,-6.479903509995744,219989.2048214682
Philadelphia,"Philadelphia, PA",2010-11-01,216621.7764814196,-0.8155029646770395,-2.152996528853557,-1.6577115268698428,-2.9128501853037614,-6.163066919894177,218373.69479643754
Philadelphia,"Philadelphia, PA",2010-12-01,215077.43078064744,-0.7129226460316773,-2.844223511711952,-1.2631458245795812,-2.868451934473637,-5.854196358491903,216700.68850919374
Philadelphia,"Philadelphia, PA",2011-01-01,213858.45765122876,-0.5667601314532589,-3.442731105470731,-1.1010184569673065,-2.9416852747296884,-5.6672797339884395,215185.88830443192
Philadelphia,"Philadelphia, PA",2011-02-01,213030.81232297688,-0.38700612421026515,-3.8387631211846074,-1.2762959637418358,-3.098555689129401,-5.552374836018159,213988.90025161768
Philadelphia,"Philadelphia, PA",2011-03-01,212360.68919412864,-0.31456629280099957,-4.198212289533487,-1.6258428763002652,-3.319150134665616,-5.3266994204365865,213083.31972277808
Philadelphia,"Philadelphia, PA",2011-04-01,211503.83656070312,-0.403489288284542,-4.658383198002358,-1.8611585165429267,-3.429381183723923,-4.868422953591123,212298.44602593625
Philadelphia,"Philadelphia, PA",2011-05-01,210311.90866377228,-0.56354906668028,-5.313054483946178,-1.8458178237703793,-3.3477311269245136,-4.296298508953889,211392.14480620134
Philadelphia,"Philadelphia, PA",2011-06-01,208908.03805680375,-0.6675183616030589,-6.051423243302745,-1.7212927743168516,-3.07391829275081,-3.7038203193104136,210241.2610937597
Philadelphia,"Philadelphia, PA",2011-07-01,207567.41489373855,-0.6417288561681223,-6.593682885315211,-1.5979632971776403,-2.808202951981731,-3.188226849339393,208929.12053810488
Philadelphia,"Philadelphia, PA",2011-08-01,206429.9339681447,-0.5480055365030045,-6.790304591293539,-1.5301572178122225,-2.5322833569091485,-2.8518160956985894,207635.12897289568
Philadelphia,"Philadelphia, PA",2011-09-01,205312.1190927649,-0.5414984415740398,-6.717205376840973,-1.3763159453530904,-2.0764704577662108,-2.480077177091322,206436.48931821607
Philadelphia,"Philadelphia, PA",2011-10-01,204250.56378683617,-0.5170446394589523,-6.479903509995744,-1.2298928918098029,-1.490144505136648,-2.1818852230693686,205330.8722825819
Philadelphia,"Philadelphia, PA",2011-11-01,203271.23143380613,-0.4794759607381627,-6.163066919894177,-1.0176985265565985,-0.9814227778502049,-1.8180095482726921,204277.9714378024
Philadelphia,"Philadelphia, PA",2011-12-01,202486.37565994883,-0.38611256906410096,-5.854196358491903,-0.7099253279011175,-0.6498787689180774,-1.4477850638380807,203336.05696019705
Philadelphia,"Philadelphia, PA",2012-01-01,201738.5006213404,-0.3693458565648733,-5.6672797339884395,-0.2634922862255973,-0.39100408563277345,-0.9332540148636381,202498.70257169846
Philadelphia,"Philadelphia, PA",2012-02-01,201202.54310659083,-0.26566942507199043,-5.552374836018159,0.03664872221236237,-0.32783443564140535,-0.47043649611606675,201809.13979596
Philadelphia,"Philadelphia, PA",2012-03-01,201048.87359358984,-0.07637553215198434,-5.3266994204365865,0.06047589266231501,-0.4121652081086724,-0.17310257902203308,201329.97244050703
Philadelphia,"Philadelphia, PA",2012-04-01,201206.935233856,0.07861851570760692,-4.868422953591123,-0.12784867079275175,-0.7022045809099597,0.005799169040998642,201152.78397801224
Philadelphia,"Philadelphia, PA",2012-05-01,201276.28126769816,0.03446503161610437,-4.296298508953889,-0.36434962837057494,-0.8448786014624288,0.31981145054191806,201177.363365048
Philadelphia,"Philadelphia, PA",2012-06-01,201170.4596945831,-0.0525752823176906,-3.7038203193104136,-0.4723554396023566,-0.8031256379286478,0.7056238464586695,201217.89206537907
Philadelphia,"Philadelphia, PA",2012-07-01,200949.69484161667,-0.10974019411279512,-3.188226849339393,-0.5750911565166605,-0.5443784712949373,1.0170618182230307,201132.14526796597
Philadelphia,"Philadelphia, PA",2012-08-01,200542.9318849012,-0.20242029082755408,-2.8518160956985894,-0.4822861810000134,-0.14307109679742025,1.3955478540305544,200887.69547370033
Philadelphia,"Philadelphia, PA",2012-09-01,200220.22008534268,-0.16091905933823814,-2.480077177091322,-0.3323400245100361,0.24005204007719882,1.7286716890127174,200570.94893728686
Philadelphia,"Philadelphia, PA",2012-10-01,199794.05091753532,-0.2128502144417288,-2.1818852230693686,0.030890332793842568,0.7130105426437661,2.256857322351924,200185.7342959264
Philadelphia,"Philadelphia, PA",2012-11-01,199575.74103744805,-0.1092674577069297,-1.8180095482726921,0.3408590000565592,1.1746141153144096,2.682502901969541,199863.33734677534
Philadelphia,"Philadelphia, PA",2012-12-01,199554.808156837,-0.010488689909016191,-1.4477850638380807,0.5743006956599572,1.520964742175579,3.0209354124067778,199641.5333706068
Philadelphia,"Philadelphia, PA",2013-01-01,199855.76796476604,0.15081561336898197,-0.9332540148636381,0.6819095657157215,1.569986960533254,3.177535468384818,199662.1057196837
Philadelphia,"Philadelphia, PA",2013-02-01,200256.01291270377,0.20026689848064994,-0.47043649611606675,0.8309228399742574,1.5408234238001084,3.173393627119192,199888.8630114356
Philadelphia,"Philadelphia, PA",2013-03-01,200700.8528083046,0.22213559989070486,-0.17310257902203308,0.9412583930165752,1.4850547447245566,3.0980236098466785,200270.87789525813
Philadelphia,"Philadelphia, PA",2013-04-01,201218.6035641524,0.257971378099886,0.005799169040998642,0.8820625260766102,1.5329169204553406,2.967415692164943,200725.15642838692
Philadelphia,"Philadelphia, PA",2013-05-01,201919.98586241723,0.34856732222634523,0.31981145054191806,0.7040504676849135,1.490382542933677,2.9136269029525597,201279.8140782914
Philadelphia,"Philadelphia, PA",2013-06-01,202589.96643021863,0.3318049795516087,0.7056238464586695,0.5387255522322665,1.4774984398941982,2.7983466094184672,201909.51861892943
Philadelphia,"Philadelphia, PA",2013-07-01,202993.47746168645,0.19917621715328515,1.0170618182230307,0.645163647611291,1.5827003192155686,2.8013227112216654,202501.1432514408
Philadelphia,"Philadelphia, PA",2013-08-01,203341.60446723088,0.17149664604871884,1.3955478540305544,0.7808346055564908,1.6077968921969887,2.6837949073762024,202975.016119712
Philadelphia,"Philadelphia, PA",2013-09-01,203681.37034563697,0.16709117610058666,1.7286716890127174,0.9337425778032538,1.5893659112461211,2.5349769572006853,203338.81742485144
Philadelphia,"Philadelphia, PA",2013-10-01,204303.11758529127,0.3052548392615595,2.256857322351924,0.9315267993272647,1.4128410915579703,2.1352059054790873,203775.3641327197
Philadelphia,"Philadelphia, PA",2013-11-01,204929.36608240483,0.3065290948642163,2.682502901969541,0.8205551083964702,1.4023440688252675,1.7837649027193425,204304.61800444438
Philadelphia,"Philadelphia, PA",2013-12-01,205583.2300236073,0.319067956780561,3.0209354124067778,0.649558132591288,1.301616801587424,1.534629451667846,204938.57123043446
Philadelphia,"Philadelphia, PA",2014-01-01,206206.25587745933,0.3030528578525038,3.177535468384818,0.4768721008131305,1.1996357531121715,1.4034163201570138,205572.95066115717
Philadelphia,"Philadelphia, PA",2014-02-01,206610.9244643985,0.19624457328766276,3.173393627119192,0.5770539150506515,1.0589718979153062,1.4296920682369985,206133.4701218217
Philadelphia,"Philadelphia, PA",2014-03-01,206918.6126134695,0.14892152961836214,3.0980236098466785,0.6478505033644888,0.9308169585197534,1.5342863476421442,206578.59765177578
Philadelphia,"Philadelphia, PA",2014-04-01,207189.59598187025,0.13096133063048576,2.967415692164943,0.7193333522304224,0.712301130848858,1.6466750045342815,206906.3776865794
Philadelphia,"Philadelphia, PA",2014-05-01,207803.18089294265,0.2961465840814137,2.9136269029525597,0.479153011651845,0.3761459731494998,1.6403214382180176,207303.79649609412
Philadelphia,"Philadelphia, PA",2014-06-01,208259.13588684067,0.21941675384311576,2.7983466094184672,0.28114505549805546,0.23001868818817162,1.6652102347028297,207750.63758721785
Philadelphia,"Philadelphia, PA",2014-07-01,208679.9798481193,0.2020770707064301,2.8013227112216654,-0.006981997544575069,0.20136492145286233,1.8305109137719988,208247.4322093009
Philadelphia,"Philadelphia, PA",2014-08-01,208798.8760924995,0.05697539575513222,2.6837949073762024,-0.10251583081158921,0.36683548561742274,2.208651941555284,208579.33060915317
Philadelphia,"Philadelphia, PA",2014-09-01,208844.64615000947,0.021920643619610658,2.5349769572006853,-0.05098303103896473,0.5979039973196709,2.6657100852801374,208774.5006968761
Philadelphia,"Philadelphia, PA",2014-10-01,208665.4098170503,-0.0858228047801779,2.1352059054790873,0.20836146678993028,0.9277653903185579,3.117139167581584,208769.6440198531
Philadelphia,"Philadelphia, PA",2014-11-01,208584.824189948,-0.03861954272773582,1.7837649027193425,0.4698329696012138,1.2594381392235343,3.3716047590095055,208698.29338566927
Philadelphia,"Philadelphia, PA",2014-12-01,208738.1708192396,0.07351763479779283,1.534629451667846,0.6492180193829578,1.4318979137173171,3.546706527463228,208662.80160874597
Philadelphia,"Philadelphia, PA",2015-01-01,209100.1881256283,0.1734312919232206,1.4034163201570138,0.7179080797235171,1.6258720563300022,3.7274486833860143,208807.7277116053
Philadelphia,"Philadelphia, PA",2015-02-01,209564.82446357713,0.22220751789552295,1.4296920682369985,0.7859126926798243,1.8350847140157223,3.8786778450863757,209134.39446948166
Philadelphia,"Philadelphia, PA",2015-03-01,210093.3366375285,0.2521950786847027,1.5342863476421442,0.7776313713472094,2.0555160751814183,3.8088521419653576,209586.1164089113
Philadelphia,"Philadelphia, PA",2015-04-01,210601.3352708993,0.2417966421501605,1.6466750045342815,0.9014920920396463,2.169248242835886,3.710016257898907,210086.49879066832
Philadelphia,"Philadelphia, PA",2015-05-01,211211.82101842857,0.28987743441608593,1.6403214382180176,1.0409907429573817,2.0858960493953305,3.623162252800771,210635.49764228545
Philadelphia,"Philadelphia, PA",2015-06-01,211727.088332332,0.24395761156685847,1.6652102347028297,1.2680241502456502,2.084954198081612,3.7177613833851764,211180.08154055328
Philadelphia,"Philadelphia, PA",2015-07-01,212499.88965409636,0.3649987953130207,1.8305109137719988,1.256429537870285,2.067954335379407,3.667984503598465,211812.93300161898
Philadelphia,"Philadelphia, PA",2015-08-01,213410.5165232621,0.4285305138972406,2.208651941555284,1.034140004719597,2.006767251983632,3.5862499610907594,212545.83150323015
Philadelphia,"Philadelphia, PA",2015-09-01,214411.8389449979,0.46920013036313435,2.6657100852801374,0.8067008857839841,1.7180218514522227,3.45440279580993,213440.7483741188
Philadelphia,"Philadelphia, PA",2015-10-01,215169.8010356522,0.3535075742010285,3.117139167581584,0.8014550791617614,1.5080545678489488,3.5280689720496694,214330.71883463743
Philadelphia,"Philadelphia, PA",2015-11-01,215617.4800489079,0.20805847804892252,3.3716047590095055,0.9626718723181993,1.50585562050769,3.709882302082401,215066.373343186
Philadelphia,"Philadelphia, PA",2015-12-01,216141.50114899292,0.24303275410053615,3.546706527463228,0.9040281624738356,1.5994591936979718,3.9094181427276053,215642.92741118433
Philadelphia,"Philadelphia, PA",2016-01-01,216894.2903348747,0.34828535097610747,3.7274486833860143,0.7009814373535317,1.5676126543710422,3.87720871145254,216217.75717759182
Philadelphia,"Philadelphia, PA",2016-02-01,217693.16888114004,0.36832622243392343,3.8786778450863757,0.5380045299082648,1.548409729724498,3.7783856368728497,216909.65345500255
Philadelphia,"Philadelphia, PA",2016-03-01,218095.4811901735,0.18480704337264786,3.8088521419653576,0.6892004649253103,1.7070533940322763,3.8469904526212906,217560.9801353961
Philadelphia,"Philadelphia, PA",2016-04-01,218414.67904880183,0.14635693361753077,3.710016257898907,0.860598580716565,1.9900040571169786,4.113050349630143,218067.7763733718
Philadelphia,"Philadelphia, PA",2016-05-01,218864.3679910214,0.2058876922457653,3.623162252800771,1.0049982636324062,2.1713295928608822,4.362975247890044,218458.1760766656
Philadelphia,"Philadelphia, PA",2016-06-01,219598.59626051728,0.3354718158261383,3.7177613833851764,1.0108858987926128,2.2735937448502996,4.4689092663736885,218959.21443344685
Philadelphia,"Philadelphia, PA",2016-07-01,220294.35267677245,0.3168309944157288,3.667984503598465,1.1197687623245578,2.2739493394817956,4.442485386188966,219585.77230943704
Philadelphia,"Philadelphia, PA",2016-08-01,221063.9510890412,0.3493500413957129,3.5862499610907594,1.1547263494666282,2.1959732437795365,4.322899186091811,220318.96667544366
Philadelphia,"Philadelphia, PA",2016-09-01,221818.48750406137,0.3413204239330003,3.45440279580993,1.2500710540474191,2.1040203085016307,4.248066946763651,221058.93042329166
Philadelphia,"Philadelphia, PA",2016-10-01,222761.14002321204,0.42496571397521166,3.5280689720496694,1.1413995416366784,2.0816219316200923,4.189328324287889,221881.19287210485
Philadelphia,"Philadelphia, PA",2016-11-01,223616.6347814384,0.3840412911054525,3.709882302082401,1.0293605962766517,2.1450691341324157,4.291245160295132,222732.08743623726
Philadelphia,"Philadelphia, PA",2016-12-01,224591.37620887544,0.4358984421663159,3.9094181427276053,0.8434060791901565,2.146512546532997,4.351435192140074,223656.3836711753
Philadelphia,"Philadelphia, PA",2017-01-01,225303.73465438164,0.3171797855869851,3.87720871145254,0.9296118051009827,2.120321020858462,4.512508948443705,224503.9152148985
Philadelphia,"Philadelphia, PA",2017-02-01,225918.4563065984,0.27284130605280676,3.7783856368728497,1.1043408879070515,2.081222845482067,4.6730373257982905,225271.1890566185
Philadelphia,"Philadelphia, PA",2017-03-01,226485.59352915795,0.2510362507921249,3.8469904526212906,1.2922079072969161,2.099865051135019,4.943789584866742,225902.59483004603
Philadelphia,"Philadelphia, PA",2017-04-01,227398.18476906215,0.40293566830629235,4.113050349630143,1.1797421930610286,2.0647265911190704,4.950073184323189,226600.74486827283
Philadelphia,"Philadelphia, PA",2017-05-01,228413.36619292063,0.4464333894703021,4.362975247890044,0.9662116868533577,2.1011058530338467,4.782648694806024,227432.3814970469
Philadelphia,"Philadelphia, PA",2017-06-01,229412.25827763008,0.4373177022686914,4.4689092663736885,0.7973536765802258,2.158588277404605,4.380607808663672,228407.9364132043
Philadelphia,"Philadelphia, PA",2017-07-01,230080.89710103764,0.2914573216041383,4.442485386188966,0.8746655989391838,2.3425190047107636,4.186131677337457,229302.17385719612
Philadelphia,"Philadelphia, PA",2017-08-01,230620.32283141176,0.23445046380241585,4.322899186091811,1.1240336219609626,2.5389727983954558,4.120667631867114,230037.8260700265
Philadelphia,"Philadelphia, PA",2017-09-01,231241.48535353248,0.2693442253893563,4.248066946763651,1.3504666056928905,2.7854341749691702,4.132342487820728,230647.56842866063
Philadelphia,"Philadelphia, PA",2017-10-01,232093.33555771108,0.3683812196917158,4.189328324287889,1.4551259199287125,2.826977242356299,4.0295774691601505,231318.38124755176
Philadelphia,"Philadelphia, PA",2017-11-01,233212.57279911172,0.48223583788442603,4.291245160295132,1.3992115679681616,2.6263602331908498,3.854686485567771,232182.46457011843
Philadelphia,"Philadelphia, PA",2017-12-01,234364.32439174017,0.4938634220293725,4.351435192140074,1.4158470279757474,2.175068752149678,3.673337703462942,233223.41091618765
Philadelphia,"Philadelphia, PA",2018-01-01,235470.58584183847,0.4720263858287499,4.512508948443705,1.3521754667283004,1.8014142025777558,3.594563591234423,234349.1610108968
Philadelphia,"Philadelphia, PA",2018-02-01,236475.71009567307,0.42685766897005983,4.6730373257982905,1.2102151942277262,1.542530406054965,3.635288956403304,235436.87344308392
Philadelphia,"Philadelphia, PA",2018-03-01,237682.56471327608,0.5103503514651608,4.943789584866742,0.7486223765054145,1.3104077670759828,3.6265467494009718,236542.95355026252
Philadelphia,"Philadelphia, PA",2018-04-01,238654.5613349532,0.40894738023786736,4.950073184323189,0.4432452818903032,1.1695376632237409,3.63508543523694,237604.2787146341
Philadelphia,"Philadelphia, PA",2018-05-01,239337.57506990884,0.28619345514917516,4.782648694806024,0.3283415722311167,1.196891568195424,3.6184503841128146,238558.23370604604
Philadelphia,"Philadelphia, PA",2018-06-01,239461.9095777716,0.05194943076800573,4.380607808663672,0.5576109899261272,1.4663743020791875,3.8407204493931424,239151.34866087788
Philadelphia,"Philadelphia, PA",2018-07-01,239712.3864180864,0.10459986757660467,4.186131677337457,0.7230873308554653,1.7614189377452405,3.995233075112181,239503.95702192225
Philadelphia,"Philadelphia, PA",2018-08-01,240123.4198268332,0.1714694075215295,4.120667631867114,0.8657075182878504,2.060967500001909,4.082254220849824,239765.9052742304
Philadelphia,"Philadelphia, PA",2018-09-01,240797.17550226423,0.28058723964405896,4.132342487820728,0.903724047545329,2.28618069295512,3.9954743780493907,240210.99391572794
Philadelphia,"Philadelphia, PA",2018-10-01,241445.71631476688,0.269330739096052,4.0295774691601505,1.0308774625613415,2.4370456057836387,3.990732890111648,240788.77054795474
Philadelphia,"Philadelphia, PA",2018-11-01,242202.186325444,0.313308524260969,3.854686485567771,1.185001336056013,2.3929181799873023,4.128697861276476,241481.69271415836
Philadelphia,"Philadelphia, PA",2018-12-01,242973.31748308815,0.3183832356525418,3.673337703462942,1.3700749486296182,2.3400325118991816,4.318894574783894,242207.07337443298
Philadelphia,"Philadelphia, PA",2019-01-01,243934.7257885756,0.3956847259799945,3.594563591234423,1.39182018264008,2.1951483781230907,4.578591931648113,243036.7431990359
Philadelphia,"Philadelphia, PA",2019-02-01,245072.2854693574,0.46633773732065453,3.635288956403304,1.1937706458287511,1.980469880268254,4.836936884695242,243993.4429136737
Philadelphia,"Philadelphia, PA",2019-03-01,246302.23403777825,0.5018717502329073,3.6265467494009718,0.9568480281395564,1.6710895582515484,5.206669864968738,245103.08176523706
Philadelphia,"Philadelphia, PA",2019-04-01,247329.85853456872,0.41722094028300294,3.63508543523694,0.7923007931369241,1.5167240280505423,5.611203957332678,246234.79268056815
Philadelphia,"Philadelphia, PA",2019-05-01,247997.88647435224,0.27009595353411076,3.6184503841128146,0.7774186389327031,1.6952145833347698,5.830404106483833,247209.9930155664
Philadelphia,"Philadelphia, PA",2019-06-01,248658.9721074324,0.2665690593087078,3.8407204493931424,0.7074720972993331,1.9336148468143577,5.73956853282247,247995.57237211778
Philadelphia,"Philadelphia, PA",2019-07-01,249289.45496540252,0.2535532310081745,3.995233075112181,0.7187287413950472,2.3322472655025406,5.608684936219199,248648.77118239572
Philadelphia,"Philadelphia, PA",2019-08-01,249925.86826796303,0.25529090376037455,4.082254220849824,0.9107158694849682,2.8009941587645804,5.77375519238561,249291.431780266
Philadelphia,"Philadelphia, PA",2019-09-01,250418.16495252383,0.19697708283361592,3.9954743780493907,1.2175290710607412,3.4774686905381547,6.503199588754782,249877.82939529643
Philadelphia,"Philadelphia, PA",2019-10-01,251081.16992750592,0.2647591380233072,3.990732890111648,1.6020044576320558,4.033305810923116,7.534372632736064,250475.0677159976
Philadelphia,"Philadelphia, PA",2019-11-01,252201.98281222745,0.4463946400461438,4.128697861276476,1.873218590307535,4.066257729128897,8.717469783728626,251233.77256408575
Philadelphia,"Philadelphia, PA",2019-12-01,253467.07891003767,0.5016202028641947,4.318894574783894,2.232755176122514,3.7337572023985244,9.893169748762244,252250.07721659038
Philadelphia,"Philadelphia, PA",2020-01-01,255103.50146201928,0.6456154223335675,4.578591931648113,2.3929659323846497,3.201764603308188,10.779995249534169,253590.85439476147
Philadelphia,"Philadelphia, PA",2020-02-01,256926.27723939033,0.7145240135570718,4.836936884695242,2.1527140981388415,2.89176292306077,11.517069173319916,255165.6192038158
Philadelphia,"Philadelphia, PA",2020-03-01,259126.37823416805,0.8563160679465165,5.206669864968738,1.468220262371056,2.924048043024152,12.0589619355286,257052.0523118592
Philadelphia,"Philadelphia, PA",2020-04-01,261208.04134432576,0.8033389438556249,5.611203957332678,0.7898967117112798,3.3653326639220937,12.632306350929667,259086.8989392947
Philadelphia,"Philadelphia, PA",2020-05-01,262457.165431346,0.4782104259086095,5.830404106483833,0.7234744876302601,4.469471811608949,13.544701860953158,260930.5283366133
Philadelphia,"Philadelphia, PA",2020-06-01,262930.92422455037,0.180508995601536,5.73956853282247,1.4347623097051398,5.937712768222458,14.756612348013064,262198.7103334074
Philadelphia,"Philadelphia, PA",2020-07-01,263271.31507363,0.1294601804955109,5.608684936219199,2.555252099897798,7.343121191149726,15.65595876036252,262886.4682431755
Philadelphia,"Philadelphia, PA",2020-08-01,264355.97606419935,0.4119936082918718,5.77375519238561,3.719090651940049,8.382892862579162,15.65994636877226,263519.40512079326
Philadelphia,"Philadelphia, PA",2020-09-01,266703.3580258836,0.8879625104878386,6.503199588754782,4.4392576627416025,8.875393133280074,14.490915000098692,264776.883054571
Philadelphia,"Philadelphia, PA",2020-10-01,269998.5608804775,1.2355310705439493,7.534372632736064,4.6685752247852985,8.965262770582694,12.985076583890942,267019.29832352017
Philadelphia,"Philadelphia, PA",2020-11-01,274187.61445784784,1.5515095946103008,8.717469783728626,4.496570671150479,8.686968443479536,11.420181897811666,270296.51112140296
Philadelphia,"Philadelphia, PA",2020-12-01,278543.00728383684,1.5884717603313003,9.893169748762244,4.247574685817623,8.324608252667476,10.260552280065793,274243.06087405403
Philadelphia,"Philadelphia, PA",2021-01-01,282603.6468010203,1.4578142013975004,10.779995249534169,4.105040635711221,7.74417352222303,9.80995927112236,278444.7561809016
Philadelphia,"Philadelphia, PA",2021-02-01,286516.6543134866,1.3846273948550314,11.517069173319916,4.010081618387429,6.714208593250803,9.850805515917592,282554.43613278127
Philadelphia,"Philadelphia, PA",2021-03-01,290374.32955034025,1.346405236406567,12.0589619355286,3.91091455042214,5.157751173347647,10.255283541232952,286498.2102216157
Philadelphia,"Philadelphia, PA",2021-04-01,294204.641340204,1.3190944928896275,12.632306350929667,3.495635623683202,3.689078254022693,10.63192481676083,290365.2084013436
Philadelphia,"Philadelphia, PA",2021-05-01,298006.2060017304,1.292149792134123,13.544701860953158,2.599870063350984,2.514757282749569,10.82552957489671,294195.0589640915
Philadelphia,"Philadelphia, PA",2021-06-01,301730.62145541527,1.2497778162590567,14.756612348013064,1.1999091994522537,1.7871691932480616,10.71801968889372,297980.48959911655
Philadelphia,"Philadelphia, PA",2021-07-01,304488.9635894216,0.9141737489888557,15.65595876036252,0.1869089736719287,1.9173062276757413,10.270366076909232,301408.5970155224
Philadelphia,"Philadelphia, PA",2021-08-01,305753.9801384974,0.4154556323366698,15.65994636877226,-0.08295603157084663,2.9392495751171754,9.775653961096232,303991.18839444476
Philadelphia,"Philadelphia, PA",2021-09-01,305351.1149398233,-0.13176122792961653,14.490915000098692,0.5802969572219485,4.8475098706535436,9.562281496719649,305198.0195559141
Philadelphia,"Philadelphia, PA",2021-10-01,305058.0807862109,-0.09596629561026138,12.985076583890942,1.7271690201147383,6.695832077636177,9.537329229905867,305387.7252881772
Philadelphia,"Philadelphia, PA",2021-11-01,305500.33877020463,0.14497501028456483,11.420181897811666,3.0247147900441806,8.106903349753747,9.434666505524847,305303.1781654129
Philadelphia,"Philadelphia, PA",2021-12-01,307123.05816866236,0.5311677901864265,10.260552280065793,4.242593273756667,8.774043493330662,8.957646765423144,305893.8259083593
Philadelphia,"Philadelphia, PA",2022-01-01,310326.9494509069,1.043194640398859,9.80995927112236,4.884302891137171,8.195918984135409,7.8363022637043755,307650.11546325794
Philadelphia,"Philadelphia, PA",2022-02-01,314740.85270062205,1.4223396509794428,9.850805515917592,4.932979984527641,6.641202859158568,6.369186474329025,310730.2867733971
Philadelphia,"Philadelphia, PA",2022-03-01,320153.04037668183,1.7195694901442682,10.255283541232952,4.34702368510127,4.49678931992048,4.879958195263523,315073.61417607026
Philadelphia,"Philadelphia, PA",2022-04-01,325484.2576149153,1.665208998784129,10.63192481676083,3.1573991547958036,2.6631753995808305,3.766659775542913,320126.05023073975
Philadelphia,"Philadelphia, PA",2022-05-01,330266.95596747537,1.4694100377101948,10.82552957489671,1.6279180052666042,1.2281946061071025,3.142251019339559,325301.4179863575
Philadelphia,"Philadelphia, PA",2022-06-01,334070.16887042805,1.151557197665043,10.71801968889372,0.14352650370859088,0.1687932765906064,2.8758800611915047,329940.46081760625
Philadelphia,"Philadelphia, PA",2022-07-01,335761.09481384204,0.5061589153953605,10.270366076909232,-0.47909675822026543,-0.3323754942030188,3.237491305697815,333366.0732172485
Philadelphia,"Philadelphia, PA",2022-08-01,335643.43120911584,-0.03504384711142672,9.775653961096232,-0.39332046449951363,-0.2550762533959805,4.08161079292324,335158.23163112864
Philadelphia,"Philadelphia, PA",2022-09-01,334549.6481037412,-0.3258765117000628,9.562281496719649,0.025230560340894215,0.36668004618778394,5.115515827113248,335318.05804223305
Philadelphia,"Philadelphia, PA",2022-10-01,334152.47429322405,-0.11871894433855834,9.537329229905867,0.14742758479673324,1.0748589956107946,5.756325043090316,334781.851202027
Philadelphia,"Philadelphia, PA",2022-11-01,334323.27690642205,0.05111517236533469,9.434666505524847,0.13879010097335165,1.8908333006237177,6.1181643578924305,334341.7997677958
Philadelphia,"Philadelphia, PA",2022-12-01,334634.0568545762,0.0929579151741633,8.957646765423144,0.3413633579588904,2.7025251039273,6.377252222337448,334369.9360180741
Philadelphia,"Philadelphia, PA",2023-01-01,334645.10721561307,0.0033022224757095486,7.8363022637043755,0.9260661338792664,3.58177173139429,6.739426339281085,334534.1469922038
Philadelphia,"Philadelphia, PA",2023-02-01,334787.2845200179,0.04248599526459618,6.369186474329025,1.7496149073537914,4.347777193490376,7.164643667584092,334688.8161967357
Philadelphia,"Philadelphia, PA",2023-03-01,335776.37490792904,0.2954384570875046,4.879958195263523,2.353129025709144,4.731486364538595,7.552466203401154,335069.5888811867
Philadelphia,"Philadelphia, PA",2023-04-01,337744.14222222083,0.5860350701657691,3.766659775542913,2.6313376704806712,4.631681996887882,7.748589521052329,336102.6005500559
Philadelphia,"Philadelphia, PA",2023-05-01,340644.7727579051,0.8588248241995666,3.142251019339559,2.5534861124558494,4.148882603399828,7.44270318406306,338055.09662935167
Philadelphia,"Philadelphia, PA",2023-06-01,343677.6262473615,0.8903273239456944,2.8758800611915047,2.3236781928103634,3.578029960501561,6.767080963289951,340688.8470758291
Philadelphia,"Philadelphia, PA",2023-07-01,346631.331066356,0.8594405318862908,3.237491305697815,1.9490580282893077,3.048465531247291,5.969355742640525,343651.24335720757
Philadelphia,"Philadelphia, PA",2023-08-01,349343.089723085,0.7823178154111821,4.08161079292324,1.555672606969738,2.699498302556491,5.357195073528653,346550.6823456008
Philadelphia,"Philadelphia, PA",2023-09-01,351663.5883020397,0.6642463089205908,5.115515827113248,1.2258665734509622,2.6935355706149133,4.9998423820740046,349212.6696971602
Philadelphia,"Philadelphia, PA",2023-10-01,353387.37685307086,0.49018113002663455,5.756325043090316,1.0783890741324242,2.978932828640901,4.870680786539894,351464.6849593985
Philadelphia,"Philadelphia, PA",2023-11-01,354777.72447424877,0.3934344326498085,6.1181643578924305,1.1263040913661815,3.162607699984754,4.77837999825379,353276.22987645306
Philadelphia,"Philadelphia, PA",2023-12-01,355974.51468203263,0.3373352172990618,6.377252222337448,1.449895216356567,3.0788874860860904,4.771314424681949,354713.2053364508
Philadelphia,"Philadelphia, PA",2024-01-01,357198.26771441754,0.34377546198158804,6.739426339281085,1.8802671589023712,2.834482004496741,4.728558407879024,355983.502290233
Philadelphia,"Philadelphia, PA",2024-02-01,358773.6005002581,0.4410247552208313,7.164643667584092,2.0136240782406167,2.5878381247223636,4.57526063291227,357315.4609655694
Philadelphia,"Philadelphia, PA",2024-03-01,361135.7721418559,0.658401743691317,7.552466203401154,1.6057111407118407,2.2458149859620136,4.085230225462277,359035.88011884387
Philadelphia,"Philadelphia, PA",2024-04-01,363914.5494344199,0.7694550102537168,7.748589521052329,0.9366041847005402,1.8370242397509617,3.5289873571640484,361274.640692178
Philadelphia,"Philadelphia, PA",2024-05-01,365997.9521063021,0.5724977677095122,7.44270318406306,0.562879764021873,1.566238324420799,3.1962258349197192,363682.7578941926
Philadelphia,"Philadelphia, PA",2024-06-01,366934.56946823344,0.25590781493207704,6.767080963289951,0.6299880568363836,1.6418754411026137,3.181885531110362,365615.69033631845
Philadelphia,"Philadelphia, PA",2024-07-01,367322.9883331568,0.10585507533025229,5.969355742640525,0.8920649375154133,1.841868959187698,3.3551897666939556,366751.8366358974
Philadelphia,"Philadelphia, PA",2024-08-01,368058.0805154429,0.20012147500536592,5.357195073528653,0.9977424699385784,1.9372886148294466,3.3564770530989163,367438.54610561096
Philadelphia,"Philadelphia, PA",2024-09-01,369246.21343228733,0.32281125717454895,4.9998423820740046,1.0055525234631935,1.7990127417467638,3.2459398902038084,368209.094093629
Philadelphia,"Philadelphia, PA",2024-10-01,370599.7479195107,0.36656692417824654,4.870680786539894,0.9414060682180647,1.6614420246901185,3.009452368793042,369301.34728908027
Philadelphia,"Philadelphia, PA",2024-11-01,371730.3522987862,0.30507424401191585,4.77837999825379,0.9302645008827826,1.604851707998134,2.8764913548384285,370525.4378835281
Philadelphia,"Philadelphia, PA",2024-12-01,372959.178049248,0.33056911894944196,4.771314424681949,0.7855609899260152,1.5151334854108578,2.7743678612358824,371763.0927558483
Philadelphia,"Philadelphia, PA",2025-01-01,374088.59643522586,0.3028262749519284,4.728558407879024,0.7133207120033846,1.4859515275713386,2.7124801945591637,372926.0422610867
Philadelphia,"Philadelphia, PA",2025-02-01,375188.42780522833,0.2940029128081001,4.57526063291227,0.6683696019734953,1.392217173474064,,374078.73409656744
Philadelphia,"Philadelphia, PA",2025-03-01,375888.9998603516,0.18672539001842736,4.085230225462277,0.7238859300071399,1.4213567592524123,,375055.3413669353
Philadelphia,"Philadelphia, PA",2025-04-01,376757.0478748411,0.23093200780335277,3.5289873571640484,0.7671585149866544,1.3259799558770213,,375944.8251801403
Philadelphia,"Philadelphia, PA",2025-05-01,377696.0732068008,0.24923895578237154,3.1962258349197192,0.7190417152503237,1.251554060129756,,376780.7069806645
Philadelphia,"Philadelphia, PA",2025-06-01,378610.00744278525,0.24197610216720733,3.181885531110362,0.6924582216078834,1.240440053212355,,377687.7095081424
Philadelphia,"Philadelphia, PA",2025-07-01,379647.3716484253,0.27399281192979075,3.3551897666939556,0.5545670326778662,1.2085699040370157,,378651.1507660038
Philadelphia,"Philadelphia, PA",2025-08-01,380411.8655300201,0.20136946511057907,3.3564770530989163,0.5287106944334763,,,379556.4148737436
Philadelphia,"Philadelphia, PA",2025-09-01,381231.72356715304,0.21551852384800174,3.2459398902038084,0.5442133813025496,,,380430.3202485328
Philadelphia,"Philadelphia, PA",2025-10-01,381752.77081201546,0.136674681736082,3.009452368793042,0.6503959896188682,,,381132.11996972957
Philadelphia,"Philadelphia, PA",2025-11-01,382423.1437459712,0.17560394716449323,2.8764913548384285,,,,381802.54604171327
Philadelphia,"Philadelphia, PA",2025-12-01,383306.43762057583,0.23097291287144106,2.7743678612358824,,,,382494.1173928541
Philadelphia,"Philadelphia, PA",2026-01-01,384235.67552363576,0.24242689708742216,2.7124801945591637,,,,383321.7522967276
Tampa,"Tampa, FL",2004-01-01,147719.7741166836,,,2.7382304857292317,6.8024676816251795,16.732044095065213,
Tampa,"Tampa, FL",2004-02-01,148904.69672271106,0.8021421729845546,,3.0707847950808054,7.737593165993384,17.58422843087142,
Tampa,"Tampa, FL",2004-03-01,150228.06474158747,0.8887349076307283,,3.455389328616887,8.614666184617814,18.4742101517283,148950.8451936607
Tampa,"Tampa, FL",2004-04-01,151764.68200499698,1.0228563258487755,,3.9559151220348143,9.13132487770849,19.56755714521019,150299.1478230985
Tampa,"Tampa, FL",2004-05-01,153477.23950883324,1.1284295405302958,,4.527770289312216,9.377016867044352,20.570664873880638,151823.3287518059
Tampa,"Tampa, FL",2004-06-01,155419.02925925594,1.265197208808888,,4.9869580400620395,9.419808856991786,21.52750967611434,153553.65025769538
Tampa,"Tampa, FL",2004-07-01,157768.3640103407,1.5116133219220007,,4.978465871420812,9.297141376021202,22.182979345129805,155554.87759280996
Tampa,"Tampa, FL",2004-08-01,160426.33636017074,1.6847308815700401,,4.639194507172939,9.139460958355649,22.758971900173684,157871.24320992245
Tampa,"Tampa, FL",2004-09-01,163169.71103468677,1.7100525616672524,,4.222287129452984,9.077543865348447,23.47453800776156,160454.80380173272
Tampa,"Tampa, FL",2004-10-01,165622.80816849446,1.5034022664207614,,4.113867990688647,9.563003362413514,24.12873108159699,163072.95185445066
Tampa,"Tampa, FL",2004-11-01,167868.82614465058,1.356104271502967,,4.300746457747451,10.234003749108457,24.755689956501282,165553.7817826106
Tampa,"Tampa, FL",2004-12-01,170059.20474286997,1.3048155804294304,,4.65855899886829,11.065364622366447,25.092307272717917,167850.27968533835
Tampa,"Tampa, FL",2005-01-01,172436.31185901782,1.3978114973206113,16.732044095065213,5.233822810436939,11.789730094382556,25.11664910691762,170121.44758217945
Tampa,"Tampa, FL",2005-02-01,175088.43873872887,1.53803270965307,17.58422843087142,5.688604821025489,12.478997809064518,24.96299156863053,172527.9851135389
Tampa,"Tampa, FL",2005-03-01,177981.5131288228,1.6523503270315931,18.4742101517283,6.121626061722729,13.198861683377805,24.89404829265125,175168.75457552317
Tampa,"Tampa, FL",2005-04-01,181461.3228825713,1.955152359689083,19.56755714521019,6.2298480743734785,13.294385214142789,24.739797567409138,178177.09158337433
Tampa,"Tampa, FL",2005-05-01,185048.52810587847,1.9768428700525753,20.570664873880638,6.4249055038033465,13.173508820784608,24.118241136123043,181497.12137242418
Tampa,"Tampa, FL",2005-06-01,188876.87582156525,2.0688344591945684,21.52750967611434,6.668985280661643,12.629448161489854,22.943953613026522,185128.90893667168
Tampa,"Tampa, FL",2005-07-01,192766.0876119038,2.059125434715847,22.182979345129805,6.650237450046337,11.92141621710987,21.22804220964605,188897.16384644914
Tampa,"Tampa, FL",2005-08-01,196937.72117286013,2.1640910040956474,22.758971900173684,6.341187981360341,11.098955362989503,19.45599456984397,192860.2282021097
Tampa,"Tampa, FL",2005-09-01,201473.04686867903,2.3029238222158854,23.47453800776156,5.587812488461719,10.331540825901065,17.149913487546307,197058.95188448098
Tampa,"Tampa, FL",2005-10-01,205585.49016125975,2.0411878196596733,24.12873108159699,4.942491355945178,10.10236503038775,14.814593969178924,201332.08606759962
Tampa,"Tampa, FL",2005-11-01,209425.91227863845,1.868041423724165,24.755689956501282,4.474058896599065,9.670754604480724,12.274769431205247,205494.8164361924
Tampa,"Tampa, FL",2005-12-01,212730.9829424914,1.5781574628910278,25.092307272717917,4.492685496214555,9.15791173614522,9.745537720191976,209247.4617941299
Tampa,"Tampa, FL",2006-01-01,215746.53524155752,1.4175425964544797,25.11664910691762,4.9168583743083305,8.315321863407066,7.671685260402761,212634.4768208958
Tampa,"Tampa, FL",2006-02-01,218795.7509387246,1.4133324058961616,24.96299156863053,4.974149336942091,7.522158223315256,5.81213432439367,215757.75637425785
Tampa,"Tampa, FL",2006-03-01,222288.31695910337,1.5962677544669956,24.89404829265125,4.464643833945359,6.179894353514359,3.9459012141440875,218943.53437979516
Tampa,"Tampa, FL",2006-04-01,226354.4868268621,1.829232378644008,24.739797567409138,3.2391967713846004,4.279861688248587,1.7952703481979082,222479.51824156335
Tampa,"Tampa, FL",2006-05-01,229678.97833330065,1.4687102310374955,24.118241136123043,2.427272716632989,2.3743930969707394,-0.11533762111616275,226107.26070642204
Tampa,"Tampa, FL",2006-06-01,232212.6985957989,1.103157233145402,22.943953613026522,1.6419435864784448,0.5383265167871132,-1.925185641543925,229415.3879186539
Tampa,"Tampa, FL",2006-07-01,233686.554056042,0.6347006297052538,21.22804220964605,1.0080133800037805,-0.5942248907462755,-3.688714601386889,231859.41032838053
Tampa,"Tampa, FL",2006-08-01,235253.91351022627,0.670710157251242,19.45599456984397,-0.051626503625201714,-1.590392089572834,-5.711300838779221,233717.72205402236
Tampa,"Tampa, FL",2006-09-01,236025.5001073811,0.32798034499914586,17.149913487546307,-1.0857890264095005,-2.1039700152012175,-7.394203103298724,234988.65589121645
Tampa,"Tampa, FL",2006-10-01,236042.14578819665,0.007052492551840039,14.814593969178924,-1.5862486718972058,-2.382618561077998,-8.820063437320414,235773.853135268
Tampa,"Tampa, FL",2006-11-01,235132.46014003947,-0.38539119576274095,12.274769431205247,-1.539560407157048,-2.4319858147814344,-9.715326098186782,235733.36867853906
Tampa,"Tampa, FL",2006-12-01,233462.76112768703,-0.7101099573227798,9.745537720191976,-1.0293576411013028,-2.4503214283358,-10.503169986427297,234879.1223519744
Tampa,"Tampa, FL",2007-01-01,232297.93038551373,-0.4989364199013413,7.671685260402761,-0.8092059071356461,-3.112987859346761,-11.445918161225844,233631.05055108006
Tampa,"Tampa, FL",2007-02-01,231512.4538793491,-0.33813323470470724,5.81213432439367,-0.9063796701647697,-4.187506521677486,-12.77405678791208,232424.38179751663
Tampa,"Tampa, FL",2007-03-01,231059.5943568931,-0.195609141049502,3.9459012141440875,-1.4357427145735069,-5.403930158269921,-14.083621491222221,231623.326207252
Tampa,"Tampa, FL",2007-04-01,230418.1618106803,-0.2776048092692718,1.7952703481979082,-2.32257637745521,-6.594568284204849,-15.318011937872622,230996.73668230753
Tampa,"Tampa, FL",2007-05-01,229414.0720634871,-0.4357684912086879,-0.11533762111616275,-3.3111383362434688,-7.464885233370633,-16.390433817317096,230297.27607702013
Tampa,"Tampa, FL",2007-06-01,227742.1730645909,-0.7287691569475951,-1.925185641543925,-4.025990306207216,-8.255125671352703,-17.192567194261443,229191.46897958606
Tampa,"Tampa, FL",2007-07-01,225066.5240150989,-1.1748588386100711,-3.688714601386889,-4.373571443958124,-8.600668054229976,-17.623702283787868,227407.5897143923
Tampa,"Tampa, FL",2007-08-01,221817.85477465577,-1.4434262290491384,-5.711300838779221,-4.29599317403504,-8.961827371894138,-17.889537458104133,224875.51728478188
Tampa,"Tampa, FL",2007-09-01,218573.2952538648,-1.4627134159633348,-7.394203103298724,-4.406542332282082,-9.175530598125704,-18.193356830021145,221819.2246812065
Tampa,"Tampa, FL",2007-10-01,215223.07879086537,-1.5327656835242731,-8.820063437320414,-4.420427149796313,-9.33933229944337,-18.49643116937003,218538.07627312862
Tampa,"Tampa, FL",2007-11-01,212288.5748747456,-1.3634708380746097,-9.715326098186782,-4.875275709557059,-9.645580065963511,-19.09306086599386,215361.64963982525
Tampa,"Tampa, FL",2007-12-01,208941.77047143935,-1.576535338880547,-10.503169986427297,-4.988822856916197,-9.741624900910706,-19.496157585196183,212151.14137901677
Tampa,"Tampa, FL",2008-01-01,205709.29938336645,-1.5470679131221132,-11.445918161225844,-5.146397920564228,-9.872100853988218,-19.803795248244448,208979.88157651713
Tampa,"Tampa, FL",2008-02-01,201938.92154971228,-1.8328669850882995,-12.77405678791208,-5.014789153912657,-9.806556775562703,-19.7631269248153,205529.9971348394
Tampa,"Tampa, FL",2008-03-01,198518.0356685148,-1.6940200804010597,-14.083621491222221,-5.002360971527542,-9.928850992780314,-19.733879580210633,202055.41886719785
Tampa,"Tampa, FL",2008-04-01,195122.68027749364,-1.710351092074447,-15.318011937872622,-4.982101712348697,-10.100409694942536,-19.83412499470607,198526.54583190693
Tampa,"Tampa, FL",2008-05-01,191812.1104143091,-1.6966607154413893,-16.390433817317096,-5.044751260714209,-10.456025069861008,-19.78921463907354,195150.94212010584
Tampa,"Tampa, FL",2008-06-01,188587.4469307899,-1.6811573974938265,-17.192567194261443,-5.185907851642735,-10.807343555184268,-19.7220254760484,191840.74587419754
Tampa,"Tampa, FL",2008-07-01,185401.46988220795,-1.689389776696637,-17.623702283787868,-5.386677746858792,-11.019556084588611,-19.42493656617106,188600.34240910233
Tampa,"Tampa, FL",2008-08-01,182135.66655598072,-1.7614765019404177,-17.889537458104133,-5.698762186389805,-11.039128558909406,-19.131517216165474,185374.86112299285
Tampa,"Tampa, FL",2008-09-01,178807.4757131935,-1.8273141695529849,-18.193356830021145,-5.928903157924648,-10.885870442981016,-18.700364313865947,182114.87071712737
Tampa,"Tampa, FL",2008-10-01,175414.49016171394,-1.8975635878456742,-18.49643116937003,-5.953578421714079,-10.827318864005942,-18.059307370073753,178785.87747696275
Tampa,"Tampa, FL",2008-11-01,171756.18806235946,-2.0855187595858804,-19.09306086599386,-5.663092549299331,-10.423023521676534,-16.812583850565233,175326.0513124223
Tampa,"Tampa, FL",2008-12-01,168206.15363902863,-2.066903360734762,-19.496157585196183,-5.269383956878948,-9.994860873304878,-15.443148626030434,171792.27728770068
Tampa,"Tampa, FL",2009-01-01,164971.05092688638,-1.9232962897925865,-19.803795248244448,-5.182271010954809,-9.446323384914734,-13.959335227539293,168311.1308760915
Tampa,"Tampa, FL",2009-02-01,162029.47617323944,-1.78308541839296,-19.7631269248153,-5.045672050321015,-9.096570802608205,-12.537071895341489,165068.89357971816
Tampa,"Tampa, FL",2009-03-01,159342.7255646905,-1.658186320170718,-19.733879580210633,-4.988331242641674,-8.769085115604359,-11.176223185550038,162114.4175549388
Tampa,"Tampa, FL",2009-04-01,156421.80397823485,-1.8331063285784044,-19.83412499470607,-4.497104517713746,-8.11009427319851,-9.676808003103643,159264.6685720549
Tampa,"Tampa, FL",2009-05-01,153854.00018068476,-1.6415894282279075,-19.78921463907354,-4.266154939703193,-7.1330386223014575,-8.365534172000466,156539.50990787006
Tampa,"Tampa, FL",2009-06-01,151394.18260247028,-1.5987998851675567,-19.7220254760484,-3.979252151246815,-6.053307406209685,-7.140475556309223,153889.99558712996
Tampa,"Tampa, FL",2009-07-01,149387.35196484032,-1.3255665463048127,-19.42493656617106,-3.7831206449179255,-4.98379746833243,-6.445818815558302,151545.17824933177
Tampa,"Tampa, FL",2009-08-01,147290.35015204552,-1.4037345097919318,-19.131517216165474,-2.9946396499509587,-3.784786914102456,-5.891767694375916,149357.29490645204
Tampa,"Tampa, FL",2009-09-01,145369.82633439894,-1.3039033552870616,-18.700364313865947,-2.160007395724306,-2.6385113785123315,-5.684797823099785,147349.17615042825
Tampa,"Tampa, FL",2009-10-01,143735.84821176223,-1.1240146348376445,-18.059307370073753,-1.2478858506556612,-1.704990028570863,-5.662533320419194,145465.3415660689
Tampa,"Tampa, FL",2009-11-01,142879.53492584077,-0.5957548493121134,-16.812583850565233,-0.8145397958424283,-1.3271625682747867,-6.225769898192812,143995.06982400065
Tampa,"Tampa, FL",2009-12-01,142229.82733442434,-0.45472403850813636,-15.443148626030434,-0.4890678852801922,-1.1572181202804788,-6.72992956445051,142948.40349067576
Tampa,"Tampa, FL",2010-01-01,141942.18889960775,-0.20223496028035637,-13.959335227539293,-0.4628803968934947,-1.5387074080745244,-7.601975379894665,142350.51705329094
Tampa,"Tampa, FL",2010-02-01,141715.7242537552,-0.1595470998497217,-12.537071895341489,-0.5168325794700168,-2.1898624060546656,-8.696954737926188,141962.58016259575
Tampa,"Tampa, FL",2010-03-01,141534.2269256422,-0.1280714113191972,-11.176223185550038,-0.6714340030802068,-3.128841277715566,-9.825126034732135,141730.71335966839
Tampa,"Tampa, FL",2010-04-01,141285.16633226993,-0.1759719883891564,-9.676808003103643,-1.0808299611951622,-4.026189419990544,-10.934084016151946,141511.70583722243
Tampa,"Tampa, FL",2010-05-01,140983.2912205799,-0.21366369840983834,-8.365534172000466,-1.6817215112507444,-4.964494239164374,-11.82464930567103,141267.56149283066
Tampa,"Tampa, FL",2010-06-01,140583.91800006674,-0.28327698768807474,-7.140475556309223,-2.4740186772771566,-5.637954879650586,-12.681006243429405,140950.7918509722
Tampa,"Tampa, FL",2010-07-01,139758.11392382634,-0.5874100594066567,-6.445818815558302,-2.977541620739399,-6.158021911157984,-13.122440609314213,140441.774381491
Tampa,"Tampa, FL",2010-08-01,138612.34488485413,-0.8198229117464373,-5.891767694375916,-3.338924133307808,-6.652779039004564,-13.253733148660285,139651.45893624908
Tampa,"Tampa, FL",2010-09-01,137105.8456114971,-1.0868435092188156,-5.684797823099785,-3.244198273589949,-6.912568039176492,-12.92020954356341,138492.10147339254
Tampa,"Tampa, FL",2010-10-01,135596.75791338403,-1.1006734916242822,-5.662533320419194,-3.2780866858537983,-7.1976871131969595,-12.19200107200522,137104.98280324508
Tampa,"Tampa, FL",2010-11-01,133984.18384974988,-1.189242345059771,-6.225769898192812,-3.428324044589548,-7.218517975556182,-11.21803456431495,135562.26245821035
Tampa,"Tampa, FL",2010-12-01,132657.860135178,-0.9899106569617455,-6.72992956445051,-3.791369303061898,-7.463860448124137,-10.38789325785836,134079.60063277066
Tampa,"Tampa, FL",2011-01-01,131151.77864577598,-1.135312666635302,-7.601975379894665,-4.052443022516073,-7.421432113848747,-9.619573625375944,132597.9408769013
Tampa,"Tampa, FL",2011-02-01,129390.77185888184,-1.3427242886658752,-8.696954737926188,-3.9247469752069497,-7.071398635867143,-8.43290071386722,131066.80354661192
Tampa,"Tampa, FL",2011-03-01,127628.31074791407,-1.3621227276470416,-9.825126034732135,-3.817215896805315,-6.453762208109115,-7.017673155624394,129390.28708419064
Tampa,"Tampa, FL",2011-04-01,125836.9275431395,-1.403593916018231,-10.934084016151946,-3.5112817850310396,-5.381669705689496,-5.212042991359289,127618.67004997848
Tampa,"Tampa, FL",2011-05-01,124312.51145415344,-1.21142189240393,-11.82464930567103,-3.2751947682595928,-4.310684095027783,-3.5294116925390195,125925.91658173567
Tampa,"Tampa, FL",2011-06-01,122756.4625812206,-1.2517234626916118,-12.681006243429405,-2.741183191864194,-3.159881991937874,-1.7978769291514651,124301.96719283785
Tampa,"Tampa, FL",2011-07-01,121418.43842747454,-1.0899826580297423,-13.122440609314213,-1.938452448390271,-2.3743524680899797,-0.24640266571875902,122829.1374876162
Tampa,"Tampa, FL",2011-08-01,120241.0345827149,-0.9697076160824825,-13.253733148660285,-1.070551989520463,-1.4651055304977123,1.0638105438517176,121471.97853047
Tampa,"Tampa, FL",2011-09-01,119391.48306201713,-0.7065404282706522,-12.92020954356341,-0.43049958226374363,-0.6028152075658988,2.1355187612741577,120350.31869073551
Tampa,"Tampa, FL",2011-10-01,119064.79973497993,-0.27362364438300313,-12.19200107200522,-0.4445167658304605,0.1792746857850691,2.9480354510301066,119565.77245990398
Tampa,"Tampa, FL",2011-11-01,118953.79179476966,-0.09323321456665701,-11.21803456431495,-0.3988231501457995,0.8164677478357474,3.911416099687326,119136.6915305889
Tampa,"Tampa, FL",2011-12-01,118877.50322617666,-0.06413294392886293,-10.38789325785836,-0.1730606506804011,1.406447132450861,5.231373453592059,118965.3649186421
Tampa,"Tampa, FL",2012-01-01,118535.53673795548,-0.2876629126122854,-9.619573625375944,0.626576690053593,2.179703649776754,6.8083806151204795,118788.94391963394
Tampa,"Tampa, FL",2012-02-01,118479.37653511588,-0.04737836802793938,-8.43290071386722,1.2201571672326494,2.5665182755456817,8.059436549172826,118630.80549974933
Tampa,"Tampa, FL",2012-03-01,118671.77304558082,0.16238818610587735,-7.017673155624394,1.582246028403378,2.7549411731915496,9.09746050842486,118562.22877288406
Tampa,"Tampa, FL",2012-04-01,119278.25278058543,0.5110564369605219,-5.212042991359289,1.5434560240551898,2.7638059607931087,9.89539826579029,118809.80078709405
Tampa,"Tampa, FL",2012-05-01,119925.01113960164,0.5422265534069659,-3.5294116925390195,1.3301314145251153,3.0698837412085345,10.961337047809883,119291.67898858931
Tampa,"Tampa, FL",2012-06-01,120549.4524614304,0.5206931530753467,-1.7978769291514651,1.1544292340812001,3.7718768671042513,11.960636008436488,119917.57212720583
Tampa,"Tampa, FL",2012-07-01,121119.26015851516,0.47267547504379337,-0.24640266571875902,1.2018006718708119,4.529937746941037,12.940345753867089,120531.24125318241
Tampa,"Tampa, FL",2012-08-01,121520.17138664222,0.33100534762380285,1.0638105438517176,1.7169150995831606,5.355469178421712,13.92265606295815,121062.96133552927
Tampa,"Tampa, FL",2012-09-01,121941.11058216996,0.34639450448801234,2.1355187612741577,2.587575900375083,6.172471379788069,14.784472558699147,121526.84737577579
Tampa,"Tampa, FL",2012-10-01,122574.87224086514,0.5197276420310315,2.9480354510301066,3.2886144841050235,6.939789975974664,15.562563726583512,122012.05140322576
Tampa,"Tampa, FL",2012-11-01,123606.5695582188,0.8416874506924632,3.911416099687326,3.5771376621836604,7.656410408316239,15.836212830706886,122707.51746041798
Tampa,"Tampa, FL",2012-12-01,125096.42937224392,1.205324133943697,5.231373453592059,3.4944733296889297,7.89111596373957,15.74776318324622,123759.29039044263
Tampa,"Tampa, FL",2013-01-01,126605.88724325145,1.2066354560096304,6.8083806151204795,3.534925422425461,8.04593228333017,15.363986916875593,125102.96205790473
Tampa,"Tampa, FL",2013-02-01,128028.1467108191,1.1233754594958345,8.059436549172826,3.9383910756803475,8.131696390652209,15.106596262753836,126576.82110877149
Tampa,"Tampa, FL",2013-03-01,129467.89073305012,1.1245527325198346,9.09746050842486,4.248190741591418,8.111331559859059,14.713512128473338,128033.97489570688
Tampa,"Tampa, FL",2013-04-01,131081.31093770044,1.246193319065525,9.89539826579029,4.356990496201818,8.063204306410231,14.106486333649926,129525.78279385656
Tampa,"Tampa, FL",2013-05-01,133070.39581523693,1.5174435343279669,10.961337047809883,4.034414302140399,7.59806349790646,13.177386384496636,131206.53249532916
Tampa,"Tampa, FL",2013-06-01,134967.93368050526,1.425965447568811,11.960636008436488,3.705714977676222,7.282014973454487,12.19232562824013,133039.88014448088
Tampa,"Tampa, FL",2013-07-01,136792.5111975528,1.3518600065158148,12.940345753867089,3.551476324284475,6.773095922163175,11.375504069963661,134943.61356443167
Tampa,"Tampa, FL",2013-08-01,138439.0068959217,1.2036446176436177,13.92265606295815,3.425452259880446,6.450374963972716,10.594931780517602,136733.15059132656
Tampa,"Tampa, FL",2013-09-01,139969.46061396386,1.1055075822616667,14.784472558699147,3.4485081140881224,6.1068349389062915,9.967197996096754,138400.32623581277
Tampa,"Tampa, FL",2013-10-01,141650.6648461281,1.201122176787539,15.562563726583512,3.111128602155122,5.592358718240598,9.188326441786998,140019.71078533787
Tampa,"Tampa, FL",2013-11-01,143181.1689861941,1.0804779079071514,15.836212830706886,2.9247372266658855,5.185337640113508,8.684411400741476,141600.43148209536
Tampa,"Tampa, FL",2013-12-01,144796.31882048177,1.1280462687404125,15.74776318324622,2.5697101613939566,4.57701195862199,8.295663959837253,143209.3842176013
Tampa,"Tampa, FL",2014-01-01,146057.59919529886,0.8710721274487687,15.363986916875593,2.406365006108202,4.310456775699012,8.135232674820859,144678.36233399156
Tampa,"Tampa, FL",2014-02-01,147368.8419371087,0.8977572882438833,15.106596262753836,2.196362579453792,3.8934168319722406,7.853002959360866,146074.25331762977
Tampa,"Tampa, FL",2014-03-01,148517.16453853608,0.7792166826671831,14.713512128473338,1.957012254465318,3.6381850984558817,7.611668602348076,147314.53522364786
Tampa,"Tampa, FL",2014-04-01,149572.2781510963,0.710432101123537,14.106486333649926,1.8593490448344907,3.405518890947179,7.537563748294618,148486.09487558037
Tampa,"Tampa, FL",2014-05-01,150605.59603518975,0.6908485294645272,13.177386384496636,1.660581854074361,3.326579387518702,7.522902527398445,149565.01290827405
Tampa,"Tampa, FL",2014-06-01,151423.66364853966,0.543185402724844,12.19232562824013,1.648903598503515,3.5558981190690453,7.649666908192487,150533.8459449419
Tampa,"Tampa, FL",2014-07-01,152353.34887623592,0.6139629733527663,11.375504069963661,1.5179459329080602,3.666723373042391,7.837361632093209,151460.86951998842
Tampa,"Tampa, FL",2014-08-01,153106.52523417064,0.49436153749831124,10.594931780517602,1.638784180711994,3.8112002166532877,8.247801543635624,152294.51258631542
Tampa,"Tampa, FL",2014-09-01,153920.4938874263,0.5316355080299262,9.967197996096754,1.8760600980979092,3.833995645637178,8.724655902922397,153126.78933261093
Tampa,"Tampa, FL",2014-10-01,154665.99033915196,0.48433865620967076,9.188326441786998,2.116647869879529,3.995961629190359,9.283379451821405,153897.66982024963
Tampa,"Tampa, FL",2014-11-01,155615.61074934606,0.6139813983098374,8.684411400741476,2.137388845658328,4.061223321969987,9.722251914494073,154734.03165864144
Tampa,"Tampa, FL",2014-12-01,156808.13485604353,0.7663267849253863,8.295663959837253,1.9218799251305319,3.953197126846808,10.022882366924502,155696.5786481805
Tampa,"Tampa, FL",2015-01-01,157939.7247290937,0.7216397759523208,8.135232674820859,1.8403598223332818,4.023121521882067,10.275332961452177,156787.82344482778
Tampa,"Tampa, FL",2015-02-01,158941.72145560567,0.6344171665682241,7.853002959360866,1.8835751511317778,4.273721253316776,10.61604133263887,157896.52701358096
Tampa,"Tampa, FL",2015-03-01,159821.79892081345,0.5537107923256013,7.611668602348076,1.993013868276794,4.71007614305432,10.869700008364713,158901.0817018376
Tampa,"Tampa, FL",2015-04-01,160846.38396651173,0.64107966035718,7.537563748294618,2.1433169554356812,5.084253022712515,11.077709672669233,159869.96811431026
Tampa,"Tampa, FL",2015-05-01,161935.50822572454,0.6771207610359209,7.522902527398445,2.345958216169297,5.440094217428726,11.103289772724324,160867.89703768326
Tampa,"Tampa, FL",2015-06-01,163007.0695378347,0.6617210294708853,7.649666908192487,2.663969003099176,5.838863457630161,11.163050241556217,161929.65391002366
Tampa,"Tampa, FL",2015-07-01,164293.83178627116,0.7893904553248676,7.837361632093209,2.8792251465261653,6.010405521482953,10.998585037220575,163078.8031832768
Tampa,"Tampa, FL",2015-08-01,165734.44758584144,0.8768532475670554,8.247801543635624,3.0232126946568405,6.082376271883905,10.827480296051428,164345.11630331576
Tampa,"Tampa, FL",2015-09-01,167349.52734318294,0.974498531154766,8.724655902922397,3.0925109221475067,5.882551223528054,10.733390507351892,165792.60223843183
Tampa,"Tampa, FL",2015-10-01,169024.2211052529,1.0007161589621116,9.283379451821405,3.043549725901573,5.7034774265001476,10.701109231386297,167369.3986780924
Tampa,"Tampa, FL",2015-11-01,170744.952444676,1.0180383191066955,9.722251914494073,2.969392525443637,5.3710076772290005,10.656737022773255,169039.5669643706
Tampa,"Tampa, FL",2015-12-01,172524.8297544331,1.0424186977555427,10.022882366924502,2.7063462480679146,5.030464812254398,10.450329553449112,170764.66776812065
Tampa,"Tampa, FL",2016-01-01,174168.5573234091,0.9527484080497972,10.275332961452177,2.581362644895324,4.705367827997575,10.223688846231749,172479.44650750607
Tampa,"Tampa, FL",2016-02-01,175815.0403001405,0.9453388154752274,10.61604133263887,2.3323582793711495,4.473037078285325,9.973359387864944,174169.4757926609
Tampa,"Tampa, FL",2016-03-01,177193.94901147776,0.7842950802066095,10.869700008364713,2.2628772700890476,4.58133963317835,9.91675239038936,175725.84887834245
Tampa,"Tampa, FL",2016-04-01,178664.4794013087,0.8298987623644338,11.077709672669233,2.0705566082748206,4.727972935763813,9.855440226231615,177224.48957097565
Tampa,"Tampa, FL",2016-05-01,179915.67694896055,0.7003057081320874,11.103289772724324,2.091888465103131,5.016303309668846,9.822620116965396,178591.36845391567
Tampa,"Tampa, FL",2016-06-01,181203.63060763167,0.7158651655666981,11.163050241556217,2.2671593299354864,5.160278735205948,9.816522704424457,179927.92898596698
Tampa,"Tampa, FL",2016-07-01,182363.8285861923,0.6402730313240124,10.998585037220575,2.603509195788556,5.270332488874163,9.909287175120474,181161.04538092818
Tampa,"Tampa, FL",2016-08-01,183679.3122419681,0.7213511944634599,10.827480296051428,2.8644928490722643,5.264824746559271,10.021718051978578,182415.59047859735
Tampa,"Tampa, FL",2016-09-01,185311.8056251344,0.8887736801931112,10.733390507351892,2.8289818786660925,5.101687142204425,9.901560514587704,183784.9821510983
Tampa,"Tampa, FL",2016-10-01,187111.6876332259,0.9712721766536925,10.701109231386297,2.5991540776610034,4.8959863795060565,9.667392681846266,185367.60183344278
Tampa,"Tampa, FL",2016-11-01,188940.79300636437,0.9775473655733613,10.656737022773255,2.3334892643751104,4.576733950655099,9.470220934701935,187121.42875490824
Tampa,"Tampa, FL",2016-12-01,190554.2430252984,0.8539447692905933,10.450329553449112,2.2101796808802643,4.427759250185104,9.462616479857822,188868.9078882962
Tampa,"Tampa, FL",2017-01-01,191975.0086921252,0.7455964476415167,10.223688846231749,2.2386464318277843,4.4067065967864805,9.443211734625345,190490.01490792935
Tampa,"Tampa, FL",2017-02-01,193349.7061271931,0.7160814547858774,9.973359387864944,2.192092444424154,4.518977081729103,9.318083488669316,191959.65261487223
Tampa,"Tampa, FL",2017-03-01,194765.83418569877,0.7324180040770845,9.91675239038936,2.1696269160552673,4.566885178435776,9.184552796150047,193363.51633500567
Tampa,"Tampa, FL",2017-04-01,196272.65037421256,0.7736552947356978,9.855440226231615,2.1205877039895515,4.548702449946562,9.046283081183471,194796.06356236813
Tampa,"Tampa, FL",2017-05-01,197588.1104265236,0.6702207616817724,9.822620116965396,2.276971321015253,4.679326652480698,8.987098935134231,196208.86499547833
Tampa,"Tampa, FL",2017-06-01,198991.52614747125,0.7102733650917292,9.816522704424457,2.3463511953020655,4.821378209993332,8.742756149967335,197617.42898273582
Tampa,"Tampa, FL",2017-07-01,200434.78406434253,0.7252861188680404,9.909287175120474,2.3776936664281934,4.823928751329731,8.590132973148123,199004.8068794458
Tampa,"Tampa, FL",2017-08-01,202087.13503467152,0.8243833414655954,10.021718051978578,2.3488721854357575,4.5916124907991795,8.338031524898405,200504.48174882843
Tampa,"Tampa, FL",2017-09-01,203660.56619978225,0.778590465365725,9.901560514587704,2.418285542948495,4.415994231667675,8.131272883976838,202060.82843293212
Tampa,"Tampa, FL",2017-10-01,205200.50923035943,0.7561321562204348,9.667392681846266,2.389421950519788,4.301900000519043,7.803277296225719,203649.40348827105
Tampa,"Tampa, FL",2017-11-01,206833.90353984493,0.7959991501053532,9.470220934701935,2.191270169836379,4.115208246375768,7.481355494393727,205231.65965666217
Tampa,"Tampa, FL",2017-12-01,208585.6602288786,0.8469388524092736,9.462616479857822,1.9505390840402814,3.7410097128451447,7.164200296350276,206873.357666361
Tampa,"Tampa, FL",2018-01-01,210103.615240488,0.7277369930146493,9.443211734625345,1.8678472966899617,3.592885962853809,6.987337800183391,208507.72633640384
Tampa,"Tampa, FL",2018-02-01,211366.1931692217,0.60093108216559,9.318083488669316,1.8826833968712986,3.581949780560856,6.878902800768261,210018.4895461961
Tampa,"Tampa, FL",2018-03-01,212654.20505534633,0.6093745961982977,9.184552796150047,1.7562149694264617,3.558150913227043,6.615574917211342,211374.67115501864
Tampa,"Tampa, FL",2018-04-01,214028.02993800535,0.6460370169033114,9.046283081183471,1.6934083834516223,3.356964058841938,6.274257137540773,212682.80938752447
Tampa,"Tampa, FL",2018-05-01,215345.54939461756,0.615582667837411,8.987098935134231,1.6678657520927898,3.2330985114608524,5.87666610524753,214009.2614626564
Tampa,"Tampa, FL",2018-06-01,216388.87003764315,0.4844867451213153,8.742756149967335,1.7708362524510024,3.2997467375539324,5.717137693118657,215254.14979008868
Tampa,"Tampa, FL",2018-07-01,217652.39853991187,0.5839156616737728,8.590132973148123,1.635853986836211,3.276722919512798,5.472898118471248,216462.27265739083
Tampa,"Tampa, FL",2018-08-01,218937.22406162645,0.5903107571217481,8.338031524898405,1.5395550479880615,3.1829416488027507,5.309963778207183,217659.4975463938
Tampa,"Tampa, FL",2018-09-01,220220.76259453883,0.5862587042535505,8.131272883976838,1.5023070865904486,2.952374078739761,5.071310798632234,218936.79506535907
Tampa,"Tampa, FL",2018-10-01,221212.87397887165,0.4505076508882322,7.803277296225719,1.6144587449318015,2.82254137905793,5.038923754330038,220123.620211679
Tampa,"Tampa, FL",2018-11-01,222307.88314659215,0.4950024598591396,7.481355494393727,1.6184693738691358,2.560775208634447,5.085698254569526,221247.17324000088
Tampa,"Tampa, FL",2018-12-01,223529.1547171401,0.5493604424916532,7.164200296350276,1.4286049586166305,2.340171231693744,5.228394783444745,222349.9706142013
Tampa,"Tampa, FL",2019-01-01,224784.2645677385,0.5614971578032479,6.987337800183391,1.1888885194562882,2.126495822945529,5.649518376846641,223540.43414382357
Tampa,"Tampa, FL",2019-02-01,225905.86815101653,0.49896890488971835,6.878902800768261,0.9272978038061375,2.061408693545541,6.0835747030025145,224739.7624786317
Tampa,"Tampa, FL",2019-03-01,226722.503305383,0.3614935552805232,6.615574917211342,0.8987270143851811,2.0581717894838203,6.564834781296924,225804.212008046
Tampa,"Tampa, FL",2019-04-01,227456.69888272855,0.323830041853701,6.274257137540773,0.9265911674768201,2.1555413293096626,6.699076133028292,226695.023446376
Tampa,"Tampa, FL",2019-05-01,228000.6883050501,0.2391617503435306,5.87666610524753,1.1236909284384256,2.4618798373927664,6.662076517032478,227393.29683105389
Tampa,"Tampa, FL",2019-06-01,228760.1196902788,0.33308293535176947,5.717137693118657,1.1491173470735028,2.8221797139778015,6.5026012432479074,228072.50229268582
Tampa,"Tampa, FL",2019-07-01,229564.29256441025,0.35153543162165235,5.472898118471248,1.217667363592545,3.4496655598650117,6.5344442206292985,228775.03351991306
Tampa,"Tampa, FL",2019-08-01,230562.71135631113,0.434919028890679,5.309963778207183,1.3233188945816154,3.9409273896406027,6.872139776234576,229629.0412036667
Tampa,"Tampa, FL",2019-09-01,231388.8419088259,0.3583105644685336,5.071310798632234,1.6540553301750638,4.415778680720472,7.676423011644351,230505.28194318246
Tampa,"Tampa, FL",2019-10-01,232359.6220334292,0.41954491694364826,5.038923754330038,2.205146842847805,4.447663577125072,8.587550704421098,231437.0584328554
Tampa,"Tampa, FL",2019-11-01,233613.79127954887,0.5397535230709183,5.085698254569526,2.5834215890444545,4.099277395950018,9.604289364615592,232454.08507393464
Tampa,"Tampa, FL",2019-12-01,235216.1413818492,0.685897049794848,5.228394783444745,2.7167862035363477,3.579404307035716,10.459230288105005,233729.8515649424
Tampa,"Tampa, FL",2020-01-01,237483.49290275245,0.9639438465332439,5.649518376846641,2.194132882295441,2.9819126471502866,11.13386949724957,235437.80852138347
Tampa,"Tampa, FL",2020-02-01,239649.02039845,0.911864428650766,6.0835747030025145,1.4776810749968838,2.8200752679508057,11.96179292068964,237449.5515610172
Tampa,"Tampa, FL",2020-03-01,241606.46105940183,0.8167947683229926,6.564834781296924,0.8398024659669989,3.122750576705635,13.068716534253767,239579.65812020143
Tampa,"Tampa, FL",2020-04-01,242694.19631055548,0.45020950449095043,6.699076133028292,0.7708659417485331,3.9635995536071666,14.689892812200188,241316.55925613575
Tampa,"Tampa, FL",2020-05-01,243190.2686192933,0.20440221327049368,6.662076517032478,1.322846737069061,5.28823264327456,16.813292379462897,242496.97532975022
Tampa,"Tampa, FL",2020-06-01,243635.4780773143,0.18307042487706315,6.5026012432479074,2.263935524377003,6.642079115145072,19.309384786112773,243173.314335721
Tampa,"Tampa, FL",2020-07-01,244565.04321251388,0.38153931542950215,6.5344442206292985,3.1683101876927466,7.915911290199618,21.65935962425789,243796.92996970715
Tampa,"Tampa, FL",2020-08-01,246407.3031525931,0.7532801564279046,6.872139776234576,3.913614780776542,8.890985178638843,23.218053132378856,244869.27481414043
Tampa,"Tampa, FL",2020-09-01,249151.2282154924,1.1135729451980048,7.676423011644351,4.281219540709369,9.644783427445546,23.866196735126156,246707.85819353312
Tampa,"Tampa, FL",2020-10-01,252313.62239215113,1.269266942534819,8.587550704421098,4.601801748879697,10.317354636285181,24.151844793338405,249290.71792007887
Tampa,"Tampa, FL",2020-11-01,256050.73578968583,1.481138181166619,9.604289364615592,4.7899117053746165,10.946199254038413,24.40235427311881,252505.19546577646
Tampa,"Tampa, FL",2020-12-01,259817.93928377144,1.471272278311253,10.459230288105005,5.143365133587019,11.878337121775706,24.780700679348012,256060.76582186949
Tampa,"Tampa, FL",2021-01-01,263924.59508005483,1.5805897805224678,11.13386949724957,5.464105581208778,12.735330842085357,25.549800388534184,259931.09005117067
Tampa,"Tampa, FL",2021-02-01,268315.33995497384,1.6636361130296207,11.96179292068964,5.8748857103465335,13.157258087284296,26.573135061388896,264019.29143960006
Tampa,"Tampa, FL",2021-03-01,273181.32458369725,1.8135320289700774,13.068716534253767,6.405513062694701,12.970442243694368,27.91452257434608,268473.75320624193
Tampa,"Tampa, FL",2021-04-01,278345.7136100068,1.890461961182588,14.689892812200188,6.894502371973021,12.540628990484182,29.33237281681007,273280.79271622596
Tampa,"Tampa, FL",2021-05-01,284078.5595206563,2.059613505915836,16.813292379462897,6.8782812166248375,12.128540778823105,30.363226121851937,278535.1992381201
Tampa,"Tampa, FL",2021-06-01,290679.99001474836,2.3238045508366056,19.309384786112773,6.169726541454268,11.532494931104065,30.588236353806273,284368.0877151371
Tampa,"Tampa, FL",2021-07-01,297536.26543713396,2.3587022354162546,21.65935962425789,5.281961647441591,11.366862057112126,29.684096586713316,290764.93832417956
Tampa,"Tampa, FL",2021-08-01,303618.281720624,2.044126041090988,23.218053132378856,4.912372750041549,11.855957983496012,28.07026303077784,297278.17905750213
Tampa,"Tampa, FL",2021-09-01,308614.1505093849,1.6454439964711742,23.866196735126156,5.051127627757324,13.228310019726287,25.956645081383666,303256.23255571426
Tampa,"Tampa, FL",2021-10-01,313252.0168647534,1.502804180467221,24.151844793338405,5.77962294248191,14.920605986435076,23.593542823262894,308494.81636492076
Tampa,"Tampa, FL",2021-11-01,318533.14345601236,1.6859034601329093,24.40235427311881,6.61846172328775,16.262305044170056,20.815868845123518,313466.43694338354
Tampa,"Tampa, FL",2021-12-01,324202.645128933,1.7798781035492484,24.780700679348012,7.784002491571851,17.085371787364156,17.875535203550253,318662.60181656625
Tampa,"Tampa, FL",2022-01-01,331356.80229925597,2.2066930291323894,25.549800388534184,8.641534909727945,16.44765255234324,14.477402274946204,324697.53029473376
Tampa,"Tampa, FL",2022-02-01,339615.1376316338,2.49227879888807,26.573135061388896,9.04519082812456,14.495700845612692,11.05517604977666,331724.8616866076
Tampa,"Tampa, FL",2022-03-01,349438.58710351103,2.8925240318740775,27.91452257434608,8.629638054607991,11.241300925042431,7.63746586647871,340136.84234480024
Tampa,"Tampa, FL",2022-04-01,359991.1160457044,3.019852223437325,29.33237281681007,7.185205592963628,7.546894451506403,4.447536917365258,349681.61359361635
Tampa,"Tampa, FL",2022-05-01,370333.9749116129,2.873087252685247,30.363226121851937,4.998395597362149,3.9166295552315766,1.7214292738549908,359921.2260202761
Tampa,"Tampa, FL",2022-06-01,379593.8723936801,2.500418030583673,30.588236353806273,2.4041899772524022,0.6748609191087329,-0.34559454899856235,369972.9877836658
Tampa,"Tampa, FL",2022-07-01,385857.2178499925,1.6500122662192584,29.684096586713316,0.33744289292714225,-1.6919622115279753,-1.496958388553693,378595.02171842847
Tampa,"Tampa, FL",2022-08-01,388844.7320091312,0.7742537967244001,28.07026303077784,-1.0302691159956634,-3.0049379762086215,-1.787269160335081,384765.27408426796
Tampa,"Tampa, FL",2022-09-01,388720.0302280332,-0.032069813689827864,25.956645081383666,-1.6887288093659025,-3.2396556212445526,-1.4467412297019089,387807.326695719
Tampa,"Tampa, FL",2022-10-01,387159.2656084737,-0.40151381410521436,23.593542823262894,-2.0225800518165027,-2.881866138439426,-0.7546517903372685,388241.3426152127
Tampa,"Tampa, FL",2022-11-01,384838.58482606505,-0.5994124352832864,20.815868845123518,-1.9952250476737543,-2.1124629337692657,0.06113984207696266,386905.9602208573
Tampa,"Tampa, FL",2022-12-01,382155.60308979655,-0.6971706689653079,17.875535203550253,-1.5775676512932768,-1.0136149767589253,0.9836368736551471,384717.8178414451
Tampa,"Tampa, FL",2023-01-01,379328.65953351744,-0.7397362575408462,14.477402274946204,-0.8770246114639169,0.19835999920359004,1.9178772297887337,382107.6158164597
Tampa,"Tampa, FL",2023-02-01,377160.1889885022,-0.5716600869762778,11.05517604977666,-0.11962466742313493,1.2553925843924674,2.769029366379172,379548.15053727204
Tampa,"Tampa, FL",2023-03-01,376126.8399178472,-0.27398148076718254,7.63746586647871,0.5729920111466891,1.8529433757743963,3.3424590427498346,377538.56281328894
Tampa,"Tampa, FL",2023-04-01,376001.85383107234,-0.03322977078746847,4.447536917365258,1.0848994458169559,2.190336926298886,3.5820722502054814,376429.62757914054
Tampa,"Tampa, FL",2023-05-01,376709.0123667722,0.1880731513673739,1.7214292738549908,1.3766640816448072,2.220510231425643,3.3901986645134885,376279.2353718973
Tampa,"Tampa, FL",2023-06-01,378282.016662355,0.4175648163286416,-0.34559454899856235,1.2726591294866196,2.017703596252285,2.7051332653883042,376997.6276200665
Tampa,"Tampa, FL",2023-07-01,380081.09585954715,0.47559204983249614,-1.496958388553693,1.0935733097053424,1.71611314855733,1.9039055689305417,378357.37496289145
Tampa,"Tampa, FL",2023-08-01,381895.03003234445,0.477249248267686,-1.787269160335081,0.8323869772448145,1.4948702912046308,1.1199932264516432,380086.0475180822
Tampa,"Tampa, FL",2023-09-01,383096.25728261453,0.31454382901194844,-1.4467412297019089,0.7356817458629816,1.4624178915282338,0.5105233551607746,381690.794391502
Tampa,"Tampa, FL",2023-10-01,384237.5612791027,0.2979157260850629,-0.7546517903372685,0.6158055536772844,1.3619050154520362,-0.13476193379594603,383076.2828646872
Tampa,"Tampa, FL",2023-11-01,385073.8745290789,0.21765525660535356,0.06113984207696266,0.6570144115593868,1.1442795877653955,-0.820586983570426,384135.897696932
Tampa,"Tampa, FL",2023-12-01,385914.62651652703,0.21833524501664314,0.9836368736551471,0.7214287262170549,0.6738337022921037,-1.4851561991640616,385075.35410823626
Tampa,"Tampa, FL",2024-01-01,386603.7175207736,0.17856047863920033,1.9178772297887337,0.7415330600088588,0.18462406256023467,-2.037238910973005,385864.0728554598
Tampa,"Tampa, FL",2024-02-01,387603.865379885,0.25870104548533224,2.769029366379172,0.4840846701589241,-0.3693556764764794,-2.652550616197391,386707.40313906193
Tampa,"Tampa, FL",2024-03-01,388698.7254908905,0.28246883191747063,3.3424590427498346,-0.047254119135176076,-0.9381745045590195,-3.388780068023556,387635.4361305164
Tampa,"Tampa, FL",2024-04-01,389470.51189741335,0.19855645411446243,3.5820722502054814,-0.55280973053774,-1.476557636737208,-4.175667399954774,388591.03425606294
Tampa,"Tampa, FL",2024-05-01,389480.19627313246,0.002486549154112616,3.3901986645134885,-0.8493288757486672,-1.942637368464173,-4.80859467661009,389216.4778871454
Tampa,"Tampa, FL",2024-06-01,388515.0493320701,-0.2478038550605799,2.7051332653883042,-0.8913415810364422,-2.1445392730752966,-5.2451257645033,389155.25250087195
Tampa,"Tampa, FL",2024-07-01,387317.4810100693,-0.3082424539434525,1.9039055689305417,-0.928882861040603,-2.217768439342338,-5.666494814228818,388437.575538424
Tampa,"Tampa, FL",2024-08-01,386172.22850086214,-0.2956883087797957,1.1199932264516432,-1.1026738198730124,-2.291659313480754,-6.073200530792566,387334.91961433383
Tampa,"Tampa, FL",2024-09-01,385052.0531487891,-0.290071442066564,0.5105233551607746,-1.2644684248889648,-2.473814258124407,-6.309981771389294,386180.5875532402
Tampa,"Tampa, FL",2024-10-01,383719.7553111526,-0.3460046055439925,-0.13476193379594603,-1.3009700662746315,-2.7395609597823056,-6.289498594606114,384981.3456536013
Tampa,"Tampa, FL",2024-11-01,381914.00843756297,-0.47059002008520423,-0.820586983570426,-1.2022423047536979,-2.9227354593608035,-5.994396643363354,383561.9389658349
Tampa,"Tampa, FL",2024-12-01,380183.191517336,-0.453195452899946,-1.4851561991640616,-1.224833465666264,-3.168537012032968,-5.640191106757753,381938.98508868384
Tampa,"Tampa, FL",2025-01-01,378727.67615617224,-0.3828457947745445,-2.037238910973005,-1.4575532246605238,-3.5269458672019693,-5.263898014641377,380274.9587036904
Tampa,"Tampa, FL",2025-02-01,377322.476660346,-0.37103163679192974,-2.652550616197391,-1.7414293550205628,-3.8702337904235384,,378744.4481112847
Tampa,"Tampa, FL",2025-03-01,375526.5805567936,-0.4759578913632989,-3.388780068023556,-1.9678058914647245,-3.9334743628938185,,377192.2444577706
Tampa,"Tampa, FL",2025-04-01,373207.5186996761,-0.6175493233206097,-4.175667399954774,-2.1000012788999656,-3.64992968349227,,375352.19197227183
Tampa,"Tampa, FL",2025-05-01,370751.6722886921,-0.6580377639605506,-4.80859467661009,-2.1665330784167547,-3.1641406446065057,,373161.92384838726
Tampa,"Tampa, FL",2025-06-01,368136.946380581,-0.7052499296820613,-5.2451257645033,-2.0051254481286307,-2.5525320164086707,,370698.7124563164
Tampa,"Tampa, FL",2025-07-01,365370.15603403206,-0.751565517601871,-5.666494814228818,-1.5831751019811269,-1.800453155601811,,368086.25823443505
Tampa,"Tampa, FL",2025-08-01,362719.2146697743,-0.7255495065696782,-6.073200530792566,-1.0196996974351946,,,365408.77236146247
Tampa,"Tampa, FL",2025-09-01,360755.3387847403,-0.5414314449323943,-6.309981771389294,-0.5586073463365482,,,362948.2364961822
Tampa,"Tampa, FL",2025-10-01,359585.70669363166,-0.3242175417413784,-6.289498594606114,-0.22077328124111562,,,361020.0867160487
Tampa,"Tampa, FL",2025-11-01,359020.56793524727,-0.15716385492092755,-5.994396643363354,,,,359787.20447120647
Tampa,"Tampa, FL",2025-12-01,358740.13295998744,-0.07811111682893834,-5.640191106757753,,,,359115.4691962888
Tampa,"Tampa, FL",2026-01-01,358791.83753009007,0.014412820131393111,-5.263898014641377,,,,358850.84614177496
