city,zillow_metro,month,review_volume,checkin_volume,avg_stars,n_restaurants,reviews_per_restaurant,pct_budget,pct_mid,pct_upscale,pct_luxury,avg_price_tier,review_volume_3m_avg,review_yoy_growth,checkin_yoy_growth
Indianapolis,"Indianapolis, IN",2005-05-01,1,0,5.0,3643,0.0002744990392533626,0.48132780082987553,0.4832428981806575,0.03096074050430897,0.004468560485157995,1.5585700606447495,,,
Indianapolis,"Indianapolis, IN",2005-07-01,1,0,4.0,3643,0.0002744990392533626,0.48132780082987553,0.4832428981806575,0.03096074050430897,0.004468560485157995,1.5585700606447495,,,
Indianapolis,"Indianapolis, IN",2005-10-01,1,0,5.0,3643,0.0002744990392533626,0.48132780082987553,0.4832428981806575,0.03096074050430897,0.004468560485157995,1.5585700606447495,1.0,,
Indianapolis,"Indianapolis, IN",2005-12-01,2,0,4.5,3643,0.0005489980785067252,0.48132780082987553,0.4832428981806575,0.03096074050430897,0.004468560485157995,1.5585700606447495,1.3333333333333333,,
Indianapolis,"Indianapolis, IN",2006-01-01,7,0,4.285714285714286,3643,0.0019214932747735384,0.48132780082987553,0.4832428981806575,0.03096074050430897,0.004468560485157995,1.5585700606447495,3.3333333333333335,,
Indianapolis,"Indianapolis, IN",2006-02-01,5,0,5.0,3643,0.001372495196266813,0.48132780082987553,0.4832428981806575,0.03096074050430897,0.004468560485157995,1.5585700606447495,4.666666666666667,,
Indianapolis,"Indianapolis, IN",2006-03-01,3,0,4.0,3643,0.0008234971177600879,0.48132780082987553,0.4832428981806575,0.03096074050430897,0.004468560485157995,1.5585700606447495,5.0,,
Indianapolis,"Indianapolis, IN",2006-04-01,3,0,4.0,3643,0.0008234971177600879,0.48132780082987553,0.4832428981806575,0.03096074050430897,0.004468560485157995,1.5585700606447495,3.6666666666666665,,
Indianapolis,"Indianapolis, IN",2006-05-01,13,0,4.461538461538462,3643,0.003568487510293714,0.48132780082987553,0.4832428981806575,0.03096074050430897,0.004468560485157995,1.5585700606447495,6.333333333333333,,
Indianapolis,"Indianapolis, IN",2006-06-01,5,0,3.8,3643,0.001372495196266813,0.48132780082987553,0.4832428981806575,0.03096074050430897,0.004468560485157995,1.5585700606447495,7.0,,
Indianapolis,"Indianapolis, IN",2006-07-01,14,0,4.214285714285714,3643,0.0038429865495470767,0.48132780082987553,0.4832428981806575,0.03096074050430897,0.004468560485157995,1.5585700606447495,10.666666666666666,,
Indianapolis,"Indianapolis, IN",2006-08-01,21,0,4.380952380952381,3643,0.005764479824320615,0.48132780082987553,0.4832428981806575,0.03096074050430897,0.004468560485157995,1.5585700606447495,13.333333333333334,,
Indianapolis,"Indianapolis, IN",2006-09-01,14,0,4.428571428571429,3643,0.0038429865495470767,0.48132780082987553,0.4832428981806575,0.03096074050430897,0.004468560485157995,1.5585700606447495,16.333333333333332,1300.0,
Indianapolis,"Indianapolis, IN",2006-10-01,6,0,4.166666666666667,3643,0.0016469942355201758,0.48132780082987553,0.4832428981806575,0.03096074050430897,0.004468560485157995,1.5585700606447495,13.666666666666666,500.0,
Indianapolis,"Indianapolis, IN",2006-11-01,12,0,4.25,3643,0.0032939884710403516,0.48132780082987553,0.4832428981806575,0.03096074050430897,0.004468560485157995,1.5585700606447495,10.666666666666666,1100.0,
Indianapolis,"Indianapolis, IN",2006-12-01,12,0,4.416666666666667,3643,0.0032939884710403516,0.48132780082987553,0.4832428981806575,0.03096074050430897,0.004468560485157995,1.5585700606447495,10.0,500.0,
Indianapolis,"Indianapolis, IN",2007-01-01,19,0,3.8421052631578947,3643,0.00521548174581389,0.48132780082987553,0.4832428981806575,0.03096074050430897,0.004468560485157995,1.5585700606447495,14.333333333333334,171.42857142857144,
Indianapolis,"Indianapolis, IN",2007-02-01,9,0,4.666666666666667,3643,0.0024704913532802636,0.48132780082987553,0.4832428981806575,0.03096074050430897,0.004468560485157995,1.5585700606447495,13.333333333333334,80.0,
Indianapolis,"Indianapolis, IN",2007-03-01,28,0,4.0,3643,0.0076859730990941535,0.48132780082987553,0.4832428981806575,0.03096074050430897,0.004468560485157995,1.5585700606447495,18.666666666666668,833.3333333333334,
Indianapolis,"Indianapolis, IN",2007-04-01,37,0,4.351351351351352,3643,0.010156464452374416,0.48132780082987553,0.4832428981806575,0.03096074050430897,0.004468560485157995,1.5585700606447495,24.666666666666668,1133.3333333333335,
Indianapolis,"Indianapolis, IN",2007-05-01,18,0,4.055555555555555,3643,0.004940982706560527,0.48132780082987553,0.4832428981806575,0.03096074050430897,0.004468560485157995,1.5585700606447495,27.666666666666668,38.46153846153846,
Indianapolis,"Indianapolis, IN",2007-06-01,51,0,3.8627450980392157,3643,0.013999451001921494,0.48132780082987553,0.4832428981806575,0.03096074050430897,0.004468560485157995,1.5585700606447495,35.333333333333336,919.9999999999999,
Indianapolis,"Indianapolis, IN",2007-07-01,76,0,4.0394736842105265,3643,0.02086192698325556,0.48132780082987553,0.4832428981806575,0.03096074050430897,0.004468560485157995,1.5585700606447495,48.333333333333336,442.8571428571429,
Indianapolis,"Indianapolis, IN",2007-08-01,18,0,4.222222222222222,3643,0.004940982706560527,0.48132780082987553,0.4832428981806575,0.03096074050430897,0.004468560485157995,1.5585700606447495,48.333333333333336,-14.28571428571429,
Indianapolis,"Indianapolis, IN",2007-09-01,29,0,3.6206896551724137,3643,0.007960472138347515,0.48132780082987553,0.4832428981806575,0.03096074050430897,0.004468560485157995,1.5585700606447495,41.0,107.14285714285717,
Indianapolis,"Indianapolis, IN",2007-10-01,22,0,3.9545454545454546,3643,0.0060389788635739775,0.48132780082987553,0.4832428981806575,0.03096074050430897,0.004468560485157995,1.5585700606447495,23.0,266.66666666666663,
Indianapolis,"Indianapolis, IN",2007-11-01,30,0,4.1,3643,0.008234971177600879,0.48132780082987553,0.4832428981806575,0.03096074050430897,0.004468560485157995,1.5585700606447495,27.0,150.0,
Indianapolis,"Indianapolis, IN",2007-12-01,46,0,3.9565217391304346,3643,0.01262695580565468,0.48132780082987553,0.4832428981806575,0.03096074050430897,0.004468560485157995,1.5585700606447495,32.666666666666664,283.33333333333337,
Indianapolis,"Indianapolis, IN",2008-01-01,46,0,3.9782608695652173,3643,0.01262695580565468,0.48132780082987553,0.4832428981806575,0.03096074050430897,0.004468560485157995,1.5585700606447495,40.666666666666664,142.10526315789474,
Indianapolis,"Indianapolis, IN",2008-02-01,50,0,4.04,3643,0.01372495196266813,0.48132780082987553,0.4832428981806575,0.03096074050430897,0.004468560485157995,1.5585700606447495,47.333333333333336,455.55555555555554,
Indianapolis,"Indianapolis, IN",2008-03-01,78,0,4.115384615384615,3643,0.021410925061762284,0.48132780082987553,0.4832428981806575,0.03096074050430897,0.004468560485157995,1.5585700606447495,58.0,178.57142857142856,
Indianapolis,"Indianapolis, IN",2008-04-01,67,0,4.104477611940299,3643,0.018391435629975295,0.48132780082987553,0.4832428981806575,0.03096074050430897,0.004468560485157995,1.5585700606447495,65.0,81.08108108108108,
Indianapolis,"Indianapolis, IN",2008-05-01,63,0,4.126984126984127,3643,0.017293439472961844,0.48132780082987553,0.4832428981806575,0.03096074050430897,0.004468560485157995,1.5585700606447495,69.33333333333333,250.0,
Indianapolis,"Indianapolis, IN",2008-06-01,49,0,4.224489795918367,3643,0.013450452923414768,0.48132780082987553,0.4832428981806575,0.03096074050430897,0.004468560485157995,1.5585700606447495,59.666666666666664,-3.9215686274509776,
Indianapolis,"Indianapolis, IN",2008-07-01,91,0,4.087912087912088,3643,0.024979412572056,0.48132780082987553,0.4832428981806575,0.03096074050430897,0.004468560485157995,1.5585700606447495,67.66666666666667,19.736842105263165,
Indianapolis,"Indianapolis, IN",2008-08-01,291,0,3.9896907216494846,3643,0.07987922042272852,0.48132780082987553,0.4832428981806575,0.03096074050430897,0.004468560485157995,1.5585700606447495,143.66666666666666,1516.6666666666667,
Indianapolis,"Indianapolis, IN",2008-09-01,258,0,3.7674418604651163,3643,0.07082075212736755,0.48132780082987553,0.4832428981806575,0.03096074050430897,0.004468560485157995,1.5585700606447495,213.33333333333334,789.655172413793,
Indianapolis,"Indianapolis, IN",2008-10-01,216,0,3.8055555555555554,3643,0.059291792478726325,0.48132780082987553,0.4832428981806575,0.03096074050430897,0.004468560485157995,1.5585700606447495,255.0,881.8181818181819,
Indianapolis,"Indianapolis, IN",2008-11-01,216,0,3.7731481481481484,3643,0.059291792478726325,0.48132780082987553,0.4832428981806575,0.03096074050430897,0.004468560485157995,1.5585700606447495,230.0,620.0,
Indianapolis,"Indianapolis, IN",2008-12-01,135,0,3.7037037037037037,3643,0.03705737029920395,0.48132780082987553,0.4832428981806575,0.03096074050430897,0.004468560485157995,1.5585700606447495,189.0,193.47826086956525,
Indianapolis,"Indianapolis, IN",2009-01-01,143,0,3.762237762237762,3643,0.039253362613230855,0.48132780082987553,0.4832428981806575,0.03096074050430897,0.004468560485157995,1.5585700606447495,164.66666666666666,210.8695652173913,
Indianapolis,"Indianapolis, IN",2009-02-01,133,0,3.789473684210526,3643,0.03650837222069723,0.48132780082987553,0.4832428981806575,0.03096074050430897,0.004468560485157995,1.5585700606447495,137.0,166.0,
Indianapolis,"Indianapolis, IN",2009-03-01,146,0,3.493150684931507,3643,0.04007685973099094,0.48132780082987553,0.4832428981806575,0.03096074050430897,0.004468560485157995,1.5585700606447495,140.66666666666666,87.17948717948718,
Indianapolis,"Indianapolis, IN",2009-04-01,184,0,3.75,3643,0.05050782322261872,0.48132780082987553,0.4832428981806575,0.03096074050430897,0.004468560485157995,1.5585700606447495,154.33333333333334,174.62686567164178,
Indianapolis,"Indianapolis, IN",2009-05-01,92,0,3.782608695652174,3643,0.02525391161130936,0.48132780082987553,0.4832428981806575,0.03096074050430897,0.004468560485157995,1.5585700606447495,140.66666666666666,46.031746031746025,
Indianapolis,"Indianapolis, IN",2009-06-01,113,0,3.8053097345132745,3643,0.031018391435629976,0.48132780082987553,0.4832428981806575,0.03096074050430897,0.004468560485157995,1.5585700606447495,129.66666666666666,130.6122448979592,
Indianapolis,"Indianapolis, IN",2009-07-01,187,0,3.6898395721925135,3643,0.05133132034037881,0.48132780082987553,0.4832428981806575,0.03096074050430897,0.004468560485157995,1.5585700606447495,130.66666666666666,105.49450549450547,
Indianapolis,"Indianapolis, IN",2009-08-01,201,0,3.791044776119403,3643,0.05517430688992588,0.48132780082987553,0.4832428981806575,0.03096074050430897,0.004468560485157995,1.5585700606447495,167.0,-30.927835051546392,
Indianapolis,"Indianapolis, IN",2009-09-01,130,0,3.776923076923077,3643,0.03568487510293714,0.48132780082987553,0.4832428981806575,0.03096074050430897,0.004468560485157995,1.5585700606447495,172.66666666666666,-49.6124031007752,
Indianapolis,"Indianapolis, IN",2009-10-01,142,0,3.6338028169014085,3643,0.03897886357397749,0.48132780082987553,0.4832428981806575,0.03096074050430897,0.004468560485157995,1.5585700606447495,157.66666666666666,-34.25925925925925,
Indianapolis,"Indianapolis, IN",2009-11-01,122,0,3.7868852459016393,3643,0.03348888278891024,0.48132780082987553,0.4832428981806575,0.03096074050430897,0.004468560485157995,1.5585700606447495,131.33333333333334,-43.518518518518526,
Indianapolis,"Indianapolis, IN",2009-12-01,149,0,3.7449664429530203,3643,0.04090035684875103,0.48132780082987553,0.4832428981806575,0.03096074050430897,0.004468560485157995,1.5585700606447495,137.66666666666666,10.370370370370363,
Indianapolis,"Indianapolis, IN",2010-01-01,210,38,3.761904761904762,3643,0.05764479824320615,0.48132780082987553,0.4832428981806575,0.03096074050430897,0.004468560485157995,1.5585700606447495,160.33333333333334,46.85314685314685,inf
Indianapolis,"Indianapolis, IN",2010-02-01,227,81,3.7797356828193833,3643,0.062311281910513314,0.48132780082987553,0.4832428981806575,0.03096074050430897,0.004468560485157995,1.5585700606447495,195.33333333333334,70.67669172932331,inf
Indianapolis,"Indianapolis, IN",2010-03-01,221,144,3.8597285067873304,3643,0.060664287674993135,0.48132780082987553,0.4832428981806575,0.03096074050430897,0.004468560485157995,1.5585700606447495,219.33333333333334,51.369863013698634,inf
Indianapolis,"Indianapolis, IN",2010-04-01,260,231,3.7115384615384617,3643,0.07136975020587429,0.48132780082987553,0.4832428981806575,0.03096074050430897,0.004468560485157995,1.5585700606447495,236.0,41.30434782608696,inf
Indianapolis,"Indianapolis, IN",2010-05-01,225,197,3.688888888888889,3643,0.06176228383200659,0.48132780082987553,0.4832428981806575,0.03096074050430897,0.004468560485157995,1.5585700606447495,235.33333333333334,144.56521739130434,inf
Indianapolis,"Indianapolis, IN",2010-06-01,341,278,3.7565982404692084,3643,0.09360417238539664,0.48132780082987553,0.4832428981806575,0.03096074050430897,0.004468560485157995,1.5585700606447495,275.3333333333333,201.76991150442478,inf
Indianapolis,"Indianapolis, IN",2010-07-01,434,758,3.804147465437788,3643,0.11913258303595937,0.48132780082987553,0.4832428981806575,0.03096074050430897,0.004468560485157995,1.5585700606447495,333.3333333333333,132.0855614973262,inf
Indianapolis,"Indianapolis, IN",2010-08-01,500,1104,3.752,3643,0.1372495196266813,0.48132780082987553,0.4832428981806575,0.03096074050430897,0.004468560485157995,1.5585700606447495,425.0,148.75621890547262,inf
Indianapolis,"Indianapolis, IN",2010-09-01,441,1103,3.8594104308390023,3643,0.12105407631073291,0.48132780082987553,0.4832428981806575,0.03096074050430897,0.004468560485157995,1.5585700606447495,458.3333333333333,239.23076923076923,inf
Indianapolis,"Indianapolis, IN",2010-10-01,409,1175,3.7946210268948657,3643,0.11227010705462531,0.48132780082987553,0.4832428981806575,0.03096074050430897,0.004468560485157995,1.5585700606447495,450.0,188.0281690140845,inf
Indianapolis,"Indianapolis, IN",2010-11-01,341,1176,3.7624633431085046,3643,0.09360417238539664,0.48132780082987553,0.4832428981806575,0.03096074050430897,0.004468560485157995,1.5585700606447495,397.0,179.50819672131146,inf
Indianapolis,"Indianapolis, IN",2010-12-01,406,1265,3.7536945812807883,3643,0.11144660993686523,0.48132780082987553,0.4832428981806575,0.03096074050430897,0.004468560485157995,1.5585700606447495,385.3333333333333,172.48322147651004,inf
Indianapolis,"Indianapolis, IN",2011-01-01,590,1554,3.828813559322034,3643,0.16195443315948393,0.48132780082987553,0.4832428981806575,0.03096074050430897,0.004468560485157995,1.5585700606447495,445.6666666666667,180.95238095238093,3989.473684210526
Indianapolis,"Indianapolis, IN",2011-02-01,534,1662,3.696629213483146,3643,0.14658248696129564,0.48132780082987553,0.4832428981806575,0.03096074050430897,0.004468560485157995,1.5585700606447495,510.0,135.24229074889868,1951.851851851852
Indianapolis,"Indianapolis, IN",2011-03-01,660,2443,3.85,3643,0.18116936590721933,0.48132780082987553,0.4832428981806575,0.03096074050430897,0.004468560485157995,1.5585700606447495,594.6666666666666,198.6425339366516,1596.5277777777778
Indianapolis,"Indianapolis, IN",2011-04-01,646,3104,3.7755417956656347,3643,0.17732637935767226,0.48132780082987553,0.4832428981806575,0.03096074050430897,0.004468560485157995,1.5585700606447495,613.3333333333334,148.46153846153845,1243.7229437229437
Indianapolis,"Indianapolis, IN",2011-05-01,678,3440,3.877581120943953,3643,0.18611034861377984,0.48132780082987553,0.4832428981806575,0.03096074050430897,0.004468560485157995,1.5585700606447495,661.3333333333334,201.33333333333331,1646.1928934010152
Indianapolis,"Indianapolis, IN",2011-06-01,757,3911,3.8494055482166445,3643,0.2077957727147955,0.48132780082987553,0.4832428981806575,0.03096074050430897,0.004468560485157995,1.5585700606447495,693.6666666666666,121.99413489736068,1306.8345323741007
Indianapolis,"Indianapolis, IN",2011-07-01,883,4583,3.795016987542469,3643,0.24238265166071918,0.48132780082987553,0.4832428981806575,0.03096074050430897,0.004468560485157995,1.5585700606447495,772.6666666666666,103.45622119815667,504.61741424802113
Indianapolis,"Indianapolis, IN",2011-08-01,827,4999,3.7484885126964933,3643,0.22701070546253088,0.48132780082987553,0.4832428981806575,0.03096074050430897,0.004468560485157995,1.5585700606447495,822.3333333333334,65.39999999999999,352.80797101449275
Indianapolis,"Indianapolis, IN",2011-09-01,733,5234,3.8567530695770804,3643,0.2012077957727148,0.48132780082987553,0.4832428981806575,0.03096074050430897,0.004468560485157995,1.5585700606447495,814.3333333333334,66.21315192743764,374.52402538531277
Indianapolis,"Indianapolis, IN",2011-10-01,707,5692,3.6817538896746815,3643,0.19407082075212737,0.48132780082987553,0.4832428981806575,0.03096074050430897,0.004468560485157995,1.5585700606447495,755.6666666666666,72.8606356968215,384.4255319148936
Indianapolis,"Indianapolis, IN",2011-11-01,694,4871,3.851585014409222,3643,0.19050233324183366,0.48132780082987553,0.4832428981806575,0.03096074050430897,0.004468560485157995,1.5585700606447495,711.3333333333334,103.51906158357771,314.2006802721088
Indianapolis,"Indianapolis, IN",2011-12-01,747,5607,3.7737617135207495,3643,0.20505078232226187,0.48132780082987553,0.4832428981806575,0.03096074050430897,0.004468560485157995,1.5585700606447495,716.0,83.99014778325122,343.24110671936756
Indianapolis,"Indianapolis, IN",2012-01-01,914,5801,3.8446389496717726,3643,0.2508921218775734,0.48132780082987553,0.4832428981806575,0.03096074050430897,0.004468560485157995,1.5585700606447495,785.0,54.91525423728814,273.29472329472327
Indianapolis,"Indianapolis, IN",2012-02-01,711,6090,3.661040787623066,3643,0.1951688169091408,0.48132780082987553,0.4832428981806575,0.03096074050430897,0.004468560485157995,1.5585700606447495,790.6666666666666,33.14606741573034,266.4259927797834
Indianapolis,"Indianapolis, IN",2012-03-01,765,6686,3.6941176470588237,3643,0.20999176502882239,0.48132780082987553,0.4832428981806575,0.03096074050430897,0.004468560485157995,1.5585700606447495,796.6666666666666,15.909090909090917,173.67990176013097
Indianapolis,"Indianapolis, IN",2012-04-01,698,6154,3.7392550143266474,3643,0.1916003293988471,0.48132780082987553,0.4832428981806575,0.03096074050430897,0.004468560485157995,1.5585700606447495,724.6666666666666,8.049535603715174,98.26030927835052
Indianapolis,"Indianapolis, IN",2012-05-01,748,6244,3.6537433155080214,3643,0.20532528136151523,0.48132780082987553,0.4832428981806575,0.03096074050430897,0.004468560485157995,1.5585700606447495,737.0,10.32448377581121,81.51162790697674
Indianapolis,"Indianapolis, IN",2012-06-01,876,6486,3.704337899543379,3643,0.24046115838594564,0.48132780082987553,0.4832428981806575,0.03096074050430897,0.004468560485157995,1.5585700606447495,774.0,15.719947159841485,65.8399386346203
Indianapolis,"Indianapolis, IN",2012-07-01,904,6449,3.709070796460177,3643,0.2481471314850398,0.48132780082987553,0.4832428981806575,0.03096074050430897,0.004468560485157995,1.5585700606447495,842.6666666666666,2.3782559456398733,40.71568841370281
Indianapolis,"Indianapolis, IN",2012-08-01,846,7018,3.7387706855791962,3643,0.23222618720834476,0.48132780082987553,0.4832428981806575,0.03096074050430897,0.004468560485157995,1.5585700606447495,875.3333333333334,2.2974607013301007,40.3880776155231
Indianapolis,"Indianapolis, IN",2012-09-01,789,6100,3.6463878326996197,3643,0.2165797419709031,0.48132780082987553,0.4832428981806575,0.03096074050430897,0.004468560485157995,1.5585700606447495,846.3333333333334,7.639836289222379,16.5456629728697
Indianapolis,"Indianapolis, IN",2012-10-01,853,5971,3.791324736225088,3643,0.23414768048311832,0.48132780082987553,0.4832428981806575,0.03096074050430897,0.004468560485157995,1.5585700606447495,829.3333333333334,20.650636492220652,4.901616303583967
Indianapolis,"Indianapolis, IN",2012-11-01,749,6134,3.7757009345794392,3643,0.2055997804007686,0.48132780082987553,0.4832428981806575,0.03096074050430897,0.004468560485157995,1.5585700606447495,797.0,7.925072046109505,25.92896735783208
Indianapolis,"Indianapolis, IN",2012-12-01,778,6679,3.7390745501285347,3643,0.21356025253911612,0.48132780082987553,0.4832428981806575,0.03096074050430897,0.004468560485157995,1.5585700606447495,793.3333333333334,4.149933065595723,19.118958444801137
Indianapolis,"Indianapolis, IN",2013-01-01,1120,6807,3.7401785714285714,3643,0.30743892396376615,0.48132780082987553,0.4832428981806575,0.03096074050430897,0.004468560485157995,1.5585700606447495,882.3333333333334,22.53829321663019,17.341837614204447
Indianapolis,"Indianapolis, IN",2013-02-01,916,6107,3.7598253275109172,3643,0.25144111995608015,0.48132780082987553,0.4832428981806575,0.03096074050430897,0.004468560485157995,1.5585700606447495,938.0,28.832630098452896,0.27914614121511416
Indianapolis,"Indianapolis, IN",2013-03-01,985,7304,3.718781725888325,3643,0.2703815536645622,0.48132780082987553,0.4832428981806575,0.03096074050430897,0.004468560485157995,1.5585700606447495,1007.0,28.75816993464053,9.243194735267735
Indianapolis,"Indianapolis, IN",2013-04-01,1227,7204,3.757131214343928,3643,0.33681032116387594,0.48132780082987553,0.4832428981806575,0.03096074050430897,0.004468560485157995,1.5585700606447495,1042.6666666666667,75.78796561604584,17.062073448163794
Indianapolis,"Indianapolis, IN",2013-05-01,1181,7534,3.727349703640982,3643,0.32418336535822123,0.48132780082987553,0.4832428981806575,0.03096074050430897,0.004468560485157995,1.5585700606447495,1131.0,57.887700534759354,20.659833440102492
Indianapolis,"Indianapolis, IN",2013-06-01,1243,7384,3.7610619469026547,3643,0.3412023057919297,0.48132780082987553,0.4832428981806575,0.03096074050430897,0.004468560485157995,1.5585700606447495,1217.0,41.894977168949765,13.84520505704594
Indianapolis,"Indianapolis, IN",2013-07-01,1135,7324,3.7612334801762115,3643,0.3115564095525666,0.48132780082987553,0.4832428981806575,0.03096074050430897,0.004468560485157995,1.5585700606447495,1186.3333333333333,25.553097345132734,13.567995037990377
Indianapolis,"Indianapolis, IN",2013-08-01,1329,7759,3.7539503386004514,3643,0.3648092231677189,0.48132780082987553,0.4832428981806575,0.03096074050430897,0.004468560485157995,1.5585700606447495,1235.6666666666667,57.0921985815603,10.558563693359924
Indianapolis,"Indianapolis, IN",2013-09-01,1260,6466,3.7095238095238097,3643,0.3458687894592369,0.48132780082987553,0.4832428981806575,0.03096074050430897,0.004468560485157995,1.5585700606447495,1241.3333333333333,59.695817490494306,6.000000000000005
Indianapolis,"Indianapolis, IN",2013-10-01,1335,6406,3.799250936329588,3643,0.3664562174032391,0.48132780082987553,0.4832428981806575,0.03096074050430897,0.004468560485157995,1.5585700606447495,1308.0,56.50644783118406,7.285211857310325
Indianapolis,"Indianapolis, IN",2013-11-01,1503,6410,3.7638057218895544,3643,0.412572055997804,0.48132780082987553,0.4832428981806575,0.03096074050430897,0.004468560485157995,1.5585700606447495,1366.0,100.6675567423231,4.49951092272578
Indianapolis,"Indianapolis, IN",2013-12-01,1222,5672,3.761865793780687,3643,0.3354378259676091,0.48132780082987553,0.4832428981806575,0.03096074050430897,0.004468560485157995,1.5585700606447495,1353.3333333333333,57.069408740359904,-15.07710735139991
Indianapolis,"Indianapolis, IN",2014-01-01,1326,5206,3.8016591251885368,3643,0.3639857260499588,0.48132780082987553,0.4832428981806575,0.03096074050430897,0.004468560485157995,1.5585700606447495,1350.3333333333333,18.392857142857146,-23.51990597913912
Indianapolis,"Indianapolis, IN",2014-02-01,1319,5571,3.800606520090978,3643,0.3620642327751853,0.48132780082987553,0.4832428981806575,0.03096074050430897,0.004468560485157995,1.5585700606447495,1289.0,43.99563318777293,-8.776813492713275
Indianapolis,"Indianapolis, IN",2014-03-01,1621,7232,3.8056755089450958,3643,0.4449629426297008,0.48132780082987553,0.4832428981806575,0.03096074050430897,0.004468560485157995,1.5585700606447495,1422.0,64.56852791878171,-0.9857612267250793
Indianapolis,"Indianapolis, IN",2014-04-01,1490,6971,3.810738255033557,3643,0.4090035684875103,0.48132780082987553,0.4832428981806575,0.03096074050430897,0.004468560485157995,1.5585700606447495,1476.6666666666667,21.434392828035854,-3.2343142698500804
Indianapolis,"Indianapolis, IN",2014-05-01,1523,7502,3.7511490479317136,3643,0.41806203678287124,0.48132780082987553,0.4832428981806575,0.03096074050430897,0.004468560485157995,1.5585700606447495,1544.6666666666667,28.958509737510575,-0.42474117334748707
Indianapolis,"Indianapolis, IN",2014-06-01,1574,7285,3.6772554002541296,3643,0.43206148778479275,0.48132780082987553,0.4832428981806575,0.03096074050430897,0.004468560485157995,1.5585700606447495,1529.0,26.629123089300077,-1.3407367280606763
Indianapolis,"Indianapolis, IN",2014-07-01,1715,6915,3.786588921282799,3643,0.4707658523195169,0.48132780082987553,0.4832428981806575,0.03096074050430897,0.004468560485157995,1.5585700606447495,1604.0,51.10132158590308,-5.584380120152921
Indianapolis,"Indianapolis, IN",2014-08-01,2002,7441,3.75974025974026,3643,0.5495470765852319,0.48132780082987553,0.4832428981806575,0.03096074050430897,0.004468560485157995,1.5585700606447495,1763.6666666666667,50.63957863054929,-4.0984662972032515
Indianapolis,"Indianapolis, IN",2014-09-01,1654,6198,3.770858524788392,3643,0.45402141092506176,0.48132780082987553,0.4832428981806575,0.03096074050430897,0.004468560485157995,1.5585700606447495,1790.3333333333333,31.26984126984127,-4.144757191463033
Indianapolis,"Indianapolis, IN",2014-10-01,1651,6269,3.779527559055118,3643,0.4531979138073017,0.48132780082987553,0.4832428981806575,0.03096074050430897,0.004468560485157995,1.5585700606447495,1769.0,23.670411985018735,-2.1386200437090275
Indianapolis,"Indianapolis, IN",2014-11-01,1883,6202,3.7689856611789696,3643,0.5168816909140818,0.48132780082987553,0.4832428981806575,0.03096074050430897,0.004468560485157995,1.5585700606447495,1729.3333333333333,25.28276779773786,-3.2449297971918867
Indianapolis,"Indianapolis, IN",2014-12-01,1764,6178,3.8469387755102042,3643,0.48421630524293163,0.48132780082987553,0.4832428981806575,0.03096074050430897,0.004468560485157995,1.5585700606447495,1766.0,44.35351882160392,8.921015514809593
Indianapolis,"Indianapolis, IN",2015-01-01,2270,6522,3.8273127753303964,3643,0.6231128191051332,0.48132780082987553,0.4832428981806575,0.03096074050430897,0.004468560485157995,1.5585700606447495,1972.3333333333333,71.19155354449471,25.27852477910104
Indianapolis,"Indianapolis, IN",2015-02-01,2142,5856,3.831465919701214,3643,0.5879769420807027,0.48132780082987553,0.4832428981806575,0.03096074050430897,0.004468560485157995,1.5585700606447495,2058.6666666666665,62.39575435936315,5.115778136779747
Indianapolis,"Indianapolis, IN",2015-03-01,2341,7063,3.8240068346860316,3643,0.6426022508921219,0.48132780082987553,0.4832428981806575,0.03096074050430897,0.004468560485157995,1.5585700606447495,2251.0,44.41702652683528,-2.336836283185839
Indianapolis,"Indianapolis, IN",2015-04-01,2329,7149,3.848862172606269,3643,0.6393082624210815,0.48132780082987553,0.4832428981806575,0.03096074050430897,0.004468560485157995,1.5585700606447495,2270.6666666666665,56.308724832214764,2.5534356620284138
Indianapolis,"Indianapolis, IN",2015-05-01,2312,7738,3.807093425605536,3643,0.6346417787537744,0.48132780082987553,0.4832428981806575,0.03096074050430897,0.004468560485157995,1.5585700606447495,2327.3333333333335,51.80564674983585,3.1458277792588696
Indianapolis,"Indianapolis, IN",2015-06-01,2245,6855,3.8080178173719377,3643,0.6162503431237991,0.48132780082987553,0.4832428981806575,0.03096074050430897,0.004468560485157995,1.5585700606447495,2295.3333333333335,42.630241423125796,-5.9025394646534
Indianapolis,"Indianapolis, IN",2015-07-01,2535,7338,3.84930966469428,3643,0.6958550645072742,0.48132780082987553,0.4832428981806575,0.03096074050430897,0.004468560485157995,1.5585700606447495,2364.0,47.813411078717195,6.117136659436007
Indianapolis,"Indianapolis, IN",2015-08-01,2832,7105,3.7747175141242937,3643,0.7773812791655229,0.48132780082987553,0.4832428981806575,0.03096074050430897,0.004468560485157995,1.5585700606447495,2537.3333333333335,41.45854145854146,-4.515522107243653
Indianapolis,"Indianapolis, IN",2015-09-01,2339,6292,3.8529286019666524,3643,0.6420532528136151,0.48132780082987553,0.4832428981806575,0.03096074050430897,0.004468560485157995,1.5585700606447495,2568.6666666666665,41.414752116082234,1.5166182639561043
Indianapolis,"Indianapolis, IN",2015-10-01,2249,6352,3.848377056469542,3643,0.6173483392808126,0.48132780082987553,0.4832428981806575,0.03096074050430897,0.004468560485157995,1.5585700606447495,2473.3333333333335,36.22047244094488,1.3239751156484347
Indianapolis,"Indianapolis, IN",2015-11-01,2346,5895,3.8563512361466326,3643,0.6439747460883887,0.48132780082987553,0.4832428981806575,0.03096074050430897,0.004468560485157995,1.5585700606447495,2311.3333333333335,24.588422729686666,-4.950016123831025
Indianapolis,"Indianapolis, IN",2015-12-01,1972,5503,3.790060851926978,3643,0.5413121054076311,0.48132780082987553,0.4832428981806575,0.03096074050430897,0.004468560485157995,1.5585700606447495,2189.0,11.791383219954653,-10.925865976044024
Indianapolis,"Indianapolis, IN",2016-01-01,2780,5974,3.8989208633093524,3643,0.7631073291243481,0.48132780082987553,0.4832428981806575,0.03096074050430897,0.004468560485157995,1.5585700606447495,2366.0,22.466960352422905,-8.402330573443727
Indianapolis,"Indianapolis, IN",2016-02-01,2608,6117,3.8673312883435584,3643,0.7158934943727697,0.48132780082987553,0.4832428981806575,0.03096074050430897,0.004468560485157995,1.5585700606447495,2453.3333333333335,21.755368814192334,4.456967213114749
Indianapolis,"Indianapolis, IN",2016-03-01,2901,6985,3.873836608066184,3643,0.796321712874005,0.48132780082987553,0.4832428981806575,0.03096074050430897,0.004468560485157995,1.5585700606447495,2763.0,23.921401110636474,-1.104346594931327
Indianapolis,"Indianapolis, IN",2016-04-01,2594,6894,3.8446414803392446,3643,0.7120505078232227,0.48132780082987553,0.4832428981806575,0.03096074050430897,0.004468560485157995,1.5585700606447495,2701.0,11.378273937312144,-3.566932438103232
Indianapolis,"Indianapolis, IN",2016-05-01,2552,6755,3.8495297805642634,3643,0.7005215481745813,0.48132780082987553,0.4832428981806575,0.03096074050430897,0.004468560485157995,1.5585700606447495,2682.3333333333335,10.380622837370247,-12.703540966658055
Indianapolis,"Indianapolis, IN",2016-06-01,3016,7300,3.890583554376658,3643,0.8278891023881416,0.48132780082987553,0.4832428981806575,0.03096074050430897,0.004468560485157995,1.5585700606447495,2720.6666666666665,34.34298440979955,6.491611962071486
Indianapolis,"Indianapolis, IN",2016-07-01,2869,7030,3.878006273963053,3643,0.7875377436178973,0.48132780082987553,0.4832428981806575,0.03096074050430897,0.004468560485157995,1.5585700606447495,2812.3333333333335,13.175542406311646,-4.197328972472059
Indianapolis,"Indianapolis, IN",2016-08-01,2685,6503,3.8405959031657355,3643,0.7370299203952786,0.48132780082987553,0.4832428981806575,0.03096074050430897,0.004468560485157995,1.5585700606447495,2856.6666666666665,-5.190677966101697,-8.472906403940883
Indianapolis,"Indianapolis, IN",2016-09-01,2280,5968,3.806140350877193,3643,0.6258578094976668,0.48132780082987553,0.4832428981806575,0.03096074050430897,0.004468560485157995,1.5585700606447495,2611.3333333333335,-2.522445489525438,-5.149396058486966
Indianapolis,"Indianapolis, IN",2016-10-01,2548,6083,3.8461538461538463,3643,0.6994235520175679,0.48132780082987553,0.4832428981806575,0.03096074050430897,0.004468560485157995,1.5585700606447495,2504.3333333333335,13.294797687861282,-4.234886649874059
Indianapolis,"Indianapolis, IN",2016-11-01,2298,5168,3.8516100957354222,3643,0.6307987922042273,0.48132780082987553,0.4832428981806575,0.03096074050430897,0.004468560485157995,1.5585700606447495,2375.3333333333335,-2.0460358056266004,-12.332485156912643
Indianapolis,"Indianapolis, IN",2016-12-01,2343,5239,3.8915919760990185,3643,0.6431512489706286,0.48132780082987553,0.4832428981806575,0.03096074050430897,0.004468560485157995,1.5585700606447495,2396.3333333333335,18.8133874239351,-4.797383245502451
Indianapolis,"Indianapolis, IN",2017-01-01,2929,5353,3.9416182997610107,3643,0.8040076859730991,0.48132780082987553,0.4832428981806575,0.03096074050430897,0.004468560485157995,1.5585700606447495,2523.3333333333335,5.3597122302158295,-10.395045195848674
Indianapolis,"Indianapolis, IN",2017-02-01,2870,5405,3.9264808362369337,3643,0.7878122426571507,0.48132780082987553,0.4832428981806575,0.03096074050430897,0.004468560485157995,1.5585700606447495,2714.0,10.046012269938643,-11.63969265980056
Indianapolis,"Indianapolis, IN",2017-03-01,2991,6177,3.8906720160481445,3643,0.8210266264068076,0.48132780082987553,0.4832428981806575,0.03096074050430897,0.004468560485157995,1.5585700606447495,2930.0,3.1023784901758056,-11.567644953471723
Indianapolis,"Indianapolis, IN",2017-04-01,3106,6444,3.8995492594977463,3643,0.8525940159209443,0.48132780082987553,0.4832428981806575,0.03096074050430897,0.004468560485157995,1.5585700606447495,2989.0,19.737856592135692,-6.5274151436031325
Indianapolis,"Indianapolis, IN",2017-05-01,2906,6432,3.8743977976600137,3643,0.7976942080702718,0.48132780082987553,0.4832428981806575,0.03096074050430897,0.004468560485157995,1.5585700606447495,3001.0,13.871473354231977,-4.781643227239085
Indianapolis,"Indianapolis, IN",2017-06-01,3166,6402,3.8954516740366394,3643,0.869063958276146,0.48132780082987553,0.4832428981806575,0.03096074050430897,0.004468560485157995,1.5585700606447495,3059.3333333333335,4.973474801061006,-12.3013698630137
Indianapolis,"Indianapolis, IN",2017-07-01,3166,6361,3.890713834491472,3643,0.869063958276146,0.48132780082987553,0.4832428981806575,0.03096074050430897,0.004468560485157995,1.5585700606447495,3079.3333333333335,10.352039037992334,-9.516358463726881
Indianapolis,"Indianapolis, IN",2017-08-01,2968,6188,3.878369272237197,3643,0.8147131485039802,0.48132780082987553,0.4832428981806575,0.03096074050430897,0.004468560485157995,1.5585700606447495,3100.0,10.540037243947854,-4.84391819160388
Indianapolis,"Indianapolis, IN",2017-09-01,2845,5499,3.8242530755711774,3643,0.7809497666758166,0.48132780082987553,0.4832428981806575,0.03096074050430897,0.004468560485157995,1.5585700606447495,2993.0,24.78070175438596,-7.858579088471851
Indianapolis,"Indianapolis, IN",2017-10-01,2685,5214,3.9121042830540036,3643,0.7370299203952786,0.48132780082987553,0.4832428981806575,0.03096074050430897,0.004468560485157995,1.5585700606447495,2832.6666666666665,5.376766091051799,-14.28571428571429
Indianapolis,"Indianapolis, IN",2017-11-01,2589,4686,3.9057551178061027,3643,0.7106780126269558,0.48132780082987553,0.4832428981806575,0.03096074050430897,0.004468560485157995,1.5585700606447495,2706.3333333333335,12.66318537859008,-9.3266253869969
Indianapolis,"Indianapolis, IN",2017-12-01,2487,4751,3.8636911942098915,3643,0.6826791106231128,0.48132780082987553,0.4832428981806575,0.03096074050430897,0.004468560485157995,1.5585700606447495,2587.0,6.145966709346995,-9.314754724184004
Indianapolis,"Indianapolis, IN",2018-01-01,2749,4546,3.878501273190251,3643,0.7545978589074939,0.48132780082987553,0.4832428981806575,0.03096074050430897,0.004468560485157995,1.5585700606447495,2608.3333333333335,-6.1454421304199425,-15.075658509247148
Indianapolis,"Indianapolis, IN",2018-02-01,2871,4923,3.9167537443399514,3643,0.788086741696404,0.48132780082987553,0.4832428981806575,0.03096074050430897,0.004468560485157995,1.5585700606447495,2702.3333333333335,0.03484320557491927,-8.917668825161885
Indianapolis,"Indianapolis, IN",2018-03-01,3434,5456,3.9420500873616775,3643,0.9426297007960472,0.48132780082987553,0.4832428981806575,0.03096074050430897,0.004468560485157995,1.5585700606447495,3018.0,14.811099966566378,-11.672332847660671
Indianapolis,"Indianapolis, IN",2018-04-01,3233,5128,3.9294772656974946,3643,0.8874553939061214,0.48132780082987553,0.4832428981806575,0.03096074050430897,0.004468560485157995,1.5585700606447495,3179.3333333333335,4.0888602704443056,-20.422098075729355
Indianapolis,"Indianapolis, IN",2018-05-01,3207,5508,3.8440910508263175,3643,0.8803184188855339,0.48132780082987553,0.4832428981806575,0.03096074050430897,0.004468560485157995,1.5585700606447495,3291.3333333333335,10.357880247763251,-14.365671641791044
Indianapolis,"Indianapolis, IN",2018-06-01,3459,5196,3.8768430182133566,3643,0.9494921767773813,0.48132780082987553,0.4832428981806575,0.03096074050430897,0.004468560485157995,1.5585700606447495,3299.6666666666665,9.254579911560334,-18.837863167760073
Indianapolis,"Indianapolis, IN",2018-07-01,3859,5216,3.993521637729982,3643,1.0592917924787264,0.48132780082987553,0.4832428981806575,0.03096074050430897,0.004468560485157995,1.5585700606447495,3508.3333333333335,21.888818698673408,-18.00031441597233
Indianapolis,"Indianapolis, IN",2018-08-01,3374,4890,3.8995257854179015,3643,0.9261597584408454,0.48132780082987553,0.4832428981806575,0.03096074050430897,0.004468560485157995,1.5585700606447495,3564.0,13.67924528301887,-20.976082740788627
Indianapolis,"Indianapolis, IN",2018-09-01,3013,4337,3.8858280783272487,3643,0.8270656052703815,0.48132780082987553,0.4832428981806575,0.03096074050430897,0.004468560485157995,1.5585700606447495,3415.3333333333335,5.905096660808429,-21.131114748136028
Indianapolis,"Indianapolis, IN",2018-10-01,2870,4221,3.9121951219512194,3643,0.7878122426571507,0.48132780082987553,0.4832428981806575,0.03096074050430897,0.004468560485157995,1.5585700606447495,3085.6666666666665,6.890130353817514,-19.04487917146145
Indianapolis,"Indianapolis, IN",2018-11-01,2840,3892,3.852816901408451,3643,0.7795772714795498,0.48132780082987553,0.4832428981806575,0.03096074050430897,0.004468560485157995,1.5585700606447495,2907.6666666666665,9.694862881421408,-16.944088775074697
Indianapolis,"Indianapolis, IN",2018-12-01,3070,4304,3.91628664495114,3643,0.8427120505078233,0.48132780082987553,0.4832428981806575,0.03096074050430897,0.004468560485157995,1.5585700606447495,2926.6666666666665,23.44189786891837,-9.408545569353821
Indianapolis,"Indianapolis, IN",2019-01-01,2994,3669,3.908817635270541,3643,0.8218501235245677,0.48132780082987553,0.4832428981806575,0.03096074050430897,0.004468560485157995,1.5585700606447495,2968.0,8.912331757002544,-19.291684997800264
Indianapolis,"Indianapolis, IN",2019-02-01,3143,3839,3.9093223035316575,3643,0.8627504803733187,0.48132780082987553,0.4832428981806575,0.03096074050430897,0.004468560485157995,1.5585700606447495,3069.0,9.474050853361193,-22.0190940483445
Indianapolis,"Indianapolis, IN",2019-03-01,3644,4836,3.8932491767288693,3643,1.0002744990392534,0.48132780082987553,0.4832428981806575,0.03096074050430897,0.004468560485157995,1.5585700606447495,3260.3333333333335,6.115317414094346,-11.363636363636365
Indianapolis,"Indianapolis, IN",2019-04-01,3250,4645,3.945846153846154,3643,0.8921218775734285,0.48132780082987553,0.4832428981806575,0.03096074050430897,0.004468560485157995,1.5585700606447495,3345.6666666666665,0.5258274048870915,-9.418876755070205
Indianapolis,"Indianapolis, IN",2019-05-01,3257,4954,3.923242247466994,3643,0.8940433708482021,0.48132780082987553,0.4832428981806575,0.03096074050430897,0.004468560485157995,1.5585700606447495,3383.6666666666665,1.5590894917368203,-10.05809731299927
Indianapolis,"Indianapolis, IN",2019-06-01,3555,4777,3.861603375527426,3643,0.975844084545704,0.48132780082987553,0.4832428981806575,0.03096074050430897,0.004468560485157995,1.5585700606447495,3354.0,2.7753686036426695,-8.06389530408006
Indianapolis,"Indianapolis, IN",2019-07-01,3448,4468,3.9115429234338746,3643,0.9464726873455943,0.48132780082987553,0.4832428981806575,0.03096074050430897,0.004468560485157995,1.5585700606447495,3420.0,-10.650427571909827,-14.340490797546012
Indianapolis,"Indianapolis, IN",2019-08-01,3594,4888,3.911240957150807,3643,0.9865495470765853,0.48132780082987553,0.4832428981806575,0.03096074050430897,0.004468560485157995,1.5585700606447495,3532.3333333333335,6.5204505038529925,-0.04089979550102596
Indianapolis,"Indianapolis, IN",2019-09-01,3199,3925,3.8746483276023755,3643,0.878122426571507,0.48132780082987553,0.4832428981806575,0.03096074050430897,0.004468560485157995,1.5585700606447495,3413.6666666666665,6.173249253235968,-9.499654138805624
Indianapolis,"Indianapolis, IN",2019-10-01,3066,3942,3.961839530332681,3643,0.8416140543508098,0.48132780082987553,0.4832428981806575,0.03096074050430897,0.004468560485157995,1.5585700606447495,3286.3333333333335,6.829268292682933,-6.609808102345416
Indianapolis,"Indianapolis, IN",2019-11-01,3007,3732,3.8506817426005986,3643,0.8254186110348614,0.48132780082987553,0.4832428981806575,0.03096074050430897,0.004468560485157995,1.5585700606447495,3090.6666666666665,5.880281690140854,-4.110996916752308
Indianapolis,"Indianapolis, IN",2019-12-01,2750,3515,3.883272727272727,3643,0.7548723579467472,0.48132780082987553,0.4832428981806575,0.03096074050430897,0.004468560485157995,1.5585700606447495,2941.0,-10.423452768729646,-18.3317843866171
Indianapolis,"Indianapolis, IN",2020-01-01,3073,3731,3.9781972014318256,3643,0.8435355476255834,0.48132780082987553,0.4832428981806575,0.03096074050430897,0.004468560485157995,1.5585700606447495,2943.3333333333335,2.638610554442211,1.6898337421640708
Indianapolis,"Indianapolis, IN",2020-02-01,3040,3731,3.999671052631579,3643,0.8344770793302223,0.48132780082987553,0.4832428981806575,0.03096074050430897,0.004468560485157995,1.5585700606447495,2954.3333333333335,-3.2771237671014974,-2.813232612659544
Indianapolis,"Indianapolis, IN",2020-03-01,1939,2010,4.033522434244456,3643,0.5322536371122701,0.48132780082987553,0.4832428981806575,0.03096074050430897,0.004468560485157995,1.5585700606447495,2684.0,-46.78924259055982,-58.436724565756826
Indianapolis,"Indianapolis, IN",2020-04-01,1205,538,4.0614107883817425,3643,0.330771342300302,0.48132780082987553,0.4832428981806575,0.03096074050430897,0.004468560485157995,1.5585700606447495,2061.3333333333335,-62.92307692307693,-88.41765339074273
Indianapolis,"Indianapolis, IN",2020-05-01,1173,751,3.9028132992327365,3643,0.32198737304419434,0.48132780082987553,0.4832428981806575,0.03096074050430897,0.004468560485157995,1.5585700606447495,1439.0,-63.98526251151366,-84.84053290270488
Indianapolis,"Indianapolis, IN",2020-06-01,1521,1461,4.00525969756739,3643,0.4175130387043645,0.48132780082987553,0.4832428981806575,0.03096074050430897,0.004468560485157995,1.5585700606447495,1299.6666666666667,-57.215189873417714,-69.41595143395436
Indianapolis,"Indianapolis, IN",2020-07-01,1933,1762,4.028453181583031,3643,0.53060664287675,0.48132780082987553,0.4832428981806575,0.03096074050430897,0.004468560485157995,1.5585700606447495,1542.3333333333333,-43.938515081206496,-60.56401074306177
Indianapolis,"Indianapolis, IN",2020-08-01,2091,1938,4.025824964131994,3643,0.5739774910787813,0.48132780082987553,0.4832428981806575,0.03096074050430897,0.004468560485157995,1.5585700606447495,1848.3333333333333,-41.819699499165274,-60.3518821603928
Indianapolis,"Indianapolis, IN",2020-09-01,1878,1984,3.9621938232161873,3643,0.515509195717815,0.48132780082987553,0.4832428981806575,0.03096074050430897,0.004468560485157995,1.5585700606447495,1967.3333333333333,-41.29415442325727,-49.45222929936306
Indianapolis,"Indianapolis, IN",2020-10-01,1965,1769,4.037150127226463,3643,0.5393906121328575,0.48132780082987553,0.4832428981806575,0.03096074050430897,0.004468560485157995,1.5585700606447495,1978.0,-35.90998043052838,-55.12430238457635
Indianapolis,"Indianapolis, IN",2020-11-01,1683,1451,4.055852644087938,3643,0.46198188306340926,0.48132780082987553,0.4832428981806575,0.03096074050430897,0.004468560485157995,1.5585700606447495,1842.0,-44.0305952776854,-61.12004287245445
Indianapolis,"Indianapolis, IN",2020-12-01,1896,1410,4.129746835443038,3643,0.5204501784243755,0.48132780082987553,0.4832428981806575,0.03096074050430897,0.004468560485157995,1.5585700606447495,1848.0,-31.05454545454546,-59.88620199146515
Indianapolis,"Indianapolis, IN",2021-01-01,2191,1752,4.120036513007759,3643,0.6014273950041175,0.48132780082987553,0.4832428981806575,0.03096074050430897,0.004468560485157995,1.5585700606447495,1923.3333333333333,-28.701594533029617,-53.04207987134817
Indianapolis,"Indianapolis, IN",2021-02-01,1905,1589,4.083464566929134,3643,0.5229206697776558,0.48132780082987553,0.4832428981806575,0.03096074050430897,0.004468560485157995,1.5585700606447495,1997.3333333333333,-37.335526315789465,-57.410881801125704
Indianapolis,"Indianapolis, IN",2021-03-01,2368,2073,3.972550675675676,3643,0.6500137249519626,0.48132780082987553,0.4832428981806575,0.03096074050430897,0.004468560485157995,1.5585700606447495,2154.6666666666665,22.124806601340907,3.1343283582089487
Indianapolis,"Indianapolis, IN",2021-04-01,2193,1993,3.9703602371181033,3643,0.6019763930826242,0.48132780082987553,0.4832428981806575,0.03096074050430897,0.004468560485157995,1.5585700606447495,2155.3333333333335,81.99170124481327,270.4460966542751
Indianapolis,"Indianapolis, IN",2021-05-01,2421,2173,3.9401073936389923,3643,0.6645621740323909,0.48132780082987553,0.4832428981806575,0.03096074050430897,0.004468560485157995,1.5585700606447495,2327.3333333333335,106.39386189258313,189.3475366178429
Indianapolis,"Indianapolis, IN",2021-06-01,2422,2069,4.0206440957886045,3643,0.6648366730716443,0.48132780082987553,0.4832428981806575,0.03096074050430897,0.004468560485157995,1.5585700606447495,2345.3333333333335,59.23734385272847,41.61533196440794
Indianapolis,"Indianapolis, IN",2021-07-01,2615,2465,4.034416826003824,3643,0.7178149876475433,0.48132780082987553,0.4832428981806575,0.03096074050430897,0.004468560485157995,1.5585700606447495,2486.0,35.281945162959126,39.89784335981839
Indianapolis,"Indianapolis, IN",2021-08-01,2409,2328,3.99626400996264,3643,0.6612681855613506,0.48132780082987553,0.4832428981806575,0.03096074050430897,0.004468560485157995,1.5585700606447495,2482.0,15.208034433285512,20.123839009287934
Indianapolis,"Indianapolis, IN",2021-09-01,1919,1894,3.870766023970818,3643,0.5267636563272029,0.48132780082987553,0.4832428981806575,0.03096074050430897,0.004468560485157995,1.5585700606447495,2314.3333333333335,2.183173588924392,-4.5362903225806495
Indianapolis,"Indianapolis, IN",2021-10-01,2035,1798,3.9115479115479115,3643,0.5586055448805929,0.48132780082987553,0.4832428981806575,0.03096074050430897,0.004468560485157995,1.5585700606447495,2121.0,3.562340966921118,1.6393442622950838
Indianapolis,"Indianapolis, IN",2021-11-01,1907,1614,4.0078657577346615,3643,0.5234696678561626,0.48132780082987553,0.4832428981806575,0.03096074050430897,0.004468560485157995,1.5585700606447495,1953.6666666666667,13.30956625074271,11.233631977946246
Indianapolis,"Indianapolis, IN",2021-12-01,2032,1797,3.9611220472440944,3643,0.5577820477628328,0.48132780082987553,0.4832428981806575,0.03096074050430897,0.004468560485157995,1.5585700606447495,1991.3333333333333,7.1729957805907185,27.4468085106383
Indianapolis,"Indianapolis, IN",2022-01-01,1411,925,4.010630758327427,3643,0.38731814438649464,0.48132780082987553,0.4832428981806575,0.03096074050430897,0.004468560485157995,1.5585700606447495,1783.3333333333333,-35.60018256503879,-47.20319634703196
Nashville,"Nashville, TN",2005-08-01,8,0,4.0,3257,0.002456248081056187,0.41929429429429427,0.527027027027027,0.04617117117117117,0.0075075075075075074,1.6418918918918919,,,
Nashville,"Nashville, TN",2005-09-01,2,0,3.5,3257,0.0006140620202640467,0.41929429429429427,0.527027027027027,0.04617117117117117,0.0075075075075075074,1.6418918918918919,,,
Nashville,"Nashville, TN",2005-10-01,2,0,5.0,3257,0.0006140620202640467,0.41929429429429427,0.527027027027027,0.04617117117117117,0.0075075075075075074,1.6418918918918919,4.0,,
Nashville,"Nashville, TN",2005-11-01,1,0,3.0,3257,0.00030703101013202335,0.41929429429429427,0.527027027027027,0.04617117117117117,0.0075075075075075074,1.6418918918918919,1.6666666666666667,,
Nashville,"Nashville, TN",2005-12-01,1,0,4.0,3257,0.00030703101013202335,0.41929429429429427,0.527027027027027,0.04617117117117117,0.0075075075075075074,1.6418918918918919,1.3333333333333333,,
Nashville,"Nashville, TN",2006-02-01,2,0,4.5,3257,0.0006140620202640467,0.41929429429429427,0.527027027027027,0.04617117117117117,0.0075075075075075074,1.6418918918918919,1.3333333333333333,,
Nashville,"Nashville, TN",2006-03-01,5,0,3.6,3257,0.0015351550506601166,0.41929429429429427,0.527027027027027,0.04617117117117117,0.0075075075075075074,1.6418918918918919,2.6666666666666665,,
Nashville,"Nashville, TN",2006-04-01,29,0,3.896551724137931,3257,0.008903899293828677,0.41929429429429427,0.527027027027027,0.04617117117117117,0.0075075075075075074,1.6418918918918919,12.0,,
Nashville,"Nashville, TN",2006-05-01,6,0,3.6666666666666665,3257,0.00184218606079214,0.41929429429429427,0.527027027027027,0.04617117117117117,0.0075075075075075074,1.6418918918918919,13.333333333333334,,
Nashville,"Nashville, TN",2006-06-01,2,0,4.0,3257,0.0006140620202640467,0.41929429429429427,0.527027027027027,0.04617117117117117,0.0075075075075075074,1.6418918918918919,12.333333333333334,,
Nashville,"Nashville, TN",2006-07-01,15,0,3.6666666666666665,3257,0.00460546515198035,0.41929429429429427,0.527027027027027,0.04617117117117117,0.0075075075075075074,1.6418918918918919,7.666666666666667,,
Nashville,"Nashville, TN",2006-08-01,18,0,3.7777777777777777,3257,0.00552655818237642,0.41929429429429427,0.527027027027027,0.04617117117117117,0.0075075075075075074,1.6418918918918919,11.666666666666666,,
Nashville,"Nashville, TN",2006-09-01,14,0,3.5,3257,0.004298434141848327,0.41929429429429427,0.527027027027027,0.04617117117117117,0.0075075075075075074,1.6418918918918919,15.666666666666666,75.0,
Nashville,"Nashville, TN",2006-10-01,10,0,4.1,3257,0.003070310101320233,0.41929429429429427,0.527027027027027,0.04617117117117117,0.0075075075075075074,1.6418918918918919,14.0,400.0,
Nashville,"Nashville, TN",2006-11-01,14,0,3.7142857142857144,3257,0.004298434141848327,0.41929429429429427,0.527027027027027,0.04617117117117117,0.0075075075075075074,1.6418918918918919,12.666666666666666,600.0,
Nashville,"Nashville, TN",2006-12-01,27,0,4.148148148148148,3257,0.00828983727356463,0.41929429429429427,0.527027027027027,0.04617117117117117,0.0075075075075075074,1.6418918918918919,17.0,2600.0,
Nashville,"Nashville, TN",2007-01-01,33,0,3.606060606060606,3257,0.01013202333435677,0.41929429429429427,0.527027027027027,0.04617117117117117,0.0075075075075075074,1.6418918918918919,24.666666666666668,3200.0,
Nashville,"Nashville, TN",2007-02-01,59,0,3.593220338983051,3257,0.018114829597789376,0.41929429429429427,0.527027027027027,0.04617117117117117,0.0075075075075075074,1.6418918918918919,39.666666666666664,2850.0,
Nashville,"Nashville, TN",2007-03-01,24,0,3.75,3257,0.00736874424316856,0.41929429429429427,0.527027027027027,0.04617117117117117,0.0075075075075075074,1.6418918918918919,38.666666666666664,380.0,
Nashville,"Nashville, TN",2007-04-01,82,0,3.9146341463414633,3257,0.025176542830825915,0.41929429429429427,0.527027027027027,0.04617117117117117,0.0075075075075075074,1.6418918918918919,55.0,182.75862068965517,
Nashville,"Nashville, TN",2007-05-01,55,0,3.6,3257,0.016886705557261284,0.41929429429429427,0.527027027027027,0.04617117117117117,0.0075075075075075074,1.6418918918918919,53.666666666666664,816.6666666666666,
Nashville,"Nashville, TN",2007-06-01,99,0,3.797979797979798,3257,0.03039607000307031,0.41929429429429427,0.527027027027027,0.04617117117117117,0.0075075075075075074,1.6418918918918919,78.66666666666667,4850.0,
Nashville,"Nashville, TN",2007-07-01,38,0,3.6578947368421053,3257,0.011667178385016887,0.41929429429429427,0.527027027027027,0.04617117117117117,0.0075075075075075074,1.6418918918918919,64.0,153.33333333333331,
Nashville,"Nashville, TN",2007-08-01,69,0,3.9130434782608696,3257,0.02118513969910961,0.41929429429429427,0.527027027027027,0.04617117117117117,0.0075075075075075074,1.6418918918918919,68.66666666666667,283.33333333333337,
Nashville,"Nashville, TN",2007-09-01,69,0,3.8260869565217392,3257,0.02118513969910961,0.41929429429429427,0.527027027027027,0.04617117117117117,0.0075075075075075074,1.6418918918918919,58.666666666666664,392.8571428571429,
Nashville,"Nashville, TN",2007-10-01,71,0,4.070422535211268,3257,0.021799201719373655,0.41929429429429427,0.527027027027027,0.04617117117117117,0.0075075075075075074,1.6418918918918919,69.66666666666667,610.0,
Nashville,"Nashville, TN",2007-11-01,44,0,3.8863636363636362,3257,0.013509364445809026,0.41929429429429427,0.527027027027027,0.04617117117117117,0.0075075075075075074,1.6418918918918919,61.333333333333336,214.28571428571428,
Nashville,"Nashville, TN",2007-12-01,61,0,4.049180327868853,3257,0.018728891618053422,0.41929429429429427,0.527027027027027,0.04617117117117117,0.0075075075075075074,1.6418918918918919,58.666666666666664,125.92592592592591,
Nashville,"Nashville, TN",2008-01-01,87,0,4.045977011494253,3257,0.02671169788148603,0.41929429429429427,0.527027027027027,0.04617117117117117,0.0075075075075075074,1.6418918918918919,64.0,163.63636363636363,
Nashville,"Nashville, TN",2008-02-01,84,0,4.011904761904762,3257,0.02579060485108996,0.41929429429429427,0.527027027027027,0.04617117117117117,0.0075075075075075074,1.6418918918918919,77.33333333333333,42.3728813559322,
Nashville,"Nashville, TN",2008-03-01,168,0,3.9523809523809526,3257,0.05158120970217992,0.41929429429429427,0.527027027027027,0.04617117117117117,0.0075075075075075074,1.6418918918918919,113.0,600.0,
Nashville,"Nashville, TN",2008-04-01,331,0,3.891238670694864,3257,0.10162726435369972,0.41929429429429427,0.527027027027027,0.04617117117117117,0.0075075075075075074,1.6418918918918919,194.33333333333334,303.6585365853658,
Nashville,"Nashville, TN",2008-05-01,294,0,3.826530612244898,3257,0.09026711697881486,0.41929429429429427,0.527027027027027,0.04617117117117117,0.0075075075075075074,1.6418918918918919,264.3333333333333,434.54545454545456,
Nashville,"Nashville, TN",2008-06-01,261,0,3.8697318007662833,3257,0.08013509364445809,0.41929429429429427,0.527027027027027,0.04617117117117117,0.0075075075075075074,1.6418918918918919,295.3333333333333,163.63636363636363,
Nashville,"Nashville, TN",2008-07-01,251,0,3.7250996015936253,3257,0.07706478354313785,0.41929429429429427,0.527027027027027,0.04617117117117117,0.0075075075075075074,1.6418918918918919,268.6666666666667,560.5263157894738,
Nashville,"Nashville, TN",2008-08-01,389,0,3.8508997429305913,3257,0.11943506294135707,0.41929429429429427,0.527027027027027,0.04617117117117117,0.0075075075075075074,1.6418918918918919,300.3333333333333,463.768115942029,
Nashville,"Nashville, TN",2008-09-01,371,0,3.876010781671159,3257,0.11390850475898066,0.41929429429429427,0.527027027027027,0.04617117117117117,0.0075075075075075074,1.6418918918918919,337.0,437.6811594202899,
Nashville,"Nashville, TN",2008-10-01,281,0,3.7793594306049823,3257,0.08627571384709856,0.41929429429429427,0.527027027027027,0.04617117117117117,0.0075075075075075074,1.6418918918918919,347.0,295.77464788732397,
Nashville,"Nashville, TN",2008-11-01,177,0,3.8135593220338984,3257,0.05434448879336813,0.41929429429429427,0.527027027027027,0.04617117117117117,0.0075075075075075074,1.6418918918918919,276.3333333333333,302.27272727272725,
Nashville,"Nashville, TN",2008-12-01,332,0,3.8493975903614457,3257,0.10193429536383175,0.41929429429429427,0.527027027027027,0.04617117117117117,0.0075075075075075074,1.6418918918918919,263.3333333333333,444.2622950819672,
Nashville,"Nashville, TN",2009-01-01,340,0,3.802941176470588,3257,0.10439054344488793,0.41929429429429427,0.527027027027027,0.04617117117117117,0.0075075075075075074,1.6418918918918919,283.0,290.8045977011494,
Nashville,"Nashville, TN",2009-02-01,220,0,3.713636363636364,3257,0.06754682222904514,0.41929429429429427,0.527027027027027,0.04617117117117117,0.0075075075075075074,1.6418918918918919,297.3333333333333,161.9047619047619,
Nashville,"Nashville, TN",2009-03-01,261,0,3.900383141762452,3257,0.08013509364445809,0.41929429429429427,0.527027027027027,0.04617117117117117,0.0075075075075075074,1.6418918918918919,273.6666666666667,55.35714285714286,
Nashville,"Nashville, TN",2009-04-01,196,0,3.6530612244897958,3257,0.06017807798587657,0.41929429429429427,0.527027027027027,0.04617117117117117,0.0075075075075075074,1.6418918918918919,225.66666666666666,-40.78549848942599,
Nashville,"Nashville, TN",2009-05-01,174,0,3.8275862068965516,3257,0.05342339576297206,0.41929429429429427,0.527027027027027,0.04617117117117117,0.0075075075075075074,1.6418918918918919,210.33333333333334,-40.816326530612244,
Nashville,"Nashville, TN",2009-06-01,238,0,3.966386554621849,3257,0.07307338041142156,0.41929429429429427,0.527027027027027,0.04617117117117117,0.0075075075075075074,1.6418918918918919,202.66666666666666,-8.812260536398464,
Nashville,"Nashville, TN",2009-07-01,281,0,3.8434163701067616,3257,0.08627571384709856,0.41929429429429427,0.527027027027027,0.04617117117117117,0.0075075075075075074,1.6418918918918919,231.0,11.95219123505975,
Nashville,"Nashville, TN",2009-08-01,285,0,3.7754385964912283,3257,0.08750383788762665,0.41929429429429427,0.527027027027027,0.04617117117117117,0.0075075075075075074,1.6418918918918919,268.0,-26.735218508997427,
Nashville,"Nashville, TN",2009-09-01,224,0,3.6785714285714284,3257,0.06877494626957323,0.41929429429429427,0.527027027027027,0.04617117117117117,0.0075075075075075074,1.6418918918918919,263.3333333333333,-39.62264150943396,
Nashville,"Nashville, TN",2009-10-01,243,0,3.7818930041152266,3257,0.07460853546208167,0.41929429429429427,0.527027027027027,0.04617117117117117,0.0075075075075075074,1.6418918918918919,250.66666666666666,-13.523131672597867,
Nashville,"Nashville, TN",2009-11-01,196,0,3.7142857142857144,3257,0.06017807798587657,0.41929429429429427,0.527027027027027,0.04617117117117117,0.0075075075075075074,1.6418918918918919,221.0,10.73446327683616,
Nashville,"Nashville, TN",2009-12-01,222,0,3.7972972972972974,3257,0.06816088424930918,0.41929429429429427,0.527027027027027,0.04617117117117117,0.0075075075075075074,1.6418918918918919,220.33333333333334,-33.13253012048193,
Nashville,"Nashville, TN",2010-01-01,284,68,3.6338028169014085,3257,0.08719680687749462,0.41929429429429427,0.527027027027027,0.04617117117117117,0.0075075075075075074,1.6418918918918919,234.0,-16.470588235294116,inf
Nashville,"Nashville, TN",2010-02-01,327,147,3.7308868501529053,3257,0.10039914031317163,0.41929429429429427,0.527027027027027,0.04617117117117117,0.0075075075075075074,1.6418918918918919,277.6666666666667,48.63636363636363,inf
Nashville,"Nashville, TN",2010-03-01,330,162,3.775757575757576,3257,0.1013202333435677,0.41929429429429427,0.527027027027027,0.04617117117117117,0.0075075075075075074,1.6418918918918919,313.6666666666667,26.436781609195403,inf
Nashville,"Nashville, TN",2010-04-01,366,198,3.6885245901639343,3257,0.11237334970832054,0.41929429429429427,0.527027027027027,0.04617117117117117,0.0075075075075075074,1.6418918918918919,341.0,86.73469387755102,inf
Nashville,"Nashville, TN",2010-05-01,321,220,3.663551401869159,3257,0.0985569542523795,0.41929429429429427,0.527027027027027,0.04617117117117117,0.0075075075075075074,1.6418918918918919,339.0,84.48275862068965,inf
Nashville,"Nashville, TN",2010-06-01,336,322,3.7529761904761907,3257,0.10316241940435984,0.41929429429429427,0.527027027027027,0.04617117117117117,0.0075075075075075074,1.6418918918918919,341.0,41.176470588235304,inf
Nashville,"Nashville, TN",2010-07-01,433,773,3.7990762124711317,3257,0.1329444273871661,0.41929429429429427,0.527027027027027,0.04617117117117117,0.0075075075075075074,1.6418918918918919,363.3333333333333,54.092526690391466,inf
Nashville,"Nashville, TN",2010-08-01,524,1008,3.8377862595419847,3257,0.16088424930918022,0.41929429429429427,0.527027027027027,0.04617117117117117,0.0075075075075075074,1.6418918918918919,431.0,83.85964912280701,inf
Nashville,"Nashville, TN",2010-09-01,558,888,3.725806451612903,3257,0.17132330365366902,0.41929429429429427,0.527027027027027,0.04617117117117117,0.0075075075075075074,1.6418918918918919,505.0,149.10714285714283,inf
Nashville,"Nashville, TN",2010-10-01,693,1251,3.6681096681096683,3257,0.21277249002149218,0.41929429429429427,0.527027027027027,0.04617117117117117,0.0075075075075075074,1.6418918918918919,591.6666666666666,185.18518518518516,inf
Nashville,"Nashville, TN",2010-11-01,546,1220,3.772893772893773,3257,0.16763893153208473,0.41929429429429427,0.527027027027027,0.04617117117117117,0.0075075075075075074,1.6418918918918919,599.0,178.57142857142856,inf
Nashville,"Nashville, TN",2010-12-01,682,1367,3.6818181818181817,3257,0.2093951489100399,0.41929429429429427,0.527027027027027,0.04617117117117117,0.0075075075075075074,1.6418918918918919,640.3333333333334,207.20720720720723,inf
Nashville,"Nashville, TN",2011-01-01,831,1795,3.6570397111913358,3257,0.25514276941971137,0.41929429429429427,0.527027027027027,0.04617117117117117,0.0075075075075075074,1.6418918918918919,686.3333333333334,192.6056338028169,2539.7058823529414
Nashville,"Nashville, TN",2011-02-01,816,1950,3.719362745098039,3257,0.250537304267731,0.41929429429429427,0.527027027027027,0.04617117117117117,0.0075075075075075074,1.6418918918918919,776.3333333333334,149.54128440366975,1226.530612244898
Nashville,"Nashville, TN",2011-03-01,831,2527,3.6991576413959084,3257,0.25514276941971137,0.41929429429429427,0.527027027027027,0.04617117117117117,0.0075075075075075074,1.6418918918918919,826.0,151.8181818181818,1459.8765432098767
Nashville,"Nashville, TN",2011-04-01,810,3058,3.825925925925926,3257,0.2486951182069389,0.41929429429429427,0.527027027027027,0.04617117117117117,0.0075075075075075074,1.6418918918918919,819.0,121.31147540983606,1444.4444444444446
Nashville,"Nashville, TN",2011-05-01,856,3251,3.7196261682242993,3257,0.26281854467301197,0.41929429429429427,0.527027027027027,0.04617117117117117,0.0075075075075075074,1.6418918918918919,832.3333333333334,166.66666666666666,1377.7272727272727
Nashville,"Nashville, TN",2011-06-01,928,3157,3.7963362068965516,3257,0.28492477740251765,0.41929429429429427,0.527027027027027,0.04617117117117117,0.0075075075075075074,1.6418918918918919,864.6666666666666,176.19047619047618,880.4347826086957
Nashville,"Nashville, TN",2011-07-01,1152,3825,3.7118055555555554,3257,0.3536997236720909,0.41929429429429427,0.527027027027027,0.04617117117117117,0.0075075075075075074,1.6418918918918919,978.6666666666666,166.05080831408773,394.82535575679174
Nashville,"Nashville, TN",2011-08-01,1085,3532,3.767741935483871,3257,0.3331286459932453,0.41929429429429427,0.527027027027027,0.04617117117117117,0.0075075075075075074,1.6418918918918919,1055.0,107.06106870229006,250.3968253968254
Nashville,"Nashville, TN",2011-09-01,865,3832,3.784971098265896,3257,0.2655818237642002,0.41929429429429427,0.527027027027027,0.04617117117117117,0.0075075075075075074,1.6418918918918919,1034.0,55.017921146953405,331.5315315315315
Nashville,"Nashville, TN",2011-10-01,817,4171,3.7172582619339045,3257,0.25084433527786304,0.41929429429429427,0.527027027027027,0.04617117117117117,0.0075075075075075074,1.6418918918918919,922.3333333333334,17.893217893217894,233.4132693844924
Nashville,"Nashville, TN",2011-11-01,805,3663,3.787577639751553,3257,0.24715996315627878,0.41929429429429427,0.527027027027027,0.04617117117117117,0.0075075075075075074,1.6418918918918919,829.0,47.435897435897445,200.24590163934425
Nashville,"Nashville, TN",2011-12-01,780,3711,3.7371794871794872,3257,0.2394841879029782,0.41929429429429427,0.527027027027027,0.04617117117117117,0.0075075075075075074,1.6418918918918919,800.6666666666666,14.369501466275668,171.47037307973667
Nashville,"Nashville, TN",2012-01-01,1298,4153,3.738828967642527,3257,0.3985262511513663,0.41929429429429427,0.527027027027027,0.04617117117117117,0.0075075075075075074,1.6418918918918919,961.0,56.197352587244275,131.36490250696377
Nashville,"Nashville, TN",2012-02-01,1063,4490,3.67450611476952,3257,0.3263739637703408,0.41929429429429427,0.527027027027027,0.04617117117117117,0.0075075075075075074,1.6418918918918919,1047.0,30.26960784313726,130.25641025641025
Nashville,"Nashville, TN",2012-03-01,953,5209,3.6799580272822667,3257,0.29260055265581825,0.41929429429429427,0.527027027027027,0.04617117117117117,0.0075075075075075074,1.6418918918918919,1104.6666666666667,14.681107099879664,106.13375544123467
Nashville,"Nashville, TN",2012-04-01,912,4899,3.75109649122807,3257,0.2800122812404053,0.41929429429429427,0.527027027027027,0.04617117117117117,0.0075075075075075074,1.6418918918918919,976.0,12.592592592592599,60.20274689339438
Nashville,"Nashville, TN",2012-05-01,1026,4715,3.676413255360624,3257,0.31501381639545595,0.41929429429429427,0.527027027027027,0.04617117117117117,0.0075075075075075074,1.6418918918918919,963.6666666666666,19.859813084112155,45.032297754537076
Nashville,"Nashville, TN",2012-06-01,1108,4874,3.7157039711191335,3257,0.3401903592262819,0.41929429429429427,0.527027027027027,0.04617117117117117,0.0075075075075075074,1.6418918918918919,1015.3333333333334,19.39655172413792,54.38707633829585
Nashville,"Nashville, TN",2012-07-01,1235,4907,3.7093117408906884,3257,0.3791832975130488,0.41929429429429427,0.527027027027027,0.04617117117117117,0.0075075075075075074,1.6418918918918919,1123.0,7.204861111111116,28.287581699346397
Nashville,"Nashville, TN",2012-08-01,1072,4817,3.7416044776119404,3257,0.329137242861529,0.41929429429429427,0.527027027027027,0.04617117117117117,0.0075075075075075074,1.6418918918918919,1138.3333333333333,-1.1981566820276512,36.38165345413364
Nashville,"Nashville, TN",2012-09-01,1145,4955,3.8104803493449784,3257,0.3515505066011667,0.41929429429429427,0.527027027027027,0.04617117117117117,0.0075075075075075074,1.6418918918918919,1150.6666666666667,32.369942196531795,29.305845511482254
Nashville,"Nashville, TN",2012-10-01,1033,5078,3.7357212003872218,3257,0.3171630334663801,0.41929429429429427,0.527027027027027,0.04617117117117117,0.0075075075075075074,1.6418918918918919,1083.3333333333333,26.438188494492042,21.74538479980821
Nashville,"Nashville, TN",2012-11-01,1016,4572,3.7726377952755907,3257,0.3119435062941357,0.41929429429429427,0.527027027027027,0.04617117117117117,0.0075075075075075074,1.6418918918918919,1064.6666666666667,26.21118012422361,24.815724815724828
Nashville,"Nashville, TN",2012-12-01,1088,5197,3.7784926470588234,3257,0.3340497390236414,0.41929429429429427,0.527027027027027,0.04617117117117117,0.0075075075075075074,1.6418918918918919,1045.6666666666667,39.48717948717948,40.04311506332525
Nashville,"Nashville, TN",2013-01-01,1350,5430,3.774814814814815,3257,0.4144918636782315,0.41929429429429427,0.527027027027027,0.04617117117117117,0.0075075075075075074,1.6418918918918919,1151.3333333333333,4.006163328197232,30.74885624849506
Nashville,"Nashville, TN",2013-02-01,1239,5513,3.7102502017756254,3257,0.38041142155357693,0.41929429429429427,0.527027027027027,0.04617117117117117,0.0075075075075075074,1.6418918918918919,1225.6666666666667,16.556914393226705,22.783964365256114
Nashville,"Nashville, TN",2013-03-01,1526,6778,3.739187418086501,3257,0.4685293214614676,0.41929429429429427,0.527027027027027,0.04617117117117117,0.0075075075075075074,1.6418918918918919,1371.6666666666667,60.12591815320043,30.120944519101545
Nashville,"Nashville, TN",2013-04-01,1359,7210,3.623988226637233,3257,0.4172551427694197,0.41929429429429427,0.527027027027027,0.04617117117117117,0.0075075075075075074,1.6418918918918919,1374.6666666666667,49.013157894736835,47.172892427025914
Nashville,"Nashville, TN",2013-05-01,1354,6975,3.71122599704579,3257,0.4157199877187596,0.41929429429429427,0.527027027027027,0.04617117117117117,0.0075075075075075074,1.6418918918918919,1413.0,31.968810916179336,47.93213149522799
Nashville,"Nashville, TN",2013-06-01,1420,6742,3.7119718309859153,3257,0.43598403438747313,0.41929429429429427,0.527027027027027,0.04617117117117117,0.0075075075075075074,1.6418918918918919,1377.6666666666667,28.158844765342963,38.3258104226508
Nashville,"Nashville, TN",2013-07-01,1544,6727,3.698186528497409,3257,0.47405587964384405,0.41929429429429427,0.527027027027027,0.04617117117117117,0.0075075075075075074,1.6418918918918919,1439.3333333333333,25.02024291497975,37.08987161198287
Nashville,"Nashville, TN",2013-08-01,1622,6955,3.760172626387176,3257,0.49800429843414185,0.41929429429429427,0.527027027027027,0.04617117117117117,0.0075075075075075074,1.6418918918918919,1528.6666666666667,51.30597014925373,44.384471662860705
Nashville,"Nashville, TN",2013-09-01,1482,6068,3.7887989203778676,3257,0.45501995701565856,0.41929429429429427,0.527027027027027,0.04617117117117117,0.0075075075075075074,1.6418918918918919,1549.3333333333333,29.432314410480352,22.46215943491423
Nashville,"Nashville, TN",2013-10-01,1438,6181,3.764951321279555,3257,0.44151059256984954,0.41929429429429427,0.527027027027027,0.04617117117117117,0.0075075075075075074,1.6418918918918919,1514.0,39.20619554695064,21.721150059078376
Nashville,"Nashville, TN",2013-11-01,1419,5484,3.7505285412262155,3257,0.4356770033773411,0.41929429429429427,0.527027027027027,0.04617117117117117,0.0075075075075075074,1.6418918918918919,1446.3333333333333,39.66535433070866,19.947506561679784
Nashville,"Nashville, TN",2013-12-01,1480,5148,3.772972972972973,3257,0.4544058949953945,0.41929429429429427,0.527027027027027,0.04617117117117117,0.0075075075075075074,1.6418918918918919,1445.6666666666667,36.029411764705884,-0.9428516451799096
Nashville,"Nashville, TN",2014-01-01,1788,5207,3.8786353467561523,3257,0.5489714461160577,0.41929429429429427,0.527027027027027,0.04617117117117117,0.0075075075075075074,1.6418918918918919,1562.3333333333333,32.44444444444446,-4.1068139963167605
Nashville,"Nashville, TN",2014-02-01,1592,5197,3.7770100502512562,3257,0.48879336813018115,0.41929429429429427,0.527027027027027,0.04617117117117117,0.0075075075075075074,1.6418918918918919,1620.0,28.490718321226804,-5.731906403047338
Nashville,"Nashville, TN",2014-03-01,2146,6725,3.777726001863933,3257,0.6588885477433221,0.41929429429429427,0.527027027027027,0.04617117117117117,0.0075075075075075074,1.6418918918918919,1842.0,40.62909567496724,-0.7819415756860404
Nashville,"Nashville, TN",2014-04-01,1945,6182,3.8215938303341903,3257,0.5971753147067854,0.41929429429429427,0.527027027027027,0.04617117117117117,0.0075075075075075074,1.6418918918918919,1894.3333333333333,43.11994113318616,-14.257975034674065
Nashville,"Nashville, TN",2014-05-01,2469,8499,3.8594572701498584,3257,0.7580595640159656,0.41929429429429427,0.527027027027027,0.04617117117117117,0.0075075075075075074,1.6418918918918919,2186.6666666666665,82.34859675036927,21.8494623655914
Nashville,"Nashville, TN",2014-06-01,2207,6600,3.8205709107385593,3257,0.6776174393613755,0.41929429429429427,0.527027027027027,0.04617117117117117,0.0075075075075075074,1.6418918918918919,2207.0,55.42253521126761,-2.106199940670428
Nashville,"Nashville, TN",2014-07-01,2430,6406,3.7897119341563785,3257,0.7460853546208167,0.41929429429429427,0.527027027027027,0.04617117117117117,0.0075075075075075074,1.6418918918918919,2368.6666666666665,57.38341968911917,-4.7718150735840625
Nashville,"Nashville, TN",2014-08-01,2227,6992,3.828019757521329,3257,0.6837580595640159,0.41929429429429427,0.527027027027027,0.04617117117117117,0.0075075075075075074,1.6418918918918919,2288.0,37.299630086313186,0.5319913731128612
Nashville,"Nashville, TN",2014-09-01,1993,5734,3.7932764676367285,3257,0.6119128031931225,0.41929429429429427,0.527027027027027,0.04617117117117117,0.0075075075075075074,1.6418918918918919,2216.6666666666665,34.4804318488529,-5.50428477257745
Nashville,"Nashville, TN",2014-10-01,2322,6518,3.82213608957795,3257,0.7129260055265582,0.41929429429429427,0.527027027027027,0.04617117117117117,0.0075075075075075074,1.6418918918918919,2180.6666666666665,61.474269819193324,5.452192201909067
Nashville,"Nashville, TN",2014-11-01,2081,5900,3.8567996155694377,3257,0.6389315320847405,0.41929429429429427,0.527027027027027,0.04617117117117117,0.0075075075075075074,1.6418918918918919,2132.0,46.65257223396759,7.585703865791382
Nashville,"Nashville, TN",2014-12-01,1924,5674,3.7484407484407485,3257,0.5907276634940128,0.41929429429429427,0.527027027027027,0.04617117117117117,0.0075075075075075074,1.6418918918918919,2109.0,30.000000000000004,10.217560217560218
Nashville,"Nashville, TN",2015-01-01,2619,5730,3.8965253913707523,3257,0.8041142155357691,0.41929429429429427,0.527027027027027,0.04617117117117117,0.0075075075075075074,1.6418918918918919,2208.0,46.476510067114084,10.044171307854821
Nashville,"Nashville, TN",2015-02-01,2220,5297,3.8351351351351353,3257,0.6816088424930918,0.41929429429429427,0.527027027027027,0.04617117117117117,0.0075075075075075074,1.6418918918918919,2254.3333333333335,39.44723618090453,1.9241870309794074
Nashville,"Nashville, TN",2015-03-01,2655,6758,3.847080979284369,3257,0.8151673319005219,0.41929429429429427,0.527027027027027,0.04617117117117117,0.0075075075075075074,1.6418918918918919,2498.0,23.718546132339235,0.49070631970260514
Nashville,"Nashville, TN",2015-04-01,2645,7126,3.8631379962192818,3257,0.8120970217992017,0.41929429429429427,0.527027027027027,0.04617117117117117,0.0075075075075075074,1.6418918918918919,2506.6666666666665,35.98971722365039,15.27013911355548
Nashville,"Nashville, TN",2015-05-01,2876,7347,3.8247566063977745,3257,0.8830211851396991,0.41929429429429427,0.527027027027027,0.04617117117117117,0.0075075075075075074,1.6418918918918919,2725.3333333333335,16.48440664236532,-13.554535827744441
Nashville,"Nashville, TN",2015-06-01,2997,6474,3.8621955288621956,3257,0.9201719373656739,0.41929429429429427,0.527027027027027,0.04617117117117117,0.0075075075075075074,1.6418918918918919,2839.3333333333335,35.79519710013592,-1.9090909090909047
Nashville,"Nashville, TN",2015-07-01,3298,7063,3.9169193450576105,3257,1.0125882714154129,0.41929429429429427,0.527027027027027,0.04617117117117117,0.0075075075075075074,1.6418918918918919,3057.0,35.7201646090535,10.256009990633785
Nashville,"Nashville, TN",2015-08-01,3281,7425,3.8613227674489483,3257,1.0073687442431685,0.41929429429429427,0.527027027027027,0.04617117117117117,0.0075075075075075074,1.6418918918918919,3192.0,47.32824427480915,6.192791762013727
Nashville,"Nashville, TN",2015-09-01,2829,6372,3.8914810887239306,3257,0.868590727663494,0.41929429429429427,0.527027027027027,0.04617117117117117,0.0075075075075075074,1.6418918918918919,3136.0,41.94681384846963,11.126613184513424
Nashville,"Nashville, TN",2015-10-01,3176,7373,3.8529596977329974,3257,0.9751304881793061,0.41929429429429427,0.527027027027027,0.04617117117117117,0.0075075075075075074,1.6418918918918919,3095.3333333333335,36.7786391042205,13.117520711874796
Nashville,"Nashville, TN",2015-11-01,2520,6069,3.901984126984127,3257,0.7737181455326988,0.41929429429429427,0.527027027027027,0.04617117117117117,0.0075075075075075074,1.6418918918918919,2841.6666666666665,21.09562710235464,2.8644067796610218
Nashville,"Nashville, TN",2015-12-01,2292,5518,3.8900523560209423,3257,0.7037150752225975,0.41929429429429427,0.527027027027027,0.04617117117117117,0.0075075075075075074,1.6418918918918919,2662.6666666666665,19.12681912681913,-2.7493831512160782
Nashville,"Nashville, TN",2016-01-01,2999,5624,3.873291097032344,3257,0.920785999385938,0.41929429429429427,0.527027027027027,0.04617117117117117,0.0075075075075075074,1.6418918918918919,2603.6666666666665,14.50935471554029,-1.8499127399650983
Nashville,"Nashville, TN",2016-02-01,2973,5808,3.905819038008745,3257,0.9128031931225054,0.41929429429429427,0.527027027027027,0.04617117117117117,0.0075075075075075074,1.6418918918918919,2754.6666666666665,33.91891891891892,9.646969983009246
Nashville,"Nashville, TN",2016-03-01,3175,7188,3.8680314960629922,3257,0.9748234571691741,0.41929429429429427,0.527027027027027,0.04617117117117117,0.0075075075075075074,1.6418918918918919,3049.0,19.585687382297557,6.362829239419954
Nashville,"Nashville, TN",2016-04-01,3209,7233,3.8638205048301653,3257,0.9852625115136628,0.41929429429429427,0.527027027027027,0.04617117117117117,0.0075075075075075074,1.6418918918918919,3119.0,21.323251417769384,1.5015436429974827
Nashville,"Nashville, TN",2016-05-01,3441,6986,3.8465562336530077,3257,1.0564937058642923,0.41929429429429427,0.527027027027027,0.04617117117117117,0.0075075075075075074,1.6418918918918919,3275.0,19.645340751043115,-4.913570164693071
Nashville,"Nashville, TN",2016-06-01,3437,6443,3.8964212976432937,3257,1.0552655818237642,0.41929429429429427,0.527027027027027,0.04617117117117117,0.0075075075075075074,1.6418918918918919,3362.3333333333335,14.681348014681351,-0.4788384306456561
Nashville,"Nashville, TN",2016-07-01,3784,7363,3.86892177589852,3257,1.1618053423395762,0.41929429429429427,0.527027027027027,0.04617117117117117,0.0075075075075075074,1.6418918918918919,3554.0,14.73620375985445,4.247486903582054
Nashville,"Nashville, TN",2016-08-01,3408,6457,3.89906103286385,3257,1.0463616825299356,0.41929429429429427,0.527027027027027,0.04617117117117117,0.0075075075075075074,1.6418918918918919,3543.0,3.870771106370019,-13.037037037037036
Nashville,"Nashville, TN",2016-09-01,3039,5919,3.8499506416584404,3257,0.9330672397912189,0.41929429429429427,0.527027027027027,0.04617117117117117,0.0075075075075075074,1.6418918918918919,3410.3333333333335,7.423117709437954,-7.109227871939739
Nashville,"Nashville, TN",2016-10-01,3162,6091,3.862112586970272,3257,0.9708320540374578,0.41929429429429427,0.527027027027027,0.04617117117117117,0.0075075075075075074,1.6418918918918919,3203.0,-0.4408060453400475,-17.38776617387766
Nashville,"Nashville, TN",2016-11-01,2694,4840,3.859688195991091,3257,0.8271415412956709,0.41929429429429427,0.527027027027027,0.04617117117117117,0.0075075075075075074,1.6418918918918919,2965.0,6.904761904761902,-20.250453122425437
Nashville,"Nashville, TN",2016-12-01,2700,5370,3.830740740740741,3257,0.828983727356463,0.41929429429429427,0.527027027027027,0.04617117117117117,0.0075075075075075074,1.6418918918918919,2852.0,17.801047120418858,-2.6821312069590486
Nashville,"Nashville, TN",2017-01-01,3000,4847,3.897666666666667,3257,0.92109303039607,0.41929429429429427,0.527027027027027,0.04617117117117117,0.0075075075075075074,1.6418918918918919,2798.0,0.03334444814937498,-13.815789473684214
Nashville,"Nashville, TN",2017-02-01,2731,4954,3.858293665324057,3257,0.8385016886705557,0.41929429429429427,0.527027027027027,0.04617117117117117,0.0075075075075075074,1.6418918918918919,2810.3333333333335,-8.139926000672727,-14.703856749311296
Nashville,"Nashville, TN",2017-03-01,3575,6070,3.900979020979021,3257,1.0976358612219834,0.41929429429429427,0.527027027027027,0.04617117117117117,0.0075075075075075074,1.6418918918918919,3102.0,12.598425196850393,-15.553700612131326
Nashville,"Nashville, TN",2017-04-01,3563,6428,3.896435587987651,3257,1.0939514891003992,0.41929429429429427,0.527027027027027,0.04617117117117117,0.0075075075075075074,1.6418918918918919,3289.6666666666665,11.03147397943285,-11.129545140329045
Nashville,"Nashville, TN",2017-05-01,3767,5709,3.8407220599946905,3257,1.1565858151673318,0.41929429429429427,0.527027027027027,0.04617117117117117,0.0075075075075075074,1.6418918918918919,3635.0,9.473990119151399,-18.279415974806756
Nashville,"Nashville, TN",2017-06-01,3836,5610,3.861053180396246,3257,1.1777709548664415,0.41929429429429427,0.527027027027027,0.04617117117117117,0.0075075075075075074,1.6418918918918919,3722.0,11.608961303462317,-12.928759894459107
Nashville,"Nashville, TN",2017-07-01,4362,6525,3.8897294818890416,3257,1.3392692661958858,0.41929429429429427,0.527027027027027,0.04617117117117117,0.0075075075075075074,1.6418918918918919,3988.3333333333335,15.274841437632137,-11.38123047670786
Nashville,"Nashville, TN",2017-08-01,4023,6324,3.8409147402435995,3257,1.23518575376113,0.41929429429429427,0.527027027027027,0.04617117117117117,0.0075075075075075074,1.6418918918918919,4073.6666666666665,18.045774647887324,-2.0597800836301694
Nashville,"Nashville, TN",2017-09-01,3659,5701,3.857611369226565,3257,1.1234264660730733,0.41929429429429427,0.527027027027027,0.04617117117117117,0.0075075075075075074,1.6418918918918919,4014.6666666666665,20.401447844685762,-3.683054570028721
Nashville,"Nashville, TN",2017-10-01,3770,5519,3.849336870026525,3257,1.157506908197728,0.41929429429429427,0.527027027027027,0.04617117117117117,0.0075075075075075074,1.6418918918918919,3817.3333333333335,19.228336495888687,-9.390904613363983
Nashville,"Nashville, TN",2017-11-01,3313,4759,3.9175973437971625,3257,1.0171937365673933,0.41929429429429427,0.527027027027027,0.04617117117117117,0.0075075075075075074,1.6418918918918919,3580.6666666666665,22.976985894580547,-1.6735537190082694
Nashville,"Nashville, TN",2017-12-01,3117,4960,3.8623676612127045,3257,0.9570156585815167,0.41929429429429427,0.527027027027027,0.04617117117117117,0.0075075075075075074,1.6418918918918919,3400.0,15.44444444444444,-7.635009310986963
Nashville,"Nashville, TN",2018-01-01,3429,4059,3.9457567804024496,3257,1.052809333742708,0.41929429429429427,0.527027027027027,0.04617117117117117,0.0075075075075075074,1.6418918918918919,3286.3333333333335,14.3,-16.2574788528987
Nashville,"Nashville, TN",2018-02-01,3357,4368,3.973190348525469,3257,1.0307031010132024,0.41929429429429427,0.527027027027027,0.04617117117117117,0.0075075075075075074,1.6418918918918919,3301.0,22.922006590992304,-11.828825191764237
Nashville,"Nashville, TN",2018-03-01,4466,6007,3.9243170622480967,3257,1.3712004912496163,0.41929429429429427,0.527027027027027,0.04617117117117117,0.0075075075075075074,1.6418918918918919,3750.6666666666665,24.923076923076913,-1.037891268533775
Nashville,"Nashville, TN",2018-04-01,4325,5674,3.8964161849710983,3257,1.3279091188210008,0.41929429429429427,0.527027027027027,0.04617117117117117,0.0075075075075075074,1.6418918918918919,4049.3333333333335,21.386472074094854,-11.729931549471061
Nashville,"Nashville, TN",2018-05-01,4335,5897,3.894809688581315,3257,1.3309794289223211,0.41929429429429427,0.527027027027027,0.04617117117117117,0.0075075075075075074,1.6418918918918919,4375.333333333333,15.078311653835952,3.2930460676125373
Nashville,"Nashville, TN",2018-06-01,4770,5628,3.9477987421383647,3257,1.4645379183297513,0.41929429429429427,0.527027027027027,0.04617117117117117,0.0075075075075075074,1.6418918918918919,4476.666666666667,24.34827945776852,0.3208556149732589
Nashville,"Nashville, TN",2018-07-01,5274,5901,3.9687144482366326,3257,1.6192815474362912,0.41929429429429427,0.527027027027027,0.04617117117117117,0.0075075075075075074,1.6418918918918919,4793.0,20.90784044016507,-9.563218390804595
Nashville,"Nashville, TN",2018-08-01,4717,5464,3.8585965656137375,3257,1.448265274792754,0.41929429429429427,0.527027027027027,0.04617117117117117,0.0075075075075075074,1.6418918918918919,4920.333333333333,17.250807854834704,-13.598987982289689
Nashville,"Nashville, TN",2018-09-01,4439,5652,3.8553728317188556,3257,1.3629106539760516,0.41929429429429427,0.527027027027027,0.04617117117117117,0.0075075075075075074,1.6418918918918919,4810.0,21.317299808690905,-0.8594983336256745
Nashville,"Nashville, TN",2018-10-01,4688,5520,3.8581484641638224,3257,1.4393613754989254,0.41929429429429427,0.527027027027027,0.04617117117117117,0.0075075075075075074,1.6418918918918919,4614.666666666667,24.350132625994704,0.018119224497192832
Nashville,"Nashville, TN",2018-11-01,3689,4480,3.8980753591759285,3257,1.132637396377034,0.41929429429429427,0.527027027027027,0.04617117117117117,0.0075075075075075074,1.6418918918918919,4272.0,11.349230304859637,-5.862576171464595
Nashville,"Nashville, TN",2018-12-01,3762,4833,3.8607123870281765,3257,1.1550506601166717,0.41929429429429427,0.527027027027027,0.04617117117117117,0.0075075075075075074,1.6418918918918919,4046.3333333333335,20.692974013474497,-2.5604838709677447
Nashville,"Nashville, TN",2019-01-01,3968,4188,3.947076612903226,3257,1.2182990482038687,0.41929429429429427,0.527027027027027,0.04617117117117117,0.0075075075075075074,1.6418918918918919,3806.3333333333335,15.718868474773995,3.1781226903178084
Nashville,"Nashville, TN",2019-02-01,3911,4391,3.918946560981846,3257,1.2007982806263433,0.41929429429429427,0.527027027027027,0.04617117117117117,0.0075075075075075074,1.6418918918918919,3880.3333333333335,16.502829907655638,0.5265567765567747
Nashville,"Nashville, TN",2019-03-01,4870,5171,3.8870636550308006,3257,1.4952410193429537,0.41929429429429427,0.527027027027027,0.04617117117117117,0.0075075075075075074,1.6418918918918919,4249.666666666667,9.046126287505608,-13.917096720492761
Nashville,"Nashville, TN",2019-04-01,4420,5207,3.8941176470588235,3257,1.357077064783543,0.41929429429429427,0.527027027027027,0.04617117117117117,0.0075075075075075074,1.6418918918918919,4400.333333333333,2.196531791907508,-8.230525202678884
Nashville,"Nashville, TN",2019-05-01,4642,5671,3.8985351141749245,3257,1.4252379490328524,0.41929429429429427,0.527027027027027,0.04617117117117117,0.0075075075075075074,1.6418918918918919,4644.0,7.081891580161481,-3.8324571816177766
Nashville,"Nashville, TN",2019-06-01,5012,5337,3.941340782122905,3257,1.538839422781701,0.41929429429429427,0.527027027027027,0.04617117117117117,0.0075075075075075074,1.6418918918918919,4691.333333333333,5.073375262054514,-5.1705756929637525
Nashville,"Nashville, TN",2019-07-01,5275,5578,3.9018009478672986,3257,1.619588578446423,0.41929429429429427,0.527027027027027,0.04617117117117117,0.0075075075075075074,1.6418918918918919,4976.333333333333,0.018960940462653397,-5.473648534146758
Nashville,"Nashville, TN",2019-08-01,4889,4935,3.96829617508693,3257,1.501074608535462,0.41929429429429427,0.527027027027027,0.04617117117117117,0.0075075075075075074,1.6418918918918919,5058.666666666667,3.646385414458342,-9.681551976573942
Nashville,"Nashville, TN",2019-09-01,4644,4979,3.860034453057709,3257,1.4258520110531163,0.41929429429429427,0.527027027027027,0.04617117117117117,0.0075075075075075074,1.6418918918918919,4936.0,4.618157242622223,-11.907289455060155
Nashville,"Nashville, TN",2019-10-01,4544,5465,3.8670774647887325,3257,1.395148910039914,0.41929429429429427,0.527027027027027,0.04617117117117117,0.0075075075075075074,1.6418918918918919,4692.333333333333,-3.0716723549488067,-0.9963768115942018
Nashville,"Nashville, TN",2019-11-01,3757,4527,3.873036997604472,3257,1.1535155050660117,0.41929429429429427,0.527027027027027,0.04617117117117117,0.0075075075075075074,1.6418918918918919,4315.0,1.8433179723502224,1.049107142857153
Nashville,"Nashville, TN",2019-12-01,3550,4123,3.8645070422535213,3257,1.0899600859686829,0.41929429429429427,0.527027027027027,0.04617117117117117,0.0075075075075075074,1.6418918918918919,3950.3333333333335,-5.635300372142482,-14.690668321953238
Nashville,"Nashville, TN",2020-01-01,3538,3851,3.930186546071227,3257,1.0862757138470986,0.41929429429429427,0.527027027027027,0.04617117117117117,0.0075075075075075074,1.6418918918918919,3615.0,-10.8366935483871,-8.046800382043939
Nashville,"Nashville, TN",2020-02-01,3761,4373,3.916245679340601,3257,1.1547436291065398,0.41929429429429427,0.527027027027027,0.04617117117117117,0.0075075075075075074,1.6418918918918919,3616.3333333333335,-3.8353362311429273,-0.4099294010475929
Nashville,"Nashville, TN",2020-03-01,2271,2316,3.9854689564068693,3257,0.697267424009825,0.41929429429429427,0.527027027027027,0.04617117117117117,0.0075075075075075074,1.6418918918918919,3190.0,-53.36755646817248,-55.21175788048733
Nashville,"Nashville, TN",2020-04-01,733,324,3.9631650750341065,3257,0.2250537304267731,0.41929429429429427,0.527027027027027,0.04617117117117117,0.0075075075075075074,1.6418918918918919,2255.0,-83.41628959276018,-93.77760706740925
Nashville,"Nashville, TN",2020-05-01,1112,690,4.015287769784172,3257,0.34141848326680996,0.41929429429429427,0.527027027027027,0.04617117117117117,0.0075075075075075074,1.6418918918918919,1372.0,-76.04480827229642,-87.83283371539412
Nashville,"Nashville, TN",2020-06-01,1871,1293,4.040619989310529,3257,0.5744550199570156,0.41929429429429427,0.527027027027027,0.04617117117117117,0.0075075075075075074,1.6418918918918919,1238.6666666666667,-62.66959297685555,-75.77290612703766
Nashville,"Nashville, TN",2020-07-01,2060,1523,4.040291262135923,3257,0.632483880871968,0.41929429429429427,0.527027027027027,0.04617117117117117,0.0075075075075075074,1.6418918918918919,1681.0,-60.947867298578196,-72.69630692004303
Nashville,"Nashville, TN",2020-08-01,2239,1501,4.021438142027691,3257,0.6874424316856003,0.41929429429429427,0.527027027027027,0.04617117117117117,0.0075075075075075074,1.6418918918918919,2056.6666666666665,-54.20331356105543,-69.58459979736575
Nashville,"Nashville, TN",2020-09-01,2331,1670,4.031317031317031,3257,0.7156892846177464,0.41929429429429427,0.527027027027027,0.04617117117117117,0.0075075075075075074,1.6418918918918919,2210.0,-49.8062015503876,-66.45912833902389
Nashville,"Nashville, TN",2020-10-01,2720,1766,4.013970588235294,3257,0.8351243475591035,0.41929429429429427,0.527027027027027,0.04617117117117117,0.0075075075075075074,1.6418918918918919,2430.0,-40.140845070422536,-67.68526989935957
Nashville,"Nashville, TN",2020-11-01,2274,1584,4.018469656992084,3257,0.6981885170402211,0.41929429429429427,0.527027027027027,0.04617117117117117,0.0075075075075075074,1.6418918918918919,2441.6666666666665,-39.4729837636412,-65.00994035785288
Nashville,"Nashville, TN",2020-12-01,2261,1189,4.0778416629809815,3257,0.6941971139085048,0.41929429429429427,0.527027027027027,0.04617117117117117,0.0075075075075075074,1.6418918918918919,2418.3333333333335,-36.30985915492958,-71.16177540625758
Nashville,"Nashville, TN",2021-01-01,2063,1172,4.077072224915172,3257,0.6334049739023642,0.41929429429429427,0.527027027027027,0.04617117117117117,0.0075075075075075074,1.6418918918918919,2199.3333333333335,-41.69022046353872,-69.56634640353154
Nashville,"Nashville, TN",2021-02-01,1963,1197,3.968925114620479,3257,0.6027018728891618,0.41929429429429427,0.527027027027027,0.04617117117117117,0.0075075075075075074,1.6418918918918919,2095.6666666666665,-47.8064344589205,-72.62748685113193
Nashville,"Nashville, TN",2021-03-01,2892,2129,3.968188105117566,3257,0.8879336813018115,0.41929429429429427,0.527027027027027,0.04617117117117117,0.0075075075075075074,1.6418918918918919,2306.0,27.344782034346093,-8.074265975820383
Nashville,"Nashville, TN",2021-04-01,3070,2262,3.9,3257,0.9425852011053116,0.41929429429429427,0.527027027027027,0.04617117117117117,0.0075075075075075074,1.6418918918918919,2641.6666666666665,318.8267394270123,598.1481481481482
Nashville,"Nashville, TN",2021-05-01,3572,2718,3.9302911534154537,3257,1.0967147681915874,0.41929429429429427,0.527027027027027,0.04617117117117117,0.0075075075075075074,1.6418918918918919,3178.0,221.22302158273382,293.9130434782609
Nashville,"Nashville, TN",2021-06-01,3563,2565,3.9264664608476005,3257,1.0939514891003992,0.41929429429429427,0.527027027027027,0.04617117117117117,0.0075075075075075074,1.6418918918918919,3401.6666666666665,90.43292357028328,98.37587006960558
Nashville,"Nashville, TN",2021-07-01,3939,3176,3.8255902513328257,3257,1.2093951489100399,0.41929429429429427,0.527027027027027,0.04617117117117117,0.0075075075075075074,1.6418918918918919,3691.3333333333335,91.2135922330097,108.53578463558766
Nashville,"Nashville, TN",2021-08-01,3548,2722,3.8489289740698984,3257,1.0893460239484187,0.41929429429429427,0.527027027027027,0.04617117117117117,0.0075075075075075074,1.6418918918918919,3683.3333333333335,58.46359982134881,81.34576948700867
Nashville,"Nashville, TN",2021-09-01,3036,2465,3.8600131752305664,3257,0.9321461467608229,0.41929429429429427,0.527027027027027,0.04617117117117117,0.0075075075075075074,1.6418918918918919,3507.6666666666665,30.244530244530242,47.60479041916168
Nashville,"Nashville, TN",2021-10-01,3284,2690,3.8620584652862364,3257,1.0082898372735647,0.41929429429429427,0.527027027027027,0.04617117117117117,0.0075075075075075074,1.6418918918918919,3289.3333333333335,20.73529411764705,52.32163080407701
Nashville,"Nashville, TN",2021-11-01,2723,2197,3.833272126331252,3257,0.8360454405894996,0.41929429429429427,0.527027027027027,0.04617117117117117,0.0075075075075075074,1.6418918918918919,3014.3333333333335,19.74494283201407,38.69949494949494
Nashville,"Nashville, TN",2021-12-01,2720,1911,3.850735294117647,3257,0.8351243475591035,0.41929429429429427,0.527027027027027,0.04617117117117117,0.0075075075075075074,1.6418918918918919,2909.0,20.30075187969924,60.723296888141284
Nashville,"Nashville, TN",2022-01-01,1573,862,3.904640813731723,3257,0.4829597789376727,0.41929429429429427,0.527027027027027,0.04617117117117117,0.0075075075075075074,1.6418918918918919,2338.6666666666665,-23.75181774115366,-26.450511945392496
New Orleans,"New Orleans, LA",2005-03-01,9,0,3.7777777777777777,3158,0.002849905003166561,0.37324981577008104,0.5541635961680177,0.06521739130434782,0.007369196757553427,1.7067059690493736,,,
New Orleans,"New Orleans, LA",2005-04-01,8,0,4.375,3158,0.00253324889170361,0.37324981577008104,0.5541635961680177,0.06521739130434782,0.007369196757553427,1.7067059690493736,,,
New Orleans,"New Orleans, LA",2005-05-01,43,0,4.023255813953488,3158,0.013616212792906902,0.37324981577008104,0.5541635961680177,0.06521739130434782,0.007369196757553427,1.7067059690493736,20.0,,
New Orleans,"New Orleans, LA",2005-06-01,5,0,4.0,3158,0.0015832805573147563,0.37324981577008104,0.5541635961680177,0.06521739130434782,0.007369196757553427,1.7067059690493736,18.666666666666668,,
New Orleans,"New Orleans, LA",2005-07-01,185,0,3.6486486486486487,3158,0.05858138062064598,0.37324981577008104,0.5541635961680177,0.06521739130434782,0.007369196757553427,1.7067059690493736,77.66666666666667,,
New Orleans,"New Orleans, LA",2005-08-01,5,0,4.6,3158,0.0015832805573147563,0.37324981577008104,0.5541635961680177,0.06521739130434782,0.007369196757553427,1.7067059690493736,65.0,,
New Orleans,"New Orleans, LA",2005-09-01,7,0,3.4285714285714284,3158,0.002216592780240659,0.37324981577008104,0.5541635961680177,0.06521739130434782,0.007369196757553427,1.7067059690493736,65.66666666666667,,
New Orleans,"New Orleans, LA",2005-11-01,3,0,4.333333333333333,3158,0.0009499683343888537,0.37324981577008104,0.5541635961680177,0.06521739130434782,0.007369196757553427,1.7067059690493736,5.0,,
New Orleans,"New Orleans, LA",2005-12-01,2,0,5.0,3158,0.0006333122229259025,0.37324981577008104,0.5541635961680177,0.06521739130434782,0.007369196757553427,1.7067059690493736,4.0,,
New Orleans,"New Orleans, LA",2006-01-01,3,0,4.333333333333333,3158,0.0009499683343888537,0.37324981577008104,0.5541635961680177,0.06521739130434782,0.007369196757553427,1.7067059690493736,2.6666666666666665,,
New Orleans,"New Orleans, LA",2006-02-01,16,0,3.875,3158,0.00506649778340722,0.37324981577008104,0.5541635961680177,0.06521739130434782,0.007369196757553427,1.7067059690493736,7.0,,
New Orleans,"New Orleans, LA",2006-03-01,19,0,4.684210526315789,3158,0.006016466117796073,0.37324981577008104,0.5541635961680177,0.06521739130434782,0.007369196757553427,1.7067059690493736,12.666666666666666,,
New Orleans,"New Orleans, LA",2006-04-01,6,0,4.5,3158,0.0018999366687777073,0.37324981577008104,0.5541635961680177,0.06521739130434782,0.007369196757553427,1.7067059690493736,13.666666666666666,-33.333333333333336,
New Orleans,"New Orleans, LA",2006-05-01,10,0,4.1,3158,0.0031665611146295125,0.37324981577008104,0.5541635961680177,0.06521739130434782,0.007369196757553427,1.7067059690493736,11.666666666666666,25.0,
New Orleans,"New Orleans, LA",2006-06-01,8,0,4.0,3158,0.00253324889170361,0.37324981577008104,0.5541635961680177,0.06521739130434782,0.007369196757553427,1.7067059690493736,8.0,-81.3953488372093,
New Orleans,"New Orleans, LA",2006-07-01,11,0,4.454545454545454,3158,0.0034832172260924636,0.37324981577008104,0.5541635961680177,0.06521739130434782,0.007369196757553427,1.7067059690493736,9.666666666666666,120.00000000000001,
New Orleans,"New Orleans, LA",2006-08-01,11,0,4.454545454545454,3158,0.0034832172260924636,0.37324981577008104,0.5541635961680177,0.06521739130434782,0.007369196757553427,1.7067059690493736,10.0,-94.05405405405405,
New Orleans,"New Orleans, LA",2006-09-01,45,0,4.355555555555555,3158,0.014249525015832806,0.37324981577008104,0.5541635961680177,0.06521739130434782,0.007369196757553427,1.7067059690493736,22.333333333333332,800.0,
New Orleans,"New Orleans, LA",2006-10-01,39,0,3.923076923076923,3158,0.012349588347055098,0.37324981577008104,0.5541635961680177,0.06521739130434782,0.007369196757553427,1.7067059690493736,31.666666666666668,457.1428571428571,
New Orleans,"New Orleans, LA",2006-11-01,33,0,4.090909090909091,3158,0.01044965167827739,0.37324981577008104,0.5541635961680177,0.06521739130434782,0.007369196757553427,1.7067059690493736,39.0,1000.0,
New Orleans,"New Orleans, LA",2006-12-01,60,0,4.266666666666667,3158,0.018999366687777075,0.37324981577008104,0.5541635961680177,0.06521739130434782,0.007369196757553427,1.7067059690493736,44.0,2900.0,
New Orleans,"New Orleans, LA",2007-01-01,56,0,4.196428571428571,3158,0.01773274224192527,0.37324981577008104,0.5541635961680177,0.06521739130434782,0.007369196757553427,1.7067059690493736,49.666666666666664,1766.6666666666667,
New Orleans,"New Orleans, LA",2007-02-01,61,0,3.9672131147540983,3158,0.019316022799240027,0.37324981577008104,0.5541635961680177,0.06521739130434782,0.007369196757553427,1.7067059690493736,59.0,281.25,
New Orleans,"New Orleans, LA",2007-03-01,101,0,3.8118811881188117,3158,0.031982267257758074,0.37324981577008104,0.5541635961680177,0.06521739130434782,0.007369196757553427,1.7067059690493736,72.66666666666667,431.57894736842104,
New Orleans,"New Orleans, LA",2007-04-01,85,0,4.2,3158,0.026915769474350856,0.37324981577008104,0.5541635961680177,0.06521739130434782,0.007369196757553427,1.7067059690493736,82.33333333333333,1316.6666666666665,
New Orleans,"New Orleans, LA",2007-05-01,77,0,4.12987012987013,3158,0.024382520582647244,0.37324981577008104,0.5541635961680177,0.06521739130434782,0.007369196757553427,1.7067059690493736,87.66666666666667,670.0,
New Orleans,"New Orleans, LA",2007-06-01,60,0,4.266666666666667,3158,0.018999366687777075,0.37324981577008104,0.5541635961680177,0.06521739130434782,0.007369196757553427,1.7067059690493736,74.0,650.0,
New Orleans,"New Orleans, LA",2007-07-01,92,0,4.076086956521739,3158,0.029132362254591513,0.37324981577008104,0.5541635961680177,0.06521739130434782,0.007369196757553427,1.7067059690493736,76.33333333333333,736.3636363636364,
New Orleans,"New Orleans, LA",2007-08-01,114,0,4.254385964912281,3158,0.03609879670677644,0.37324981577008104,0.5541635961680177,0.06521739130434782,0.007369196757553427,1.7067059690493736,88.66666666666667,936.3636363636364,
New Orleans,"New Orleans, LA",2007-09-01,124,0,4.217741935483871,3158,0.03926535782140595,0.37324981577008104,0.5541635961680177,0.06521739130434782,0.007369196757553427,1.7067059690493736,110.0,175.55555555555554,
New Orleans,"New Orleans, LA",2007-10-01,98,0,4.091836734693878,3158,0.03103229892336922,0.37324981577008104,0.5541635961680177,0.06521739130434782,0.007369196757553427,1.7067059690493736,112.0,151.28205128205127,
New Orleans,"New Orleans, LA",2007-11-01,116,0,3.9655172413793105,3158,0.03673210892970234,0.37324981577008104,0.5541635961680177,0.06521739130434782,0.007369196757553427,1.7067059690493736,112.66666666666667,251.5151515151515,
New Orleans,"New Orleans, LA",2007-12-01,101,0,4.158415841584159,3158,0.031982267257758074,0.37324981577008104,0.5541635961680177,0.06521739130434782,0.007369196757553427,1.7067059690493736,105.0,68.33333333333333,
New Orleans,"New Orleans, LA",2008-01-01,203,0,4.206896551724138,3158,0.0642811906269791,0.37324981577008104,0.5541635961680177,0.06521739130434782,0.007369196757553427,1.7067059690493736,140.0,262.5,
New Orleans,"New Orleans, LA",2008-02-01,160,0,3.9,3158,0.0506649778340722,0.37324981577008104,0.5541635961680177,0.06521739130434782,0.007369196757553427,1.7067059690493736,154.66666666666666,162.2950819672131,
New Orleans,"New Orleans, LA",2008-03-01,211,0,3.829383886255924,3158,0.06681443951868271,0.37324981577008104,0.5541635961680177,0.06521739130434782,0.007369196757553427,1.7067059690493736,191.33333333333334,108.91089108910892,
New Orleans,"New Orleans, LA",2008-04-01,254,0,3.9921259842519685,3158,0.08043065231158962,0.37324981577008104,0.5541635961680177,0.06521739130434782,0.007369196757553427,1.7067059690493736,208.33333333333334,198.8235294117647,
New Orleans,"New Orleans, LA",2008-05-01,243,0,4.0246913580246915,3158,0.07694743508549715,0.37324981577008104,0.5541635961680177,0.06521739130434782,0.007369196757553427,1.7067059690493736,236.0,215.58441558441558,
New Orleans,"New Orleans, LA",2008-06-01,189,0,4.0476190476190474,3158,0.05984800506649778,0.37324981577008104,0.5541635961680177,0.06521739130434782,0.007369196757553427,1.7067059690493736,228.66666666666666,215.0,
New Orleans,"New Orleans, LA",2008-07-01,257,0,3.848249027237354,3158,0.08138062064597847,0.37324981577008104,0.5541635961680177,0.06521739130434782,0.007369196757553427,1.7067059690493736,229.66666666666666,179.34782608695653,
New Orleans,"New Orleans, LA",2008-08-01,191,0,3.905759162303665,3158,0.060481317289423686,0.37324981577008104,0.5541635961680177,0.06521739130434782,0.007369196757553427,1.7067059690493736,212.33333333333334,67.54385964912282,
New Orleans,"New Orleans, LA",2008-09-01,157,0,4.050955414012739,3158,0.04971500949968334,0.37324981577008104,0.5541635961680177,0.06521739130434782,0.007369196757553427,1.7067059690493736,201.66666666666666,26.61290322580645,
New Orleans,"New Orleans, LA",2008-10-01,289,0,3.9204152249134947,3158,0.0915136162127929,0.37324981577008104,0.5541635961680177,0.06521739130434782,0.007369196757553427,1.7067059690493736,212.33333333333334,194.89795918367346,
New Orleans,"New Orleans, LA",2008-11-01,304,0,3.9210526315789473,3158,0.09626345788473717,0.37324981577008104,0.5541635961680177,0.06521739130434782,0.007369196757553427,1.7067059690493736,250.0,162.06896551724137,
New Orleans,"New Orleans, LA",2008-12-01,282,0,3.9645390070921986,3158,0.08929702343255225,0.37324981577008104,0.5541635961680177,0.06521739130434782,0.007369196757553427,1.7067059690493736,291.6666666666667,179.2079207920792,
New Orleans,"New Orleans, LA",2009-01-01,578,0,3.859861591695502,3158,0.1830272324255858,0.37324981577008104,0.5541635961680177,0.06521739130434782,0.007369196757553427,1.7067059690493736,388.0,184.72906403940885,
New Orleans,"New Orleans, LA",2009-02-01,308,0,3.892857142857143,3158,0.09753008233058898,0.37324981577008104,0.5541635961680177,0.06521739130434782,0.007369196757553427,1.7067059690493736,389.3333333333333,92.5,
New Orleans,"New Orleans, LA",2009-03-01,497,0,3.8551307847082494,3158,0.15737808739708675,0.37324981577008104,0.5541635961680177,0.06521739130434782,0.007369196757553427,1.7067059690493736,461.0,135.54502369668248,
New Orleans,"New Orleans, LA",2009-04-01,553,0,3.8028933092224233,3158,0.17511082963901203,0.37324981577008104,0.5541635961680177,0.06521739130434782,0.007369196757553427,1.7067059690493736,452.6666666666667,117.71653543307087,
New Orleans,"New Orleans, LA",2009-05-01,515,0,3.854368932038835,3158,0.16307789740341988,0.37324981577008104,0.5541635961680177,0.06521739130434782,0.007369196757553427,1.7067059690493736,521.6666666666666,111.9341563786008,
New Orleans,"New Orleans, LA",2009-06-01,356,0,3.831460674157303,3158,0.11272957568081064,0.37324981577008104,0.5541635961680177,0.06521739130434782,0.007369196757553427,1.7067059690493736,474.6666666666667,88.35978835978835,
New Orleans,"New Orleans, LA",2009-07-01,435,0,3.84367816091954,3158,0.13774540848638378,0.37324981577008104,0.5541635961680177,0.06521739130434782,0.007369196757553427,1.7067059690493736,435.3333333333333,69.26070038910505,
New Orleans,"New Orleans, LA",2009-08-01,421,0,3.8859857482185274,3158,0.13331222292590247,0.37324981577008104,0.5541635961680177,0.06521739130434782,0.007369196757553427,1.7067059690493736,404.0,120.41884816753927,
New Orleans,"New Orleans, LA",2009-09-01,429,0,3.850815850815851,3158,0.1358454718176061,0.37324981577008104,0.5541635961680177,0.06521739130434782,0.007369196757553427,1.7067059690493736,428.3333333333333,173.2484076433121,
New Orleans,"New Orleans, LA",2009-10-01,524,0,3.769083969465649,3158,0.16592780240658644,0.37324981577008104,0.5541635961680177,0.06521739130434782,0.007369196757553427,1.7067059690493736,458.0,81.31487889273356,
New Orleans,"New Orleans, LA",2009-11-01,501,0,3.8243512974051894,3158,0.15864471184293857,0.37324981577008104,0.5541635961680177,0.06521739130434782,0.007369196757553427,1.7067059690493736,484.6666666666667,64.80263157894737,
New Orleans,"New Orleans, LA",2009-12-01,532,0,3.843984962406015,3158,0.16846105129829006,0.37324981577008104,0.5541635961680177,0.06521739130434782,0.007369196757553427,1.7067059690493736,519.0,88.65248226950355,
New Orleans,"New Orleans, LA",2010-01-01,822,62,3.789537712895377,3158,0.2602913236225459,0.37324981577008104,0.5541635961680177,0.06521739130434782,0.007369196757553427,1.7067059690493736,618.3333333333334,42.214532871972324,inf
New Orleans,"New Orleans, LA",2010-02-01,732,242,3.7540983606557377,3158,0.2317922735908803,0.37324981577008104,0.5541635961680177,0.06521739130434782,0.007369196757553427,1.7067059690493736,695.3333333333334,137.66233766233765,inf
New Orleans,"New Orleans, LA",2010-03-01,926,344,3.7419006479481642,3158,0.29322355921469284,0.37324981577008104,0.5541635961680177,0.06521739130434782,0.007369196757553427,1.7067059690493736,826.6666666666666,86.31790744466801,inf
New Orleans,"New Orleans, LA",2010-04-01,822,511,3.7627737226277373,3158,0.2602913236225459,0.37324981577008104,0.5541635961680177,0.06521739130434782,0.007369196757553427,1.7067059690493736,826.6666666666666,48.64376130198915,inf
New Orleans,"New Orleans, LA",2010-05-01,934,577,3.8683083511777303,3158,0.29575680810639643,0.37324981577008104,0.5541635961680177,0.06521739130434782,0.007369196757553427,1.7067059690493736,894.0,81.35922330097087,inf
New Orleans,"New Orleans, LA",2010-06-01,848,924,3.811320754716981,3158,0.26852438252058264,0.37324981577008104,0.5541635961680177,0.06521739130434782,0.007369196757553427,1.7067059690493736,868.0,138.20224719101125,inf
New Orleans,"New Orleans, LA",2010-07-01,931,1275,3.8335123523093446,3158,0.2948068397720076,0.37324981577008104,0.5541635961680177,0.06521739130434782,0.007369196757553427,1.7067059690493736,904.3333333333334,114.02298850574715,inf
New Orleans,"New Orleans, LA",2010-08-01,1015,1451,3.8817733990147785,3158,0.3214059531348955,0.37324981577008104,0.5541635961680177,0.06521739130434782,0.007369196757553427,1.7067059690493736,931.3333333333334,141.09263657957243,inf
New Orleans,"New Orleans, LA",2010-09-01,1063,2093,3.746001881467545,3158,0.33660544648511714,0.37324981577008104,0.5541635961680177,0.06521739130434782,0.007369196757553427,1.7067059690493736,1003.0,147.78554778554778,inf
New Orleans,"New Orleans, LA",2010-10-01,1234,2709,3.733387358184765,3158,0.3907536415452818,0.37324981577008104,0.5541635961680177,0.06521739130434782,0.007369196757553427,1.7067059690493736,1104.0,135.49618320610688,inf
New Orleans,"New Orleans, LA",2010-11-01,1434,2739,3.793584379358438,3158,0.45408486383787205,0.37324981577008104,0.5541635961680177,0.06521739130434782,0.007369196757553427,1.7067059690493736,1243.6666666666667,186.22754491017966,inf
New Orleans,"New Orleans, LA",2010-12-01,1164,2966,3.816151202749141,3158,0.36858771374287524,0.37324981577008104,0.5541635961680177,0.06521739130434782,0.007369196757553427,1.7067059690493736,1277.3333333333333,118.79699248120299,inf
New Orleans,"New Orleans, LA",2011-01-01,1682,3714,3.8055885850178357,3158,0.5326155794806839,0.37324981577008104,0.5541635961680177,0.06521739130434782,0.007369196757553427,1.7067059690493736,1426.6666666666667,104.6228710462287,5890.322580645162
New Orleans,"New Orleans, LA",2011-02-01,1834,4508,3.75845147219193,3158,0.5807473084230526,0.37324981577008104,0.5541635961680177,0.06521739130434782,0.007369196757553427,1.7067059690493736,1560.0,150.54644808743168,1762.8099173553717
New Orleans,"New Orleans, LA",2011-03-01,2133,5905,3.7702766057196437,3158,0.675427485750475,0.37324981577008104,0.5541635961680177,0.06521739130434782,0.007369196757553427,1.7067059690493736,1883.0,130.34557235421164,1616.5697674418607
New Orleans,"New Orleans, LA",2011-04-01,1836,6083,3.730392156862745,3158,0.5813806206459785,0.37324981577008104,0.5541635961680177,0.06521739130434782,0.007369196757553427,1.7067059690493736,1934.3333333333333,123.35766423357666,1090.4109589041095
New Orleans,"New Orleans, LA",2011-05-01,1956,6659,3.7407975460122698,3158,0.6193793540215327,0.37324981577008104,0.5541635961680177,0.06521739130434782,0.007369196757553427,1.7067059690493736,1975.0,109.42184154175587,1054.0727902946276
New Orleans,"New Orleans, LA",2011-06-01,1981,6284,3.7849570923775873,3158,0.6272957568081063,0.37324981577008104,0.5541635961680177,0.06521739130434782,0.007369196757553427,1.7067059690493736,1924.3333333333333,133.60849056603774,580.0865800865802
New Orleans,"New Orleans, LA",2011-07-01,2010,7065,3.8129353233830847,3158,0.6364787840405319,0.37324981577008104,0.5541635961680177,0.06521739130434782,0.007369196757553427,1.7067059690493736,1982.3333333333333,115.89688506981739,454.11764705882354
New Orleans,"New Orleans, LA",2011-08-01,1860,6341,3.8209677419354837,3158,0.5889803673210893,0.37324981577008104,0.5541635961680177,0.06521739130434782,0.007369196757553427,1.7067059690493736,1950.3333333333333,83.2512315270936,337.0089593383873
New Orleans,"New Orleans, LA",2011-09-01,1758,7695,3.760523321956769,3158,0.5566814439518682,0.37324981577008104,0.5541635961680177,0.06521739130434782,0.007369196757553427,1.7067059690493736,1876.0,65.38099717779869,267.6540850453894
New Orleans,"New Orleans, LA",2011-10-01,1542,8635,3.777561608300908,3158,0.4882837238758708,0.37324981577008104,0.5541635961680177,0.06521739130434782,0.007369196757553427,1.7067059690493736,1720.0,24.95948136142625,218.75230712440015
New Orleans,"New Orleans, LA",2011-11-01,1720,7230,3.752906976744186,3158,0.5446485117162762,0.37324981577008104,0.5541635961680177,0.06521739130434782,0.007369196757553427,1.7067059690493736,1673.3333333333333,19.944211994421202,163.96495071193868
New Orleans,"New Orleans, LA",2011-12-01,1688,7938,3.8074644549763033,3158,0.5345155161494617,0.37324981577008104,0.5541635961680177,0.06521739130434782,0.007369196757553427,1.7067059690493736,1650.0,45.01718213058419,167.63317599460552
New Orleans,"New Orleans, LA",2012-01-01,2218,8164,3.7741208295761948,3158,0.7023432552248259,0.37324981577008104,0.5541635961680177,0.06521739130434782,0.007369196757553427,1.7067059690493736,1875.3333333333333,31.866825208085615,119.81690899299946
New Orleans,"New Orleans, LA",2012-02-01,1964,8250,3.741344195519348,3158,0.6219126029132362,0.37324981577008104,0.5541635961680177,0.06521739130434782,0.007369196757553427,1.7067059690493736,1956.6666666666667,7.088331515812429,83.00798580301685
New Orleans,"New Orleans, LA",2012-03-01,2412,10114,3.7566334991708126,3158,0.7637745408486384,0.37324981577008104,0.5541635961680177,0.06521739130434782,0.007369196757553427,1.7067059690493736,2198.0,13.080168776371304,71.27857747671464
New Orleans,"New Orleans, LA",2012-04-01,2153,9715,3.815606130980028,3158,0.681760607979734,0.37324981577008104,0.5541635961680177,0.06521739130434782,0.007369196757553427,1.7067059690493736,2176.3333333333335,17.265795206971667,59.70738122636856
New Orleans,"New Orleans, LA",2012-05-01,2262,10435,3.7873563218390807,3158,0.7162761241291957,0.37324981577008104,0.5541635961680177,0.06521739130434782,0.007369196757553427,1.7067059690493736,2275.6666666666665,15.644171779141104,56.70521099264154
New Orleans,"New Orleans, LA",2012-06-01,1903,8293,3.8728323699421967,3158,0.6025965801139962,0.37324981577008104,0.5541635961680177,0.06521739130434782,0.007369196757553427,1.7067059690493736,2106.0,-3.937405350832912,31.970082749840856
New Orleans,"New Orleans, LA",2012-07-01,1881,7988,3.8107389686337054,3158,0.5956301456618113,0.37324981577008104,0.5541635961680177,0.06521739130434782,0.007369196757553427,1.7067059690493736,2015.3333333333333,-6.4179104477612,13.064401981599438
New Orleans,"New Orleans, LA",2012-08-01,1740,7555,3.807471264367816,3158,0.5509816339455351,0.37324981577008104,0.5541635961680177,0.06521739130434782,0.007369196757553427,1.7067059690493736,1841.3333333333333,-6.451612903225811,19.145245229459086
New Orleans,"New Orleans, LA",2012-09-01,1566,7721,3.8045977011494254,3158,0.49588347055098164,0.37324981577008104,0.5541635961680177,0.06521739130434782,0.007369196757553427,1.7067059690493736,1729.0,-10.921501706484637,0.3378817413905111
New Orleans,"New Orleans, LA",2012-10-01,1919,9402,3.80667014069828,3158,0.6076630778974034,0.37324981577008104,0.5541635961680177,0.06521739130434782,0.007369196757553427,1.7067059690493736,1741.6666666666667,24.448767833981844,8.88245512449335
New Orleans,"New Orleans, LA",2012-11-01,1966,8225,3.8001017293997967,3158,0.6225459151361621,0.37324981577008104,0.5541635961680177,0.06521739130434782,0.007369196757553427,1.7067059690493736,1817.0,14.302325581395348,13.762102351313965
New Orleans,"New Orleans, LA",2012-12-01,1905,9476,3.8073490813648294,3158,0.6032298923369221,0.37324981577008104,0.5541635961680177,0.06521739130434782,0.007369196757553427,1.7067059690493736,1930.0,12.855450236966814,19.37515747039558
New Orleans,"New Orleans, LA",2013-01-01,2697,9427,3.7990359658880237,3158,0.8540215326155794,0.37324981577008104,0.5541635961680177,0.06521739130434782,0.007369196757553427,1.7067059690493736,2189.3333333333335,21.596032461677183,15.470357667809886
New Orleans,"New Orleans, LA",2013-02-01,2155,10251,3.8157772621809745,3158,0.6823939202026599,0.37324981577008104,0.5541635961680177,0.06521739130434782,0.007369196757553427,1.7067059690493736,2252.3333333333335,9.725050916496937,24.25454545454546
New Orleans,"New Orleans, LA",2013-03-01,2786,12479,3.793610911701364,3158,0.8822039265357822,0.37324981577008104,0.5541635961680177,0.06521739130434782,0.007369196757553427,1.7067059690493736,2546.0,15.505804311774462,23.383428910421202
New Orleans,"New Orleans, LA",2013-04-01,2500,10859,3.7764,3158,0.7916402786573781,0.37324981577008104,0.5541635961680177,0.06521739130434782,0.007369196757553427,1.7067059690493736,2480.3333333333335,16.11704598235022,11.775604734945965
New Orleans,"New Orleans, LA",2013-05-01,2767,13485,3.769425370437297,3158,0.8761874604179861,0.37324981577008104,0.5541635961680177,0.06521739130434782,0.007369196757553427,1.7067059690493736,2684.3333333333335,22.325375773651636,29.228557738380445
New Orleans,"New Orleans, LA",2013-06-01,2664,11115,3.838963963963964,3158,0.8435718809373021,0.37324981577008104,0.5541635961680177,0.06521739130434782,0.007369196757553427,1.7067059690493736,2643.6666666666665,39.989490278507624,34.02869890268902
New Orleans,"New Orleans, LA",2013-07-01,2697,10845,3.7979236188357435,3158,0.8540215326155794,0.37324981577008104,0.5541635961680177,0.06521739130434782,0.007369196757553427,1.7067059690493736,2709.3333333333335,43.381180223285476,35.76614922383576
New Orleans,"New Orleans, LA",2013-08-01,2450,10473,3.833061224489796,3158,0.7758074730842305,0.37324981577008104,0.5541635961680177,0.06521739130434782,0.007369196757553427,1.7067059690493736,2603.6666666666665,40.80459770114941,38.62342819324951
New Orleans,"New Orleans, LA",2013-09-01,2353,10212,3.8066298342541436,3158,0.7450918302723243,0.37324981577008104,0.5541635961680177,0.06521739130434782,0.007369196757553427,1.7067059690493736,2500.0,50.25542784163475,32.26266027716618
New Orleans,"New Orleans, LA",2013-10-01,2676,11281,3.838938714499253,3158,0.8473717542748576,0.37324981577008104,0.5541635961680177,0.06521739130434782,0.007369196757553427,1.7067059690493736,2493.0,39.44762897342366,19.98510955115933
New Orleans,"New Orleans, LA",2013-11-01,2817,10381,3.8164714235001775,3158,0.8920202659911336,0.37324981577008104,0.5541635961680177,0.06521739130434782,0.007369196757553427,1.7067059690493736,2615.3333333333335,43.28585961342828,26.212765957446816
New Orleans,"New Orleans, LA",2013-12-01,2630,10006,3.8,3158,0.8328055731475618,0.37324981577008104,0.5541635961680177,0.06521739130434782,0.007369196757553427,1.7067059690493736,2707.6666666666665,38.05774278215224,5.593077247783884
New Orleans,"New Orleans, LA",2014-01-01,3457,10141,3.864911773213769,3158,1.0946801773274224,0.37324981577008104,0.5541635961680177,0.06521739130434782,0.007369196757553427,1.7067059690493736,2968.0,28.179458657767896,7.573989604328002
New Orleans,"New Orleans, LA",2014-02-01,2920,10713,3.8585616438356163,3158,0.9246358454718177,0.37324981577008104,0.5541635961680177,0.06521739130434782,0.007369196757553427,1.7067059690493736,3002.3333333333335,35.49883990719258,4.506877377816809
New Orleans,"New Orleans, LA",2014-03-01,3909,14864,3.803274494755692,3158,1.2378087397086763,0.37324981577008104,0.5541635961680177,0.06521739130434782,0.007369196757553427,1.7067059690493736,3428.6666666666665,40.30868628858579,19.11210834201458
New Orleans,"New Orleans, LA",2014-04-01,3499,12796,3.853958273792512,3158,1.1079797340088664,0.37324981577008104,0.5541635961680177,0.06521739130434782,0.007369196757553427,1.7067059690493736,3442.6666666666665,39.959999999999994,17.837738281609727
New Orleans,"New Orleans, LA",2014-05-01,3723,13639,3.8546870803115767,3158,1.1789107029765675,0.37324981577008104,0.5541635961680177,0.06521739130434782,0.007369196757553427,1.7067059690493736,3710.3333333333335,34.5500542103361,1.142009640341124
New Orleans,"New Orleans, LA",2014-06-01,3434,11021,3.8864298194525335,3158,1.0873970867637746,0.37324981577008104,0.5541635961680177,0.06521739130434782,0.007369196757553427,1.7067059690493736,3552.0,28.903903903903895,-0.8457040035987351
New Orleans,"New Orleans, LA",2014-07-01,3860,11400,3.8546632124352334,3158,1.2222925902469917,0.37324981577008104,0.5541635961680177,0.06521739130434782,0.007369196757553427,1.7067059690493736,3672.3333333333335,43.121987393400076,5.117565698478566
New Orleans,"New Orleans, LA",2014-08-01,3515,12401,3.8668563300142247,3158,1.1130462317922736,0.37324981577008104,0.5541635961680177,0.06521739130434782,0.007369196757553427,1.7067059690493736,3603.0,43.46938775510205,18.40924281485725
New Orleans,"New Orleans, LA",2014-09-01,3338,11042,3.9116237267825045,3158,1.0569981000633313,0.37324981577008104,0.5541635961680177,0.06521739130434782,0.007369196757553427,1.7067059690493736,3571.0,41.86145346366341,8.127692910301597
New Orleans,"New Orleans, LA",2014-10-01,3419,12416,3.897045919859608,3158,1.0826472450918303,0.37324981577008104,0.5541635961680177,0.06521739130434782,0.007369196757553427,1.7067059690493736,3424.0,27.765321375186836,10.061164790355459
New Orleans,"New Orleans, LA",2014-11-01,3801,12933,3.8645093396474612,3158,1.2036098796706776,0.37324981577008104,0.5541635961680177,0.06521739130434782,0.007369196757553427,1.7067059690493736,3519.3333333333335,34.93077742279021,24.583373470763892
New Orleans,"New Orleans, LA",2014-12-01,3765,11911,3.865073041168659,3158,1.1922102596580113,0.37324981577008104,0.5541635961680177,0.06521739130434782,0.007369196757553427,1.7067059690493736,3661.6666666666665,43.15589353612168,19.038576853887655
New Orleans,"New Orleans, LA",2015-01-01,4285,12991,3.9148191365227536,3158,1.356871437618746,0.37324981577008104,0.5541635961680177,0.06521739130434782,0.007369196757553427,1.7067059690493736,3950.3333333333335,23.95140295053515,28.10373730401341
New Orleans,"New Orleans, LA",2015-02-01,3909,13311,3.899206958301356,3158,1.2378087397086763,0.37324981577008104,0.5541635961680177,0.06521739130434782,0.007369196757553427,1.7067059690493736,3986.3333333333335,33.869863013698634,24.2509101092131
New Orleans,"New Orleans, LA",2015-03-01,5208,16778,3.8920890937019967,3158,1.64914502849905,0.37324981577008104,0.5541635961680177,0.06521739130434782,0.007369196757553427,1.7067059690493736,4467.333333333333,33.23100537221795,12.876749192680293
New Orleans,"New Orleans, LA",2015-04-01,4753,14905,3.8954344624447717,3158,1.5050664977834072,0.37324981577008104,0.5541635961680177,0.06521739130434782,0.007369196757553427,1.7067059690493736,4623.333333333333,35.83881108888254,16.48171303532353
New Orleans,"New Orleans, LA",2015-05-01,5035,15781,3.890764647467726,3158,1.5943635212159595,0.37324981577008104,0.5541635961680177,0.06521739130434782,0.007369196757553427,1.7067059690493736,4998.666666666667,35.24039752887455,15.704963707016638
New Orleans,"New Orleans, LA",2015-06-01,4778,12977,3.9742570113018,3158,1.512982900569981,0.37324981577008104,0.5541635961680177,0.06521739130434782,0.007369196757553427,1.7067059690493736,4855.333333333333,39.13803145020385,17.74793575900553
New Orleans,"New Orleans, LA",2015-07-01,4877,13245,3.970063563666188,3158,1.5443318556048131,0.37324981577008104,0.5541635961680177,0.06521739130434782,0.007369196757553427,1.7067059690493736,4896.666666666667,26.347150259067355,16.18421052631578
New Orleans,"New Orleans, LA",2015-08-01,4645,13170,3.943595263724435,3158,1.4708676377454084,0.37324981577008104,0.5541635961680177,0.06521739130434782,0.007369196757553427,1.7067059690493736,4766.666666666667,32.1479374110953,6.20111281348279
New Orleans,"New Orleans, LA",2015-09-01,4135,12855,3.943651753325272,3158,1.3093730208993033,0.37324981577008104,0.5541635961680177,0.06521739130434782,0.007369196757553427,1.7067059690493736,4552.333333333333,23.876572798082684,16.41912696975185
New Orleans,"New Orleans, LA",2015-10-01,4775,15198,3.9407329842931937,3158,1.512032932235592,0.37324981577008104,0.5541635961680177,0.06521739130434782,0.007369196757553427,1.7067059690493736,4518.333333333333,39.66071950862826,22.406572164948457
New Orleans,"New Orleans, LA",2015-11-01,4786,13276,3.972837442540744,3158,1.5155161494616847,0.37324981577008104,0.5541635961680177,0.06521739130434782,0.007369196757553427,1.7067059690493736,4565.333333333333,25.91423309655354,2.6521302095414923
New Orleans,"New Orleans, LA",2015-12-01,4624,15857,3.8851643598615917,3158,1.4642178594046864,0.37324981577008104,0.5541635961680177,0.06521739130434782,0.007369196757553427,1.7067059690493736,4728.333333333333,22.81540504648074,33.12904038283939
New Orleans,"New Orleans, LA",2016-01-01,5442,13885,3.948180815876516,3158,1.7232425585813806,0.37324981577008104,0.5541635961680177,0.06521739130434782,0.007369196757553427,1.7067059690493736,4950.666666666667,27.00116686114353,6.881687321992147
New Orleans,"New Orleans, LA",2016-02-01,5379,14156,3.9382784904257297,3158,1.7032932235592146,0.37324981577008104,0.5541635961680177,0.06521739130434782,0.007369196757553427,1.7067059690493736,5148.333333333333,37.605525709900235,6.348133122980992
New Orleans,"New Orleans, LA",2016-03-01,5963,15490,3.923863826932752,3158,1.888220392653578,0.37324981577008104,0.5541635961680177,0.06521739130434782,0.007369196757553427,1.7067059690493736,5594.666666666667,14.49692780337941,-7.6767195136488215
New Orleans,"New Orleans, LA",2016-04-01,5125,14743,3.966439024390244,3158,1.622862571247625,0.37324981577008104,0.5541635961680177,0.06521739130434782,0.007369196757553427,1.7067059690493736,5489.0,7.8266358089627674,-1.0868835961086898
New Orleans,"New Orleans, LA",2016-05-01,5632,15336,3.9330610795454546,3158,1.7834072197593414,0.37324981577008104,0.5541635961680177,0.06521739130434782,0.007369196757553427,1.7067059690493736,5573.333333333333,11.85700099304865,-2.819846651036051
New Orleans,"New Orleans, LA",2016-06-01,5002,11548,4.011195521791284,3158,1.583913869537682,0.37324981577008104,0.5541635961680177,0.06521739130434782,0.007369196757553427,1.7067059690493736,5253.0,4.6881540393470145,-11.011790090159511
New Orleans,"New Orleans, LA",2016-07-01,5272,12005,3.995827010622155,3158,1.669411019632679,0.37324981577008104,0.5541635961680177,0.06521739130434782,0.007369196757553427,1.7067059690493736,5302.0,8.099241336887442,-9.362023405058517
New Orleans,"New Orleans, LA",2016-08-01,3947,10061,3.971117304281733,3158,1.2498416719442684,0.37324981577008104,0.5541635961680177,0.06521739130434782,0.007369196757553427,1.7067059690493736,4740.333333333333,-15.026910656620018,-23.606681852695523
New Orleans,"New Orleans, LA",2016-09-01,4162,11209,3.967803940413263,3158,1.317922735908803,0.37324981577008104,0.5541635961680177,0.06521739130434782,0.007369196757553427,1.7067059690493736,4460.333333333333,0.6529625151148633,-12.804356281602491
New Orleans,"New Orleans, LA",2016-10-01,4431,13957,3.926427443015121,3158,1.403103229892337,0.37324981577008104,0.5541635961680177,0.06521739130434782,0.007369196757553427,1.7067059690493736,4180.0,-7.204188481675389,-8.165548098434005
New Orleans,"New Orleans, LA",2016-11-01,4431,10997,3.882193635748138,3158,1.403103229892337,0.37324981577008104,0.5541635961680177,0.06521739130434782,0.007369196757553427,1.7067059690493736,4341.333333333333,-7.4174676138737965,-17.166315155167222
New Orleans,"New Orleans, LA",2016-12-01,4449,12169,3.9166104742638796,3158,1.40880303989867,0.37324981577008104,0.5541635961680177,0.06521739130434782,0.007369196757553427,1.7067059690493736,4437.0,-3.784602076124566,-23.257867187992687
New Orleans,"New Orleans, LA",2017-01-01,5158,11380,3.977510663047693,3158,1.6333122229259025,0.37324981577008104,0.5541635961680177,0.06521739130434782,0.007369196757553427,1.7067059690493736,4679.333333333333,-5.218669606762216,-18.041051494418436
New Orleans,"New Orleans, LA",2017-02-01,4525,12633,3.9759116022099446,3158,1.4328689043698544,0.37324981577008104,0.5541635961680177,0.06521739130434782,0.007369196757553427,1.7067059690493736,4710.666666666667,-15.876556980851465,-10.758688895168122
New Orleans,"New Orleans, LA",2017-03-01,6286,14293,3.9556156538339167,3158,1.9905003166561115,0.37324981577008104,0.5541635961680177,0.06521739130434782,0.007369196757553427,1.7067059690493736,5323.0,5.4167365420090485,-7.727566171723687
New Orleans,"New Orleans, LA",2017-04-01,5748,12602,3.965901183020181,3158,1.8201393286890437,0.37324981577008104,0.5541635961680177,0.06521739130434782,0.007369196757553427,1.7067059690493736,5519.666666666667,12.15609756097562,-14.522146103235434
New Orleans,"New Orleans, LA",2017-05-01,6215,12873,4.010458567980692,3158,1.968017732742242,0.37324981577008104,0.5541635961680177,0.06521739130434782,0.007369196757553427,1.7067059690493736,6083.0,10.3515625,-16.06025039123631
New Orleans,"New Orleans, LA",2017-06-01,5321,11203,4.0024431497838755,3158,1.6849271690943635,0.37324981577008104,0.5541635961680177,0.06521739130434782,0.007369196757553427,1.7067059690493736,5761.333333333333,6.377449020391834,-2.9875303082784854
New Orleans,"New Orleans, LA",2017-07-01,5406,11442,4.0062893081761,3158,1.7118429385687144,0.37324981577008104,0.5541635961680177,0.06521739130434782,0.007369196757553427,1.7067059690493736,5647.333333333333,2.541729893778455,-4.689712619741771
New Orleans,"New Orleans, LA",2017-08-01,4537,9052,4.048490191756668,3158,1.4366687777074099,0.37324981577008104,0.5541635961680177,0.06521739130434782,0.007369196757553427,1.7067059690493736,5088.0,14.94806181910311,-10.028824172547457
New Orleans,"New Orleans, LA",2017-09-01,4420,9306,3.9717194570135748,3158,1.3996200126662444,0.37324981577008104,0.5541635961680177,0.06521739130434782,0.007369196757553427,1.7067059690493736,4787.666666666667,6.198942815953878,-16.977428851815503
New Orleans,"New Orleans, LA",2017-10-01,4942,10223,4.039255362201538,3158,1.564914502849905,0.37324981577008104,0.5541635961680177,0.06521739130434782,0.007369196757553427,1.7067059690493736,4633.0,11.532385466034745,-26.753600343913455
New Orleans,"New Orleans, LA",2017-11-01,4811,9537,4.050924963625026,3158,1.5234325522482584,0.37324981577008104,0.5541635961680177,0.06521739130434782,0.007369196757553427,1.7067059690493736,4724.333333333333,8.575942225231326,-13.276348094934987
New Orleans,"New Orleans, LA",2017-12-01,5164,11063,3.8849728892331528,3158,1.6352121595946802,0.37324981577008104,0.5541635961680177,0.06521739130434782,0.007369196757553427,1.7067059690493736,4972.333333333333,16.071027197122945,-9.08866792669899
New Orleans,"New Orleans, LA",2018-01-01,5730,10267,4.05130890052356,3158,1.8144395186827105,0.37324981577008104,0.5541635961680177,0.06521739130434782,0.007369196757553427,1.7067059690493736,5235.0,11.089569600620397,-9.78031634446397
New Orleans,"New Orleans, LA",2018-02-01,5498,11783,3.962168061113132,3158,1.740975300823306,0.37324981577008104,0.5541635961680177,0.06521739130434782,0.007369196757553427,1.7067059690493736,5464.0,21.502762430939228,-6.728409720573103
New Orleans,"New Orleans, LA",2018-03-01,7399,13350,3.920664954723611,3158,2.3429385687143762,0.37324981577008104,0.5541635961680177,0.06521739130434782,0.007369196757553427,1.7067059690493736,6209.0,17.70601336302895,-6.597635206044917
New Orleans,"New Orleans, LA",2018-04-01,6973,11342,3.977627993689947,3158,2.208043065231159,0.37324981577008104,0.5541635961680177,0.06521739130434782,0.007369196757553427,1.7067059690493736,6623.333333333333,21.31176061238691,-9.998412950325342
New Orleans,"New Orleans, LA",2018-05-01,7257,11996,3.9972440402370126,3158,2.297973400886637,0.37324981577008104,0.5541635961680177,0.06521739130434782,0.007369196757553427,1.7067059690493736,7209.666666666667,16.765888978278355,-6.812708770294417
New Orleans,"New Orleans, LA",2018-06-01,6749,9829,4.073344199140614,3158,2.1371120962634578,0.37324981577008104,0.5541635961680177,0.06521739130434782,0.007369196757553427,1.7067059690493736,6993.0,26.83706070287539,-12.264571989645635
New Orleans,"New Orleans, LA",2018-07-01,7313,10194,4.026664843429509,3158,2.3157061431285624,0.37324981577008104,0.5541635961680177,0.06521739130434782,0.007369196757553427,1.7067059690493736,7106.333333333333,35.27561968183499,-10.90718405873099
New Orleans,"New Orleans, LA",2018-08-01,5698,8479,4.088276588276588,3158,1.8043065231158961,0.37324981577008104,0.5541635961680177,0.06521739130434782,0.007369196757553427,1.7067059690493736,6586.666666666667,25.589596649768566,-6.330092797171893
New Orleans,"New Orleans, LA",2018-09-01,5433,8694,4.035155531014173,3158,1.7203926535782141,0.37324981577008104,0.5541635961680177,0.06521739130434782,0.007369196757553427,1.7067059690493736,6148.0,22.918552036199102,-6.576402321083174
New Orleans,"New Orleans, LA",2018-10-01,5919,9788,4.052542659232978,3158,1.8742875237492083,0.37324981577008104,0.5541635961680177,0.06521739130434782,0.007369196757553427,1.7067059690493736,5683.333333333333,19.769324160259004,-4.255111024161207
New Orleans,"New Orleans, LA",2018-11-01,5430,8207,4.030939226519337,3158,1.7194426852438252,0.37324981577008104,0.5541635961680177,0.06521739130434782,0.007369196757553427,1.7067059690493736,5594.0,12.866347952608614,-13.945685225962045
New Orleans,"New Orleans, LA",2018-12-01,6044,10661,3.9523494374586368,3158,1.9138695376820773,0.37324981577008104,0.5541635961680177,0.06521739130434782,0.007369196757553427,1.7067059690493736,5797.666666666667,17.041053446940357,-3.633734068516681
New Orleans,"New Orleans, LA",2019-01-01,6151,8579,4.037717444317997,3158,1.947751741608613,0.37324981577008104,0.5541635961680177,0.06521739130434782,0.007369196757553427,1.7067059690493736,5875.0,7.34729493891797,-16.44102464205708
New Orleans,"New Orleans, LA",2019-02-01,6064,9605,4.077506596306069,3158,1.9202026599113362,0.37324981577008104,0.5541635961680177,0.06521739130434782,0.007369196757553427,1.7067059690493736,6086.333333333333,10.294652600945797,-18.484256980395486
New Orleans,"New Orleans, LA",2019-03-01,8070,12123,3.9633209417596036,3158,2.5554148195060167,0.37324981577008104,0.5541635961680177,0.06521739130434782,0.007369196757553427,1.7067059690493736,6761.666666666667,9.068793080145966,-9.19101123595506
New Orleans,"New Orleans, LA",2019-04-01,6782,9134,4.051902093777647,3158,2.1475617479417353,0.37324981577008104,0.5541635961680177,0.06521739130434782,0.007369196757553427,1.7067059690493736,6972.0,-2.7391366700129094,-19.46746605536942
New Orleans,"New Orleans, LA",2019-05-01,6690,9325,3.9922272047832585,3158,2.118429385687144,0.37324981577008104,0.5541635961680177,0.06521739130434782,0.007369196757553427,1.7067059690493736,7180.666666666667,-7.813145928069454,-22.265755251750583
New Orleans,"New Orleans, LA",2019-06-01,6146,8289,4.085258704848682,3158,1.9461684610512984,0.37324981577008104,0.5541635961680177,0.06521739130434782,0.007369196757553427,1.7067059690493736,6539.333333333333,-8.93465698622018,-15.667921456913215
New Orleans,"New Orleans, LA",2019-07-01,5283,7025,4.075335983342797,3158,1.6728942368587714,0.37324981577008104,0.5541635961680177,0.06521739130434782,0.007369196757553427,1.7067059690493736,6039.666666666667,-27.75878572405306,-31.086913870904453
New Orleans,"New Orleans, LA",2019-08-01,5734,7844,4.060690617370073,3158,1.8157061431285624,0.37324981577008104,0.5541635961680177,0.06521739130434782,0.007369196757553427,1.7067059690493736,5721.0,0.6318006318006386,-7.489090694657385
New Orleans,"New Orleans, LA",2019-09-01,5292,7526,4.048374905517763,3158,1.6757441418619379,0.37324981577008104,0.5541635961680177,0.06521739130434782,0.007369196757553427,1.7067059690493736,5436.333333333333,-2.5952512424075147,-13.434552564987346
New Orleans,"New Orleans, LA",2019-10-01,5561,7951,4.016903434634059,3158,1.7609246358454718,0.37324981577008104,0.5541635961680177,0.06521739130434782,0.007369196757553427,1.7067059690493736,5529.0,-6.048318972799461,-18.767879035553737
New Orleans,"New Orleans, LA",2019-11-01,4970,7729,4.020120724346077,3158,1.5737808739708676,0.37324981577008104,0.5541635961680177,0.06521739130434782,0.007369196757553427,1.7067059690493736,5274.333333333333,-8.47145488029466,-5.82429633239917
New Orleans,"New Orleans, LA",2019-12-01,5327,8515,3.9541956072836495,3158,1.6868271057631412,0.37324981577008104,0.5541635961680177,0.06521739130434782,0.007369196757553427,1.7067059690493736,5286.0,-11.863004632693585,-20.12944376700122
New Orleans,"New Orleans, LA",2020-01-01,5747,7519,4.055159213502697,3158,1.8198226725775808,0.37324981577008104,0.5541635961680177,0.06521739130434782,0.007369196757553427,1.7067059690493736,5348.0,-6.568037717444319,-12.35575241869682
New Orleans,"New Orleans, LA",2020-02-01,5663,8880,4.061451527458944,3158,1.7932235592146928,0.37324981577008104,0.5541635961680177,0.06521739130434782,0.007369196757553427,1.7067059690493736,5579.0,-6.612796833773082,-7.548152004164499
New Orleans,"New Orleans, LA",2020-03-01,3468,4003,4.082468281430219,3158,1.098163394553515,0.37324981577008104,0.5541635961680177,0.06521739130434782,0.007369196757553427,1.7067059690493736,4959.333333333333,-57.026022304832715,-66.98012043223625
New Orleans,"New Orleans, LA",2020-04-01,699,422,4.002861230329041,3158,0.22134262191260293,0.37324981577008104,0.5541635961680177,0.06521739130434782,0.007369196757553427,1.7067059690493736,3276.6666666666665,-89.69330580949573,-95.37989927742501
New Orleans,"New Orleans, LA",2020-05-01,948,718,4.113924050632911,3158,0.30018999366687776,0.37324981577008104,0.5541635961680177,0.06521739130434782,0.007369196757553427,1.7067059690493736,1705.0,-85.82959641255606,-92.30026809651474
New Orleans,"New Orleans, LA",2020-06-01,1307,1312,4.091048201989288,3158,0.41386953768207724,0.37324981577008104,0.5541635961680177,0.06521739130434782,0.007369196757553427,1.7067059690493736,984.6666666666666,-78.73413602342987,-84.17179394378091
New Orleans,"New Orleans, LA",2020-07-01,1608,1437,4.120646766169155,3158,0.5091830272324256,0.37324981577008104,0.5541635961680177,0.06521739130434782,0.007369196757553427,1.7067059690493736,1287.6666666666667,-69.56274843838727,-79.54448398576513
New Orleans,"New Orleans, LA",2020-08-01,1859,1481,4.129639591178052,3158,0.5886637112096264,0.37324981577008104,0.5541635961680177,0.06521739130434782,0.007369196757553427,1.7067059690493736,1591.3333333333333,-67.57935123822811,-81.11932687404385
New Orleans,"New Orleans, LA",2020-09-01,1848,1657,4.125541125541125,3158,0.5851804939835339,0.37324981577008104,0.5541635961680177,0.06521739130434782,0.007369196757553427,1.7067059690493736,1771.6666666666667,-65.07936507936508,-77.98299229338294
New Orleans,"New Orleans, LA",2020-10-01,2113,2144,4.126833885470894,3158,0.669094363521216,0.37324981577008104,0.5541635961680177,0.06521739130434782,0.007369196757553427,1.7067059690493736,1940.0,-62.00323682790865,-73.03483838510878
New Orleans,"New Orleans, LA",2020-11-01,2098,1909,4.129647283126787,3158,0.6643445218492717,0.37324981577008104,0.5541635961680177,0.06521739130434782,0.007369196757553427,1.7067059690493736,2019.6666666666667,-57.7867203219316,-75.30081511191617
New Orleans,"New Orleans, LA",2020-12-01,2003,1926,4.18572141787319,3158,0.6342621912602914,0.37324981577008104,0.5541635961680177,0.06521739130434782,0.007369196757553427,1.7067059690493736,2071.3333333333335,-62.399098929979345,-77.3810921902525
New Orleans,"New Orleans, LA",2021-01-01,2207,1947,4.144993203443589,3158,0.6988600379987334,0.37324981577008104,0.5541635961680177,0.06521739130434782,0.007369196757553427,1.7067059690493736,2102.6666666666665,-61.597355141813125,-74.10559914882298
New Orleans,"New Orleans, LA",2021-02-01,2336,2106,4.1596746575342465,3158,0.7397086763774541,0.37324981577008104,0.5541635961680177,0.06521739130434782,0.007369196757553427,1.7067059690493736,2182.0,-58.74977926893872,-76.28378378378379
New Orleans,"New Orleans, LA",2021-03-01,3363,3073,4.011299435028248,3158,1.064914502849905,0.37324981577008104,0.5541635961680177,0.06521739130434782,0.007369196757553427,1.7067059690493736,2635.3333333333335,-3.0276816608996504,-23.232575568323753
New Orleans,"New Orleans, LA",2021-04-01,3398,3222,3.9676280164802824,3158,1.0759974667511083,0.37324981577008104,0.5541635961680177,0.06521739130434782,0.007369196757553427,1.7067059690493736,3032.3333333333335,386.12303290414883,663.5071090047394
New Orleans,"New Orleans, LA",2021-05-01,3819,4244,3.9557475778999738,3158,1.2093096896770108,0.37324981577008104,0.5541635961680177,0.06521739130434782,0.007369196757553427,1.7067059690493736,3526.6666666666665,302.8481012658228,491.0863509749303
New Orleans,"New Orleans, LA",2021-06-01,4089,3476,4.0452433357789195,3158,1.2948068397720076,0.37324981577008104,0.5541635961680177,0.06521739130434782,0.007369196757553427,1.7067059690493736,3768.6666666666665,212.85386381025248,164.9390243902439
New Orleans,"New Orleans, LA",2021-07-01,3903,3952,3.9923136049192927,3158,1.2359088030398986,0.37324981577008104,0.5541635961680177,0.06521739130434782,0.007369196757553427,1.7067059690493736,3937.0,142.72388059701493,175.01739735560196
New Orleans,"New Orleans, LA",2021-08-01,2941,2699,4.051003060183611,3158,0.9312856238125395,0.37324981577008104,0.5541635961680177,0.06521739130434782,0.007369196757553427,1.7067059690493736,3644.3333333333335,58.20333512641205,82.24172856178258
New Orleans,"New Orleans, LA",2021-09-01,1090,888,4.110091743119266,3158,0.34515516149461684,0.37324981577008104,0.5541635961680177,0.06521739130434782,0.007369196757553427,1.7067059690493736,2644.6666666666665,-41.01731601731602,-46.40917320458661
New Orleans,"New Orleans, LA",2021-10-01,2503,3215,4.003995205753096,3158,0.792590246991767,0.37324981577008104,0.5541635961680177,0.06521739130434782,0.007369196757553427,1.7067059690493736,2178.0,18.457169900615234,49.95335820895524
New Orleans,"New Orleans, LA",2021-11-01,2905,2921,4.047848537005163,3158,0.9198860037998733,0.37324981577008104,0.5541635961680177,0.06521739130434782,0.007369196757553427,1.7067059690493736,2166.0,38.465204957101996,53.012048192771076
New Orleans,"New Orleans, LA",2021-12-01,3071,3149,4.02442201237382,3158,0.9724509183027232,0.37324981577008104,0.5541635961680177,0.06521739130434782,0.007369196757553427,1.7067059690493736,2826.3333333333335,53.32001997004494,63.499480789200426
New Orleans,"New Orleans, LA",2022-01-01,1841,1696,4.0456273764258555,3158,0.5829639012032932,0.37324981577008104,0.5541635961680177,0.06521739130434782,0.007369196757553427,1.7067059690493736,2605.6666666666665,-16.583597643860447,-12.89162814586543
Philadelphia,"Philadelphia, PA",2005-02-01,1,0,5.0,7457,0.00013410218586562962,0.43807704552690224,0.5,0.05507800063673989,0.0068449538363578475,1.6306908627825534,,,
Philadelphia,"Philadelphia, PA",2005-05-01,5,0,4.8,7457,0.0006705109293281481,0.43807704552690224,0.5,0.05507800063673989,0.0068449538363578475,1.6306908627825534,,,
Philadelphia,"Philadelphia, PA",2005-06-01,9,0,3.3333333333333335,7457,0.0012069196727906666,0.43807704552690224,0.5,0.05507800063673989,0.0068449538363578475,1.6306908627825534,5.0,,
Philadelphia,"Philadelphia, PA",2005-07-01,14,0,3.4285714285714284,7457,0.0018774306021188145,0.43807704552690224,0.5,0.05507800063673989,0.0068449538363578475,1.6306908627825534,9.333333333333334,,
Philadelphia,"Philadelphia, PA",2005-08-01,17,0,4.235294117647059,7457,0.0022797371597157033,0.43807704552690224,0.5,0.05507800063673989,0.0068449538363578475,1.6306908627825534,13.333333333333334,,
Philadelphia,"Philadelphia, PA",2005-09-01,25,0,3.88,7457,0.0033525546466407403,0.43807704552690224,0.5,0.05507800063673989,0.0068449538363578475,1.6306908627825534,18.666666666666668,,
Philadelphia,"Philadelphia, PA",2005-10-01,5,0,3.8,7457,0.0006705109293281481,0.43807704552690224,0.5,0.05507800063673989,0.0068449538363578475,1.6306908627825534,15.666666666666666,,
Philadelphia,"Philadelphia, PA",2005-11-01,7,0,4.0,7457,0.0009387153010594072,0.43807704552690224,0.5,0.05507800063673989,0.0068449538363578475,1.6306908627825534,12.333333333333334,,
Philadelphia,"Philadelphia, PA",2005-12-01,23,0,4.130434782608695,7457,0.003084350274909481,0.43807704552690224,0.5,0.05507800063673989,0.0068449538363578475,1.6306908627825534,11.666666666666666,,
Philadelphia,"Philadelphia, PA",2006-01-01,40,0,4.1,7457,0.005364087434625185,0.43807704552690224,0.5,0.05507800063673989,0.0068449538363578475,1.6306908627825534,23.333333333333332,,
Philadelphia,"Philadelphia, PA",2006-02-01,23,0,4.173913043478261,7457,0.003084350274909481,0.43807704552690224,0.5,0.05507800063673989,0.0068449538363578475,1.6306908627825534,28.666666666666668,,
Philadelphia,"Philadelphia, PA",2006-03-01,20,0,4.3,7457,0.0026820437173125924,0.43807704552690224,0.5,0.05507800063673989,0.0068449538363578475,1.6306908627825534,27.666666666666668,,
Philadelphia,"Philadelphia, PA",2006-04-01,51,0,3.8823529411764706,7457,0.00683921147914711,0.43807704552690224,0.5,0.05507800063673989,0.0068449538363578475,1.6306908627825534,31.333333333333332,5000.0,
Philadelphia,"Philadelphia, PA",2006-05-01,67,0,4.0,7457,0.008984846452997184,0.43807704552690224,0.5,0.05507800063673989,0.0068449538363578475,1.6306908627825534,46.0,1240.0,
Philadelphia,"Philadelphia, PA",2006-06-01,48,0,4.229166666666667,7457,0.006436904921550221,0.43807704552690224,0.5,0.05507800063673989,0.0068449538363578475,1.6306908627825534,55.333333333333336,433.3333333333333,
Philadelphia,"Philadelphia, PA",2006-07-01,120,0,4.025,7457,0.016092262303875553,0.43807704552690224,0.5,0.05507800063673989,0.0068449538363578475,1.6306908627825534,78.33333333333333,757.1428571428571,
Philadelphia,"Philadelphia, PA",2006-08-01,103,0,3.9805825242718447,7457,0.01381252514415985,0.43807704552690224,0.5,0.05507800063673989,0.0068449538363578475,1.6306908627825534,90.33333333333333,505.88235294117646,
Philadelphia,"Philadelphia, PA",2006-09-01,127,0,3.9763779527559056,7457,0.01703097760493496,0.43807704552690224,0.5,0.05507800063673989,0.0068449538363578475,1.6306908627825534,116.66666666666667,408.0,
Philadelphia,"Philadelphia, PA",2006-10-01,111,0,3.774774774774775,7457,0.014885342631084887,0.43807704552690224,0.5,0.05507800063673989,0.0068449538363578475,1.6306908627825534,113.66666666666667,2120.0,
Philadelphia,"Philadelphia, PA",2006-11-01,95,0,3.863157894736842,7457,0.012739707657234813,0.43807704552690224,0.5,0.05507800063673989,0.0068449538363578475,1.6306908627825534,111.0,1257.142857142857,
Philadelphia,"Philadelphia, PA",2006-12-01,59,0,4.135593220338983,7457,0.007912028966072147,0.43807704552690224,0.5,0.05507800063673989,0.0068449538363578475,1.6306908627825534,88.33333333333333,156.52173913043475,
Philadelphia,"Philadelphia, PA",2007-01-01,233,0,3.8068669527896994,7457,0.0312458093066917,0.43807704552690224,0.5,0.05507800063673989,0.0068449538363578475,1.6306908627825534,129.0,482.5,
Philadelphia,"Philadelphia, PA",2007-02-01,702,0,3.584045584045584,7457,0.09413973447767199,0.43807704552690224,0.5,0.05507800063673989,0.0068449538363578475,1.6306908627825534,331.3333333333333,2952.173913043478,
Philadelphia,"Philadelphia, PA",2007-03-01,440,0,3.6136363636363638,7457,0.05900496178087703,0.43807704552690224,0.5,0.05507800063673989,0.0068449538363578475,1.6306908627825534,458.3333333333333,2100.0,
Philadelphia,"Philadelphia, PA",2007-04-01,253,0,3.6482213438735176,7457,0.03392785302400429,0.43807704552690224,0.5,0.05507800063673989,0.0068449538363578475,1.6306908627825534,465.0,396.07843137254906,
Philadelphia,"Philadelphia, PA",2007-05-01,218,0,3.9403669724770642,7457,0.029234276518707254,0.43807704552690224,0.5,0.05507800063673989,0.0068449538363578475,1.6306908627825534,303.6666666666667,225.37313432835822,
Philadelphia,"Philadelphia, PA",2007-06-01,320,0,3.890625,7457,0.04291269947700148,0.43807704552690224,0.5,0.05507800063673989,0.0068449538363578475,1.6306908627825534,263.6666666666667,566.6666666666667,
Philadelphia,"Philadelphia, PA",2007-07-01,561,0,3.8306595365418894,7457,0.07523132627061821,0.43807704552690224,0.5,0.05507800063673989,0.0068449538363578475,1.6306908627825534,366.3333333333333,367.5,
Philadelphia,"Philadelphia, PA",2007-08-01,523,0,3.88527724665392,7457,0.07013544320772429,0.43807704552690224,0.5,0.05507800063673989,0.0068449538363578475,1.6306908627825534,468.0,407.7669902912621,
Philadelphia,"Philadelphia, PA",2007-09-01,421,0,3.776722090261283,7457,0.056457020249430064,0.43807704552690224,0.5,0.05507800063673989,0.0068449538363578475,1.6306908627825534,501.6666666666667,231.49606299212599,
Philadelphia,"Philadelphia, PA",2007-10-01,431,0,3.9048723897911835,7457,0.05779804210808636,0.43807704552690224,0.5,0.05507800063673989,0.0068449538363578475,1.6306908627825534,458.3333333333333,288.2882882882883,
Philadelphia,"Philadelphia, PA",2007-11-01,355,0,3.780281690140845,7457,0.04760627598229851,0.43807704552690224,0.5,0.05507800063673989,0.0068449538363578475,1.6306908627825534,402.3333333333333,273.6842105263158,
Philadelphia,"Philadelphia, PA",2007-12-01,303,0,3.7095709570957096,7457,0.04063296231728577,0.43807704552690224,0.5,0.05507800063673989,0.0068449538363578475,1.6306908627825534,363.0,413.5593220338983,
Philadelphia,"Philadelphia, PA",2008-01-01,624,0,3.858974358974359,7457,0.08367976398015288,0.43807704552690224,0.5,0.05507800063673989,0.0068449538363578475,1.6306908627825534,427.3333333333333,167.81115879828326,
Philadelphia,"Philadelphia, PA",2008-02-01,657,0,3.7686453576864536,7457,0.08810513611371866,0.43807704552690224,0.5,0.05507800063673989,0.0068449538363578475,1.6306908627825534,528.0,-6.41025641025641,
Philadelphia,"Philadelphia, PA",2008-03-01,784,0,3.8252551020408165,7457,0.10513611371865361,0.43807704552690224,0.5,0.05507800063673989,0.0068449538363578475,1.6306908627825534,688.3333333333334,78.18181818181817,
Philadelphia,"Philadelphia, PA",2008-04-01,916,0,3.6921397379912664,7457,0.12283760225291672,0.43807704552690224,0.5,0.05507800063673989,0.0068449538363578475,1.6306908627825534,785.6666666666666,262.05533596837944,
Philadelphia,"Philadelphia, PA",2008-05-01,915,0,3.7967213114754097,7457,0.1227035000670511,0.43807704552690224,0.5,0.05507800063673989,0.0068449538363578475,1.6306908627825534,871.6666666666666,319.72477064220186,
Philadelphia,"Philadelphia, PA",2008-06-01,1090,0,3.7247706422018347,7457,0.14617138259353626,0.43807704552690224,0.5,0.05507800063673989,0.0068449538363578475,1.6306908627825534,973.6666666666666,240.625,
Philadelphia,"Philadelphia, PA",2008-07-01,1681,0,3.643664485425342,7457,0.22542577444012338,0.43807704552690224,0.5,0.05507800063673989,0.0068449538363578475,1.6306908627825534,1228.6666666666667,199.64349376114083,
Philadelphia,"Philadelphia, PA",2008-08-01,1253,0,3.6376695929768554,7457,0.16803003888963391,0.43807704552690224,0.5,0.05507800063673989,0.0068449538363578475,1.6306908627825534,1341.3333333333333,139.5793499043977,
Philadelphia,"Philadelphia, PA",2008-09-01,1199,0,3.604670558798999,7457,0.16078852085288992,0.43807704552690224,0.5,0.05507800063673989,0.0068449538363578475,1.6306908627825534,1377.6666666666667,184.79809976247031,
Philadelphia,"Philadelphia, PA",2008-10-01,1060,0,3.650943396226415,7457,0.1421483170175674,0.43807704552690224,0.5,0.05507800063673989,0.0068449538363578475,1.6306908627825534,1170.6666666666667,145.93967517401393,
Philadelphia,"Philadelphia, PA",2008-11-01,1223,0,3.6933769419460343,7457,0.164006973313665,0.43807704552690224,0.5,0.05507800063673989,0.0068449538363578475,1.6306908627825534,1160.6666666666667,244.50704225352112,
Philadelphia,"Philadelphia, PA",2008-12-01,1133,0,3.7078552515445717,7457,0.15193777658575836,0.43807704552690224,0.5,0.05507800063673989,0.0068449538363578475,1.6306908627825534,1138.6666666666667,273.92739273927396,
Philadelphia,"Philadelphia, PA",2009-01-01,1525,0,3.700983606557377,7457,0.20450583344508516,0.43807704552690224,0.5,0.05507800063673989,0.0068449538363578475,1.6306908627825534,1293.6666666666667,144.39102564102564,
Philadelphia,"Philadelphia, PA",2009-02-01,1596,0,3.6954887218045114,7457,0.21402708864154485,0.43807704552690224,0.5,0.05507800063673989,0.0068449538363578475,1.6306908627825534,1418.0,142.92237442922377,
Philadelphia,"Philadelphia, PA",2009-03-01,1767,0,3.727787209960385,7457,0.23695856242456753,0.43807704552690224,0.5,0.05507800063673989,0.0068449538363578475,1.6306908627825534,1629.3333333333333,125.38265306122449,
Philadelphia,"Philadelphia, PA",2009-04-01,1391,0,3.691588785046729,7457,0.1865361405390908,0.43807704552690224,0.5,0.05507800063673989,0.0068449538363578475,1.6306908627825534,1584.6666666666667,51.85589519650655,
Philadelphia,"Philadelphia, PA",2009-05-01,1619,0,3.6466954910438543,7457,0.21711143891645435,0.43807704552690224,0.5,0.05507800063673989,0.0068449538363578475,1.6306908627825534,1592.3333333333333,76.93989071038251,
Philadelphia,"Philadelphia, PA",2009-06-01,1795,0,3.72033426183844,7457,0.24071342362880516,0.43807704552690224,0.5,0.05507800063673989,0.0068449538363578475,1.6306908627825534,1601.6666666666667,64.6788990825688,
Philadelphia,"Philadelphia, PA",2009-07-01,1913,0,3.63617354939885,7457,0.25653748156094947,0.43807704552690224,0.5,0.05507800063673989,0.0068449538363578475,1.6306908627825534,1775.6666666666667,13.80130874479477,
Philadelphia,"Philadelphia, PA",2009-08-01,2282,0,3.689307624890447,7457,0.3060211881453668,0.43807704552690224,0.5,0.05507800063673989,0.0068449538363578475,1.6306908627825534,1996.6666666666667,82.12290502793296,
Philadelphia,"Philadelphia, PA",2009-09-01,1819,0,3.6959868059373284,7457,0.24393187608958025,0.43807704552690224,0.5,0.05507800063673989,0.0068449538363578475,1.6306908627825534,2004.6666666666667,51.709758131776475,
Philadelphia,"Philadelphia, PA",2009-10-01,1887,0,3.6862745098039214,7457,0.2530508247284431,0.43807704552690224,0.5,0.05507800063673989,0.0068449538363578475,1.6306908627825534,1996.0,78.01886792452831,
Philadelphia,"Philadelphia, PA",2009-11-01,1940,0,3.734536082474227,7457,0.26015824057932146,0.43807704552690224,0.5,0.05507800063673989,0.0068449538363578475,1.6306908627825534,1882.0,58.62632869991824,
Philadelphia,"Philadelphia, PA",2009-12-01,1686,0,3.6868327402135233,7457,0.22609628536945153,0.43807704552690224,0.5,0.05507800063673989,0.0068449538363578475,1.6306908627825534,1837.6666666666667,48.80847308031775,
Philadelphia,"Philadelphia, PA",2010-01-01,2954,398,3.6787406905890316,7457,0.3961378570470699,0.43807704552690224,0.5,0.05507800063673989,0.0068449538363578475,1.6306908627825534,2193.3333333333335,93.70491803278689,inf
Philadelphia,"Philadelphia, PA",2010-02-01,2468,783,3.693679092382496,7457,0.3309641947163739,0.43807704552690224,0.5,0.05507800063673989,0.0068449538363578475,1.6306908627825534,2369.3333333333335,54.63659147869675,inf
Philadelphia,"Philadelphia, PA",2010-03-01,2640,1138,3.713636363636364,7457,0.35402977068526215,0.43807704552690224,0.5,0.05507800063673989,0.0068449538363578475,1.6306908627825534,2687.3333333333335,49.40577249575553,inf
Philadelphia,"Philadelphia, PA",2010-04-01,2322,1181,3.686477174849268,7457,0.31138527557999196,0.43807704552690224,0.5,0.05507800063673989,0.0068449538363578475,1.6306908627825534,2476.6666666666665,66.93026599568657,inf
Philadelphia,"Philadelphia, PA",2010-05-01,2693,1424,3.701076865948756,7457,0.3611371865361405,0.43807704552690224,0.5,0.05507800063673989,0.0068449538363578475,1.6306908627825534,2551.6666666666665,66.33724521309449,inf
Philadelphia,"Philadelphia, PA",2010-06-01,2414,1581,3.6772990886495442,7457,0.3237226766796299,0.43807704552690224,0.5,0.05507800063673989,0.0068449538363578475,1.6306908627825534,2476.3333333333335,34.48467966573816,inf
Philadelphia,"Philadelphia, PA",2010-07-01,2918,3333,3.733721727210418,7457,0.3913101783559072,0.43807704552690224,0.5,0.05507800063673989,0.0068449538363578475,1.6306908627825534,2675.0,52.535284892838476,inf
Philadelphia,"Philadelphia, PA",2010-08-01,3144,4125,3.7013358778625953,7457,0.4216172723615395,0.43807704552690224,0.5,0.05507800063673989,0.0068449538363578475,1.6306908627825534,2825.3333333333335,37.773882559158636,inf
Philadelphia,"Philadelphia, PA",2010-09-01,2928,4588,3.6950136612021858,7457,0.3926512002145635,0.43807704552690224,0.5,0.05507800063673989,0.0068449538363578475,1.6306908627825534,2996.6666666666665,60.96756459593182,inf
Philadelphia,"Philadelphia, PA",2010-10-01,2887,4783,3.6546588153792863,7457,0.3871530105940727,0.43807704552690224,0.5,0.05507800063673989,0.0068449538363578475,1.6306908627825534,2986.3333333333335,52.994170641229466,inf
Philadelphia,"Philadelphia, PA",2010-11-01,2759,4618,3.761870242841609,7457,0.3699879308032721,0.43807704552690224,0.5,0.05507800063673989,0.0068449538363578475,1.6306908627825534,2858.0,42.21649484536083,inf
Philadelphia,"Philadelphia, PA",2010-12-01,2589,4794,3.742371572035535,7457,0.3471905592061151,0.43807704552690224,0.5,0.05507800063673989,0.0068449538363578475,1.6306908627825534,2745.0,53.558718861209975,inf
Philadelphia,"Philadelphia, PA",2011-01-01,3688,6006,3.7239696312364425,7457,0.494568861472442,0.43807704552690224,0.5,0.05507800063673989,0.0068449538363578475,1.6306908627825534,3012.0,24.84766418415707,1409.0452261306532
Philadelphia,"Philadelphia, PA",2011-02-01,3319,6835,3.7369689665561916,7457,0.4450851548880247,0.43807704552690224,0.5,0.05507800063673989,0.0068449538363578475,1.6306908627825534,3198.6666666666665,34.481361426256086,772.9246487867177
Philadelphia,"Philadelphia, PA",2011-03-01,4093,9495,3.751771316882482,7457,0.5488802467480219,0.43807704552690224,0.5,0.05507800063673989,0.0068449538363578475,1.6306908627825534,3700.0,55.03787878787878,734.3585237258347
Philadelphia,"Philadelphia, PA",2011-04-01,3800,10285,3.705,7457,0.5095883062893926,0.43807704552690224,0.5,0.05507800063673989,0.0068449538363578475,1.6306908627825534,3737.3333333333335,63.65202411714039,770.8721422523284
Philadelphia,"Philadelphia, PA",2011-05-01,3760,10427,3.6976063829787233,7457,0.5042242188547673,0.43807704552690224,0.5,0.05507800063673989,0.0068449538363578475,1.6306908627825534,3884.3333333333335,39.62124025250651,632.2331460674158
Philadelphia,"Philadelphia, PA",2011-06-01,3757,10285,3.7167953154112325,7457,0.5038219122971704,0.43807704552690224,0.5,0.05507800063673989,0.0068449538363578475,1.6306908627825534,3772.3333333333335,55.6338028169014,550.5376344086022
Philadelphia,"Philadelphia, PA",2011-07-01,3893,10764,3.71230413562805,7457,0.5220598095748961,0.43807704552690224,0.5,0.05507800063673989,0.0068449538363578475,1.6306908627825534,3803.3333333333335,33.41329677861549,222.95229522952295
Philadelphia,"Philadelphia, PA",2011-08-01,3828,9958,3.7045454545454546,7457,0.5133431674936302,0.43807704552690224,0.5,0.05507800063673989,0.0068449538363578475,1.6306908627825534,3826.0,21.755725190839705,141.40606060606063
Philadelphia,"Philadelphia, PA",2011-09-01,3317,9648,3.673198673500151,7457,0.44481695051629344,0.43807704552690224,0.5,0.05507800063673989,0.0068449538363578475,1.6306908627825534,3679.3333333333335,13.285519125683054,110.2877070619006
Philadelphia,"Philadelphia, PA",2011-10-01,3340,10711,3.689520958083832,7457,0.4479013007912029,0.43807704552690224,0.5,0.05507800063673989,0.0068449538363578475,1.6306908627825534,3495.0,15.691028749567026,123.93895044950867
Philadelphia,"Philadelphia, PA",2011-11-01,3479,10075,3.6749065823512503,7457,0.46654150462652544,0.43807704552690224,0.5,0.05507800063673989,0.0068449538363578475,1.6306908627825534,3378.6666666666665,26.096411743385282,118.16803811173666
Philadelphia,"Philadelphia, PA",2011-12-01,3287,9768,3.7170672345603895,7457,0.4407938849403245,0.43807704552690224,0.5,0.05507800063673989,0.0068449538363578475,1.6306908627825534,3368.6666666666665,26.960216299729623,103.7546933667084
Philadelphia,"Philadelphia, PA",2012-01-01,4365,10624,3.7310423825887744,7457,0.5853560413034733,0.43807704552690224,0.5,0.05507800063673989,0.0068449538363578475,1.6306908627825534,3710.3333333333335,18.35683297180044,76.8897768897769
Philadelphia,"Philadelphia, PA",2012-02-01,4353,11419,3.7247875028715827,7457,0.5837468150730857,0.43807704552690224,0.5,0.05507800063673989,0.0068449538363578475,1.6306908627825534,4001.6666666666665,31.153962036758067,67.06656912948061
Philadelphia,"Philadelphia, PA",2012-03-01,4224,13186,3.7050189393939394,7457,0.5664476330964194,0.43807704552690224,0.5,0.05507800063673989,0.0068449538363578475,1.6306908627825534,4314.0,3.2005863669679835,38.87309110057926
Philadelphia,"Philadelphia, PA",2012-04-01,4141,13219,3.7418497947355713,7457,0.5553171516695722,0.43807704552690224,0.5,0.05507800063673989,0.0068449538363578475,1.6306908627825534,4239.333333333333,8.973684210526311,28.52698104035003
Philadelphia,"Philadelphia, PA",2012-05-01,3893,13844,3.674030310814282,7457,0.5220598095748961,0.43807704552690224,0.5,0.05507800063673989,0.0068449538363578475,1.6306908627825534,4086.0,3.5372340425531945,32.770691474057735
Philadelphia,"Philadelphia, PA",2012-06-01,3998,13949,3.7151075537768885,7457,0.5361405390907872,0.43807704552690224,0.5,0.05507800063673989,0.0068449538363578475,1.6306908627825534,4010.6666666666665,6.414692573862113,35.62469615945552
Philadelphia,"Philadelphia, PA",2012-07-01,4356,13042,3.71900826446281,7457,0.5841491216306826,0.43807704552690224,0.5,0.05507800063673989,0.0068449538363578475,1.6306908627825534,4082.3333333333335,11.893141536090424,21.163136380527693
Philadelphia,"Philadelphia, PA",2012-08-01,4384,13482,3.709169708029197,7457,0.5879039828349202,0.43807704552690224,0.5,0.05507800063673989,0.0068449538363578475,1.6306908627825534,4246.0,14.524555903866254,35.388632255473
Philadelphia,"Philadelphia, PA",2012-09-01,3985,13460,3.750564617314931,7457,0.5343972106745339,0.43807704552690224,0.5,0.05507800063673989,0.0068449538363578475,1.6306908627825534,4241.666666666667,20.1386795296955,39.510779436152575
Philadelphia,"Philadelphia, PA",2012-10-01,4031,12750,3.7179359960307616,7457,0.5405659112243529,0.43807704552690224,0.5,0.05507800063673989,0.0068449538363578475,1.6306908627825534,4133.333333333333,20.688622754491014,19.036504528055275
Philadelphia,"Philadelphia, PA",2012-11-01,3681,12486,3.691388209725618,7457,0.49363014617138257,0.43807704552690224,0.5,0.05507800063673989,0.0068449538363578475,1.6306908627825534,3899.0,5.8062661684392,23.930521091811418
Philadelphia,"Philadelphia, PA",2012-12-01,3700,13340,3.658108108108108,7457,0.49617808770282956,0.43807704552690224,0.5,0.05507800063673989,0.0068449538363578475,1.6306908627825534,3804.0,12.564648615759054,36.56838656838657
Philadelphia,"Philadelphia, PA",2013-01-01,4793,14049,3.7684122678906737,7457,0.6427517768539627,0.43807704552690224,0.5,0.05507800063673989,0.0068449538363578475,1.6306908627825534,4058.0,9.805269186712495,32.23832831325302
Philadelphia,"Philadelphia, PA",2013-02-01,4462,13836,3.7064096817570595,7457,0.5983639533324393,0.43807704552690224,0.5,0.05507800063673989,0.0068449538363578475,1.6306908627825534,4318.333333333333,2.504020215943026,21.166476924424217
Philadelphia,"Philadelphia, PA",2013-03-01,4813,17191,3.7353002285476835,7457,0.6454338205712753,0.43807704552690224,0.5,0.05507800063673989,0.0068449538363578475,1.6306908627825534,4689.333333333333,13.944128787878785,30.373123009252232
Philadelphia,"Philadelphia, PA",2013-04-01,4853,17189,3.7298578199052135,7457,0.6507979080059005,0.43807704552690224,0.5,0.05507800063673989,0.0068449538363578475,1.6306908627825534,4709.333333333333,17.193914513402554,30.03252893562296
Philadelphia,"Philadelphia, PA",2013-05-01,4672,17051,3.7292380136986303,7457,0.6265254123642215,0.43807704552690224,0.5,0.05507800063673989,0.0068449538363578475,1.6306908627825534,4779.333333333333,20.010274852299005,23.16527015313494
Philadelphia,"Philadelphia, PA",2013-06-01,4751,16718,3.7293201431277625,7457,0.6371194850476063,0.43807704552690224,0.5,0.05507800063673989,0.0068449538363578475,1.6306908627825534,4758.666666666667,18.834417208604304,19.850885368126757
Philadelphia,"Philadelphia, PA",2013-07-01,4930,16174,3.772210953346856,7457,0.6611237763175539,0.43807704552690224,0.5,0.05507800063673989,0.0068449538363578475,1.6306908627825534,4784.333333333333,13.177226813590458,24.014721668455753
Philadelphia,"Philadelphia, PA",2013-08-01,5291,17723,3.751086751086751,7457,0.7095346654150463,0.43807704552690224,0.5,0.05507800063673989,0.0068449538363578475,1.6306908627825534,4990.666666666667,20.688868613138677,31.45675715769174
Philadelphia,"Philadelphia, PA",2013-09-01,4926,16950,3.763296792529436,7457,0.6605873675740914,0.43807704552690224,0.5,0.05507800063673989,0.0068449538363578475,1.6306908627825534,5049.0,23.613550815558337,25.92867756315007
Philadelphia,"Philadelphia, PA",2013-10-01,4702,14654,3.7139515099957463,7457,0.6305484779401904,0.43807704552690224,0.5,0.05507800063673989,0.0068449538363578475,1.6306908627825534,4973.0,16.645993549987594,14.933333333333332
Philadelphia,"Philadelphia, PA",2013-11-01,4957,14062,3.775065563849102,7457,0.6647445353359259,0.43807704552690224,0.5,0.05507800063673989,0.0068449538363578475,1.6306908627825534,4861.666666666667,34.66449334419994,12.622136793208384
Philadelphia,"Philadelphia, PA",2013-12-01,4505,12617,3.760932297447281,7457,0.6041303473246614,0.43807704552690224,0.5,0.05507800063673989,0.0068449538363578475,1.6306908627825534,4721.333333333333,21.75675675675677,-5.4197901049475306
Philadelphia,"Philadelphia, PA",2014-01-01,5600,12737,3.8210714285714285,7457,0.7509722408475258,0.43807704552690224,0.5,0.05507800063673989,0.0068449538363578475,1.6306908627825534,5020.666666666667,16.837054037137488,-9.338742971029967
Philadelphia,"Philadelphia, PA",2014-02-01,4985,13115,3.7997993981945837,7457,0.6684993965401637,0.43807704552690224,0.5,0.05507800063673989,0.0068449538363578475,1.6306908627825534,5030.0,11.72120125504259,-5.211043654235326
Philadelphia,"Philadelphia, PA",2014-03-01,5933,16198,3.8371818641496716,7457,0.7956282687407805,0.43807704552690224,0.5,0.05507800063673989,0.0068449538363578475,1.6306908627825534,5506.0,23.270309578225646,-5.776278285149205
Philadelphia,"Philadelphia, PA",2014-04-01,5556,16112,3.7933765298776096,7457,0.7450717446694382,0.43807704552690224,0.5,0.05507800063673989,0.0068449538363578475,1.6306908627825534,5491.333333333333,14.485885019575528,-6.265634999127345
Philadelphia,"Philadelphia, PA",2014-05-01,5256,17288,3.7949010654490105,7457,0.7048410889097493,0.43807704552690224,0.5,0.05507800063673989,0.0068449538363578475,1.6306908627825534,5581.666666666667,12.5,1.389947803647873
Philadelphia,"Philadelphia, PA",2014-06-01,5450,16325,3.7774311926605506,7457,0.7308569129676814,0.43807704552690224,0.5,0.05507800063673989,0.0068449538363578475,1.6306908627825534,5420.666666666667,14.71269206482846,-2.3507596602464376
Philadelphia,"Philadelphia, PA",2014-07-01,6056,16319,3.7970607661822986,7457,0.8121228376022529,0.43807704552690224,0.5,0.05507800063673989,0.0068449538363578475,1.6306908627825534,5587.333333333333,22.839756592292094,0.8965005564486317
Philadelphia,"Philadelphia, PA",2014-08-01,6289,18318,3.7888376530449994,7457,0.8433686469089446,0.43807704552690224,0.5,0.05507800063673989,0.0068449538363578475,1.6306908627825534,5931.666666666667,18.86221886221886,3.357219432376013
Philadelphia,"Philadelphia, PA",2014-09-01,5625,16090,3.7381333333333333,7457,0.7543247954941665,0.43807704552690224,0.5,0.05507800063673989,0.0068449538363578475,1.6306908627825534,5990.0,14.190012180267964,-5.073746312684369
Philadelphia,"Philadelphia, PA",2014-10-01,5410,15562,3.7942698706099813,7457,0.7254928255330562,0.43807704552690224,0.5,0.05507800063673989,0.0068449538363578475,1.6306908627825534,5774.666666666667,15.057422373458106,6.196260406714882
Philadelphia,"Philadelphia, PA",2014-11-01,5180,14933,3.8123552123552122,7457,0.6946493227839614,0.43807704552690224,0.5,0.05507800063673989,0.0068449538363578475,1.6306908627825534,5405.0,4.498688723017952,6.193998008818102
Philadelphia,"Philadelphia, PA",2014-12-01,5243,13890,3.8092695021934007,7457,0.703097760493496,0.43807704552690224,0.5,0.05507800063673989,0.0068449538363578475,1.6306908627825534,5277.666666666667,16.38179800221975,10.089561702464934
Philadelphia,"Philadelphia, PA",2015-01-01,6633,14517,3.8062716719433136,7457,0.8894997988467213,0.43807704552690224,0.5,0.05507800063673989,0.0068449538363578475,1.6306908627825534,5685.333333333333,18.446428571428577,13.97503336735495
Philadelphia,"Philadelphia, PA",2015-02-01,6053,13672,3.7834131835453495,7457,0.811720531044656,0.43807704552690224,0.5,0.05507800063673989,0.0068449538363578475,1.6306908627825534,5976.333333333333,21.424272818455357,4.247045367899349
Philadelphia,"Philadelphia, PA",2015-03-01,6405,16013,3.8024980483996877,7457,0.8589245004693576,0.43807704552690224,0.5,0.05507800063673989,0.0068449538363578475,1.6306908627825534,6363.666666666667,7.955503118152696,-1.1421163106556387
Philadelphia,"Philadelphia, PA",2015-04-01,6257,16871,3.7903148473709445,7457,0.8390773769612445,0.43807704552690224,0.5,0.05507800063673989,0.0068449538363578475,1.6306908627825534,6238.333333333333,12.61699064074875,4.710774577954324
Philadelphia,"Philadelphia, PA",2015-05-01,6269,18075,3.8063486999521454,7457,0.840686603191632,0.43807704552690224,0.5,0.05507800063673989,0.0068449538363578475,1.6306908627825534,6310.333333333333,19.27321156773212,4.552290606200837
Philadelphia,"Philadelphia, PA",2015-06-01,6269,15472,3.7991705216142924,7457,0.840686603191632,0.43807704552690224,0.5,0.05507800063673989,0.0068449538363578475,1.6306908627825534,6265.0,15.027522935779825,-5.22511485451761
Philadelphia,"Philadelphia, PA",2015-07-01,6753,16152,3.8658374055975124,7457,0.9055920611505968,0.43807704552690224,0.5,0.05507800063673989,0.0068449538363578475,1.6306908627825534,6430.333333333333,11.509247027741075,-1.023347018812426
Philadelphia,"Philadelphia, PA",2015-08-01,7414,17147,3.845832209333693,7457,0.9942336060077779,0.43807704552690224,0.5,0.05507800063673989,0.0068449538363578475,1.6306908627825534,6812.0,17.88837653044999,-6.3926192815809575
Philadelphia,"Philadelphia, PA",2015-09-01,5497,14117,3.7778788430052757,7457,0.7371597157033659,0.43807704552690224,0.5,0.05507800063673989,0.0068449538363578475,1.6306908627825534,6554.666666666667,-2.275555555555553,-12.26227470478558
Philadelphia,"Philadelphia, PA",2015-10-01,5892,15346,3.795655125594026,7457,0.7901300791202897,0.43807704552690224,0.5,0.05507800063673989,0.0068449538363578475,1.6306908627825534,6267.666666666667,8.909426987061009,-1.3879964014908097
Philadelphia,"Philadelphia, PA",2015-11-01,5830,14016,3.8013722126929674,7457,0.7818157435966206,0.43807704552690224,0.5,0.05507800063673989,0.0068449538363578475,1.6306908627825534,5739.666666666667,12.548262548262556,-6.140762070581928
Philadelphia,"Philadelphia, PA",2015-12-01,5712,13429,3.8370098039215685,7457,0.7659916856644763,0.43807704552690224,0.5,0.05507800063673989,0.0068449538363578475,1.6306908627825534,5811.333333333333,8.945260347129501,-3.318934485241176
Philadelphia,"Philadelphia, PA",2016-01-01,6591,13471,3.8405401304809588,7457,0.8838675070403648,0.43807704552690224,0.5,0.05507800063673989,0.0068449538363578475,1.6306908627825534,6044.333333333333,-0.6331976481230184,-7.205345457050349
Philadelphia,"Philadelphia, PA",2016-02-01,6827,12792,3.829646989893072,7457,0.9155156229046534,0.43807704552690224,0.5,0.05507800063673989,0.0068449538363578475,1.6306908627825534,6376.666666666667,12.787047744919878,-6.4365125804564105
Philadelphia,"Philadelphia, PA",2016-03-01,6882,14453,3.867480383609416,7457,0.922891243127263,0.43807704552690224,0.5,0.05507800063673989,0.0068449538363578475,1.6306908627825534,6766.666666666667,7.447306791569086,-9.742084556298003
Philadelphia,"Philadelphia, PA",2016-04-01,5926,14696,3.8010462369220384,7457,0.794689553439721,0.43807704552690224,0.5,0.05507800063673989,0.0068449538363578475,1.6306908627825534,6545.0,-5.29007511587023,-12.891944757275798
Philadelphia,"Philadelphia, PA",2016-05-01,6795,14570,3.8263428991905815,7457,0.9112243529569531,0.43807704552690224,0.5,0.05507800063673989,0.0068449538363578475,1.6306908627825534,6534.333333333333,8.390492901579204,-19.391424619640386
Philadelphia,"Philadelphia, PA",2016-06-01,6145,13923,3.84279902359642,7457,0.8240579321442939,0.43807704552690224,0.5,0.05507800063673989,0.0068449538363578475,1.6306908627825534,6288.666666666667,-1.9779869197639188,-10.01163391933816
Philadelphia,"Philadelphia, PA",2016-07-01,6722,14835,3.8274323118119606,7457,0.9014348933887623,0.43807704552690224,0.5,0.05507800063673989,0.0068449538363578475,1.6306908627825534,6554.0,-0.4590552347105037,-8.153789004457657
Philadelphia,"Philadelphia, PA",2016-08-01,6872,14087,3.8007857974388823,7457,0.9215502212686066,0.43807704552690224,0.5,0.05507800063673989,0.0068449538363578475,1.6306908627825534,6579.666666666667,-7.310493660642026,-17.84568729223771
Philadelphia,"Philadelphia, PA",2016-09-01,6363,13401,3.7553041018387554,7457,0.8532922086630013,0.43807704552690224,0.5,0.05507800063673989,0.0068449538363578475,1.6306908627825534,6652.333333333333,15.75404766236128,-5.071899128710067
Philadelphia,"Philadelphia, PA",2016-10-01,5950,13101,3.810084033613445,7457,0.7979080059004962,0.43807704552690224,0.5,0.05507800063673989,0.0068449538363578475,1.6306908627825534,6395.0,0.9843856076035218,-14.629219340544763
Philadelphia,"Philadelphia, PA",2016-11-01,5377,11030,3.8222056909057094,7457,0.7210674533994904,0.43807704552690224,0.5,0.05507800063673989,0.0068449538363578475,1.6306908627825534,5896.666666666667,-7.770154373927962,-21.304223744292237
Philadelphia,"Philadelphia, PA",2016-12-01,5595,10772,3.844325290437891,7457,0.7503017299181977,0.43807704552690224,0.5,0.05507800063673989,0.0068449538363578475,1.6306908627825534,5640.666666666667,-2.0483193277310963,-19.785538759401298
Philadelphia,"Philadelphia, PA",2017-01-01,6551,10924,3.860326667684323,7457,0.8785034196057395,0.43807704552690224,0.5,0.05507800063673989,0.0068449538363578475,1.6306908627825534,5841.0,-0.6068881808526827,-18.90728231014772
Philadelphia,"Philadelphia, PA",2017-02-01,6362,11671,3.8607356177302736,7457,0.8531581064771355,0.43807704552690224,0.5,0.05507800063673989,0.0068449538363578475,1.6306908627825534,6169.333333333333,-6.811190859821292,-8.763289555972486
Philadelphia,"Philadelphia, PA",2017-03-01,6710,12129,3.8651266766020864,7457,0.8998256671583746,0.43807704552690224,0.5,0.05507800063673989,0.0068449538363578475,1.6306908627825534,6541.0,-2.499273467015406,-16.079706635300628
Philadelphia,"Philadelphia, PA",2017-04-01,6857,13282,3.844392591512323,7457,0.9195386884806223,0.43807704552690224,0.5,0.05507800063673989,0.0068449538363578475,1.6306908627825534,6643.0,15.710428619642247,-9.621665759390307
Philadelphia,"Philadelphia, PA",2017-05-01,6955,12758,3.8369518332135155,7457,0.9326807026954539,0.43807704552690224,0.5,0.05507800063673989,0.0068449538363578475,1.6306908627825534,6840.666666666667,2.3546725533480473,-12.43651338366506
Philadelphia,"Philadelphia, PA",2017-06-01,6934,12746,3.8514565907124316,7457,0.9298645567922758,0.43807704552690224,0.5,0.05507800063673989,0.0068449538363578475,1.6306908627825534,6915.333333333333,12.839707078925965,-8.453637865402575
Philadelphia,"Philadelphia, PA",2017-07-01,7275,13140,3.854982817869416,7457,0.9755934021724554,0.43807704552690224,0.5,0.05507800063673989,0.0068449538363578475,1.6306908627825534,7054.666666666667,8.226718238619469,-11.425682507583412
Philadelphia,"Philadelphia, PA",2017-08-01,6942,11739,3.899308556611927,7457,0.9309373742792008,0.43807704552690224,0.5,0.05507800063673989,0.0068449538363578475,1.6306908627825534,7050.333333333333,1.018626309662407,-16.667849790587063
Philadelphia,"Philadelphia, PA",2017-09-01,6499,11705,3.838590552392676,7457,0.8715301059407269,0.43807704552690224,0.5,0.05507800063673989,0.0068449538363578475,1.6306908627825534,6905.333333333333,2.137356592802142,-12.65577195731662
Philadelphia,"Philadelphia, PA",2017-10-01,6515,10652,3.825326170376055,7457,0.8736757409145769,0.43807704552690224,0.5,0.05507800063673989,0.0068449538363578475,1.6306908627825534,6652.0,9.495798319327742,-18.693229524463785
Philadelphia,"Philadelphia, PA",2017-11-01,6115,10058,3.849386753883892,7457,0.820034866568325,0.43807704552690224,0.5,0.05507800063673989,0.0068449538363578475,1.6306908627825534,6376.333333333333,13.725125534684768,-8.812330009066184
Philadelphia,"Philadelphia, PA",2017-12-01,5819,9574,3.874205189895171,7457,0.7803406195520987,0.43807704552690224,0.5,0.05507800063673989,0.0068449538363578475,1.6306908627825534,6149.666666666667,4.003574620196604,-11.121425919049388
Philadelphia,"Philadelphia, PA",2018-01-01,6577,8908,3.8730424205564846,7457,0.8819900764382459,0.43807704552690224,0.5,0.05507800063673989,0.0068449538363578475,1.6306908627825534,6170.333333333333,0.3968859716073858,-18.454778469425115
Philadelphia,"Philadelphia, PA",2018-02-01,5979,8800,3.8370965044321794,7457,0.8017969692905994,0.43807704552690224,0.5,0.05507800063673989,0.0068449538363578475,1.6306908627825534,6125.0,-6.02011945928953,-24.59943449575872
Philadelphia,"Philadelphia, PA",2018-03-01,7030,10506,3.9066856330014224,7457,0.9427383666353761,0.43807704552690224,0.5,0.05507800063673989,0.0068449538363578475,1.6306908627825534,6528.666666666667,4.769001490312963,-13.381152609448431
Philadelphia,"Philadelphia, PA",2018-04-01,7085,9870,3.895553987297107,7457,0.9501139868579858,0.43807704552690224,0.5,0.05507800063673989,0.0068449538363578475,1.6306908627825534,6698.0,3.325069272276515,-25.688902273753953
Philadelphia,"Philadelphia, PA",2018-05-01,7001,10518,3.869304385087845,7457,0.9388494032452729,0.43807704552690224,0.5,0.05507800063673989,0.0068449538363578475,1.6306908627825534,7038.666666666667,0.661394680086258,-17.55761091080107
Philadelphia,"Philadelphia, PA",2018-06-01,6865,10193,3.8820101966496723,7457,0.9206115059675473,0.43807704552690224,0.5,0.05507800063673989,0.0068449538363578475,1.6306908627825534,6983.666666666667,-0.9950966253244875,-20.02981327475286
Philadelphia,"Philadelphia, PA",2018-07-01,7451,10094,3.8700845524090726,7457,0.9991953868848062,0.43807704552690224,0.5,0.05507800063673989,0.0068449538363578475,1.6306908627825534,7105.666666666667,2.4192439862543047,-23.181126331811264
Philadelphia,"Philadelphia, PA",2018-08-01,6956,9639,3.870184013801035,7457,0.9328148048813195,0.43807704552690224,0.5,0.05507800063673989,0.0068449538363578475,1.6306908627825534,7090.666666666667,0.2016709881878409,-17.88908765652951
Philadelphia,"Philadelphia, PA",2018-09-01,6581,9588,3.8413614952134933,7457,0.8825264851817085,0.43807704552690224,0.5,0.05507800063673989,0.0068449538363578475,1.6306908627825534,6996.0,1.2617325742421803,-18.08628791114908
Philadelphia,"Philadelphia, PA",2018-10-01,6830,8439,3.858272327964861,7457,0.9159179294622503,0.43807704552690224,0.5,0.05507800063673989,0.0068449538363578475,1.6306908627825534,6789.0,4.834996162701466,-20.77544123169358
Philadelphia,"Philadelphia, PA",2018-11-01,5973,7721,3.8876611418047884,7457,0.8009923561754057,0.43807704552690224,0.5,0.05507800063673989,0.0068449538363578475,1.6306908627825534,6461.333333333333,-2.3221586263286964,-23.235235633326702
Philadelphia,"Philadelphia, PA",2018-12-01,6123,8591,3.8592193369263432,7457,0.8211076840552501,0.43807704552690224,0.5,0.05507800063673989,0.0068449538363578475,1.6306908627825534,6308.666666666667,5.224265337686895,-10.26739085021935
Philadelphia,"Philadelphia, PA",2019-01-01,6811,7669,3.92497430626927,7457,0.9133699879308033,0.43807704552690224,0.5,0.05507800063673989,0.0068449538363578475,1.6306908627825534,6302.333333333333,3.557853124524857,-13.90884598114055
Philadelphia,"Philadelphia, PA",2019-02-01,6085,7581,3.873952341824158,7457,0.8160118009923562,0.43807704552690224,0.5,0.05507800063673989,0.0068449538363578475,1.6306908627825534,6339.666666666667,1.772871717678548,-13.85227272727273
Philadelphia,"Philadelphia, PA",2019-03-01,6850,9367,3.906861313868613,7457,0.9185999731795629,0.43807704552690224,0.5,0.05507800063673989,0.0068449538363578475,1.6306908627825534,6582.0,-2.560455192034139,-10.841423948220063
Philadelphia,"Philadelphia, PA",2019-04-01,6589,8461,3.884504477158901,7457,0.8835993026686335,0.43807704552690224,0.5,0.05507800063673989,0.0068449538363578475,1.6306908627825534,6508.0,-7.000705716302047,-14.275582573454916
Philadelphia,"Philadelphia, PA",2019-05-01,6989,9570,3.879668049792531,7457,0.9372401770148854,0.43807704552690224,0.5,0.05507800063673989,0.0068449538363578475,1.6306908627825534,6809.333333333333,-0.1714040851306997,-9.013120365088422
Philadelphia,"Philadelphia, PA",2019-06-01,7030,9080,3.8559032716927453,7457,0.9427383666353761,0.43807704552690224,0.5,0.05507800063673989,0.0068449538363578475,1.6306908627825534,6869.333333333333,2.4034959941733325,-10.919258314529579
Philadelphia,"Philadelphia, PA",2019-07-01,7075,9130,3.879434628975265,7457,0.9487729649993295,0.43807704552690224,0.5,0.05507800063673989,0.0068449538363578475,1.6306908627825534,7031.333333333333,-5.046302509730238,-9.550227858133542
Philadelphia,"Philadelphia, PA",2019-08-01,7038,8797,3.921142369991475,7457,0.9438111841223011,0.43807704552690224,0.5,0.05507800063673989,0.0068449538363578475,1.6306908627825534,7047.666666666667,1.178838412880956,-8.735345990247955
Philadelphia,"Philadelphia, PA",2019-09-01,6763,8558,3.8262605352654147,7457,0.906933083009253,0.43807704552690224,0.5,0.05507800063673989,0.0068449538363578475,1.6306908627825534,6958.666666666667,2.7655371524084593,-10.742594910304549
Philadelphia,"Philadelphia, PA",2019-10-01,6180,7439,3.8644012944983817,7457,0.828751508649591,0.43807704552690224,0.5,0.05507800063673989,0.0068449538363578475,1.6306908627825534,6660.333333333333,-9.516837481698392,-11.849745230477549
Philadelphia,"Philadelphia, PA",2019-11-01,5789,7622,3.853688029020556,7457,0.7763175539761298,0.43807704552690224,0.5,0.05507800063673989,0.0068449538363578475,1.6306908627825534,6244.0,-3.0805290473798763,-1.2822173293614791
Philadelphia,"Philadelphia, PA",2019-12-01,5911,6856,3.878362375232617,7457,0.7926780206517366,0.43807704552690224,0.5,0.05507800063673989,0.0068449538363578475,1.6306908627825534,5960.0,-3.462355054711741,-20.195553486206496
Philadelphia,"Philadelphia, PA",2020-01-01,5914,7007,3.866925938451133,7457,0.7930803272093335,0.43807704552690224,0.5,0.05507800063673989,0.0068449538363578475,1.6306908627825534,5871.333333333333,-13.169872265452941,-8.632155430955802
Philadelphia,"Philadelphia, PA",2020-02-01,5610,7374,3.887522281639929,7457,0.7523132627061822,0.43807704552690224,0.5,0.05507800063673989,0.0068449538363578475,1.6306908627825534,5811.666666666667,-7.806080525883319,-2.730510486743176
Philadelphia,"Philadelphia, PA",2020-03-01,3481,3376,3.9359379488652686,7457,0.4668097089982567,0.43807704552690224,0.5,0.05507800063673989,0.0068449538363578475,1.6306908627825534,5001.666666666667,-49.18248175182482,-63.95857798654851
Philadelphia,"Philadelphia, PA",2020-04-01,1381,469,3.7943519188993484,7457,0.18519511868043448,0.43807704552690224,0.5,0.05507800063673989,0.0068449538363578475,1.6306908627825534,3490.6666666666665,-79.040825618455,-94.45691998581728
Philadelphia,"Philadelphia, PA",2020-05-01,1875,744,3.825066666666667,7457,0.25144159849805553,0.43807704552690224,0.5,0.05507800063673989,0.0068449538363578475,1.6306908627825534,2245.6666666666665,-73.1721276291315,-92.22570532915361
Philadelphia,"Philadelphia, PA",2020-06-01,2000,1104,3.814,7457,0.2682043717312592,0.43807704552690224,0.5,0.05507800063673989,0.0068449538363578475,1.6306908627825534,1752.0,-71.55049786628733,-87.84140969162996
Philadelphia,"Philadelphia, PA",2020-07-01,2631,1593,3.831242873432155,7457,0.3528228510124715,0.43807704552690224,0.5,0.05507800063673989,0.0068449538363578475,1.6306908627825534,2168.6666666666665,-62.812720848056536,-82.55202628696605
Philadelphia,"Philadelphia, PA",2020-08-01,3163,1978,3.945621245652861,7457,0.42416521389298645,0.43807704552690224,0.5,0.05507800063673989,0.0068449538363578475,1.6306908627825534,2598.0,-55.058255186132435,-77.5150619529385
Philadelphia,"Philadelphia, PA",2020-09-01,3415,2383,3.8588579795021962,7457,0.45795896473112513,0.43807704552690224,0.5,0.05507800063673989,0.0068449538363578475,1.6306908627825534,3069.6666666666665,-49.50465769628863,-72.1547090441692
Philadelphia,"Philadelphia, PA",2020-10-01,3392,2522,3.9357311320754715,7457,0.45487461445621563,0.43807704552690224,0.5,0.05507800063673989,0.0068449538363578475,1.6306908627825534,3323.3333333333335,-45.11326860841424,-66.0975937626025
Philadelphia,"Philadelphia, PA",2020-11-01,2890,1765,4.086159169550173,7457,0.3875553171516696,0.43807704552690224,0.5,0.05507800063673989,0.0068449538363578475,1.6306908627825534,3232.3333333333335,-50.077733632751766,-76.8433482025715
Philadelphia,"Philadelphia, PA",2020-12-01,2452,1240,4.045676998368679,7457,0.32881855974252383,0.43807704552690224,0.5,0.05507800063673989,0.0068449538363578475,1.6306908627825534,2911.3333333333335,-58.518017255963464,-81.91365227537923
Philadelphia,"Philadelphia, PA",2021-01-01,2615,1470,4.081453154875717,7457,0.35067721603862145,0.43807704552690224,0.5,0.05507800063673989,0.0068449538363578475,1.6306908627825534,2652.3333333333335,-55.782888062225226,-79.02097902097903
Philadelphia,"Philadelphia, PA",2021-02-01,2440,1438,3.990573770491803,7457,0.32720933351213627,0.43807704552690224,0.5,0.05507800063673989,0.0068449538363578475,1.6306908627825534,2502.3333333333335,-56.50623885918004,-80.49905071874153
Philadelphia,"Philadelphia, PA",2021-03-01,3195,2273,3.9743348982785602,7457,0.42845648384068663,0.43807704552690224,0.5,0.05507800063673989,0.0068449538363578475,1.6306908627825534,2750.0,-8.216029876472275,-32.671800947867304
Philadelphia,"Philadelphia, PA",2021-04-01,3175,2644,3.8815748031496065,7457,0.425774440123374,0.43807704552690224,0.5,0.05507800063673989,0.0068449538363578475,1.6306908627825534,2936.6666666666665,129.90586531498914,463.7526652452026
Philadelphia,"Philadelphia, PA",2021-05-01,3567,3034,3.8357162881973648,7457,0.4783424969827008,0.43807704552690224,0.5,0.05507800063673989,0.0068449538363578475,1.6306908627825534,3312.3333333333335,90.24000000000001,307.7956989247312
Philadelphia,"Philadelphia, PA",2021-06-01,3555,3226,3.9060478199718704,7457,0.47673327075231325,0.43807704552690224,0.5,0.05507800063673989,0.0068449538363578475,1.6306908627825534,3432.3333333333335,77.75000000000001,192.21014492753622
Philadelphia,"Philadelphia, PA",2021-07-01,4067,3599,3.863044012785837,7457,0.5453935899155157,0.43807704552690224,0.5,0.05507800063673989,0.0068449538363578475,1.6306908627825534,3729.6666666666665,54.580007601672364,125.92592592592591
Philadelphia,"Philadelphia, PA",2021-08-01,3958,3480,3.806215260232441,7457,0.5307764516561619,0.43807704552690224,0.5,0.05507800063673989,0.0068449538363578475,1.6306908627825534,3860.0,25.134366108125207,75.93528816986857
Philadelphia,"Philadelphia, PA",2021-09-01,3626,3237,3.744622173193602,7457,0.48625452594877294,0.43807704552690224,0.5,0.05507800063673989,0.0068449538363578475,1.6306908627825534,3883.6666666666665,6.178623718887266,35.83718002517835
Philadelphia,"Philadelphia, PA",2021-10-01,3679,3632,3.856210926882305,7457,0.4933619417996513,0.43807704552690224,0.5,0.05507800063673989,0.0068449538363578475,1.6306908627825534,3754.3333333333335,8.461084905660377,44.01268834258525
Philadelphia,"Philadelphia, PA",2021-11-01,3143,2904,3.831053133948457,7457,0.4214831701756739,0.43807704552690224,0.5,0.05507800063673989,0.0068449538363578475,1.6306908627825534,3482.6666666666665,8.75432525951556,64.53257790368272
Philadelphia,"Philadelphia, PA",2021-12-01,3400,2763,3.8641176470588237,7457,0.4559474319431407,0.43807704552690224,0.5,0.05507800063673989,0.0068449538363578475,1.6306908627825534,3407.3333333333335,38.662316476345836,122.82258064516127
Philadelphia,"Philadelphia, PA",2022-01-01,2022,1153,3.8862512363996045,7457,0.2711546198203031,0.43807704552690224,0.5,0.05507800063673989,0.0068449538363578475,1.6306908627825534,2855.0,-22.67686424474188,-21.564625850340136
Tampa,"Tampa, FL",2005-08-01,4,0,4.5,3854,0.0010378827192527244,0.4434645669291339,0.5228346456692914,0.030866141732283466,0.0028346456692913387,1.5930708661417323,,,
Tampa,"Tampa, FL",2005-09-01,1,0,3.0,3854,0.0002594706798131811,0.4434645669291339,0.5228346456692914,0.030866141732283466,0.0028346456692913387,1.5930708661417323,,,
Tampa,"Tampa, FL",2005-11-01,2,0,4.0,3854,0.0005189413596263622,0.4434645669291339,0.5228346456692914,0.030866141732283466,0.0028346456692913387,1.5930708661417323,2.3333333333333335,,
Tampa,"Tampa, FL",2006-01-01,5,0,4.4,3854,0.0012973533990659055,0.4434645669291339,0.5228346456692914,0.030866141732283466,0.0028346456692913387,1.5930708661417323,2.6666666666666665,,
Tampa,"Tampa, FL",2006-02-01,8,0,4.5,3854,0.0020757654385054488,0.4434645669291339,0.5228346456692914,0.030866141732283466,0.0028346456692913387,1.5930708661417323,5.0,,
Tampa,"Tampa, FL",2006-03-01,35,0,3.7142857142857144,3854,0.00908147379346134,0.4434645669291339,0.5228346456692914,0.030866141732283466,0.0028346456692913387,1.5930708661417323,16.0,,
Tampa,"Tampa, FL",2006-04-01,11,0,3.3636363636363638,3854,0.002854177477944992,0.4434645669291339,0.5228346456692914,0.030866141732283466,0.0028346456692913387,1.5930708661417323,18.0,,
Tampa,"Tampa, FL",2006-05-01,1,0,3.0,3854,0.0002594706798131811,0.4434645669291339,0.5228346456692914,0.030866141732283466,0.0028346456692913387,1.5930708661417323,15.666666666666666,,
Tampa,"Tampa, FL",2006-06-01,8,0,3.625,3854,0.0020757654385054488,0.4434645669291339,0.5228346456692914,0.030866141732283466,0.0028346456692913387,1.5930708661417323,6.666666666666667,,
Tampa,"Tampa, FL",2006-07-01,41,0,4.048780487804878,3854,0.010638297872340425,0.4434645669291339,0.5228346456692914,0.030866141732283466,0.0028346456692913387,1.5930708661417323,16.666666666666668,,
Tampa,"Tampa, FL",2006-08-01,21,0,3.9047619047619047,3854,0.005448884276076803,0.4434645669291339,0.5228346456692914,0.030866141732283466,0.0028346456692913387,1.5930708661417323,23.333333333333332,,
Tampa,"Tampa, FL",2006-09-01,20,0,3.75,3854,0.005189413596263622,0.4434645669291339,0.5228346456692914,0.030866141732283466,0.0028346456692913387,1.5930708661417323,27.333333333333332,,
Tampa,"Tampa, FL",2006-10-01,7,0,4.0,3854,0.0018162947586922678,0.4434645669291339,0.5228346456692914,0.030866141732283466,0.0028346456692913387,1.5930708661417323,16.0,75.0,
Tampa,"Tampa, FL",2006-11-01,19,0,4.105263157894737,3854,0.004929942916450441,0.4434645669291339,0.5228346456692914,0.030866141732283466,0.0028346456692913387,1.5930708661417323,15.333333333333334,1800.0,
Tampa,"Tampa, FL",2006-12-01,8,0,3.25,3854,0.0020757654385054488,0.4434645669291339,0.5228346456692914,0.030866141732283466,0.0028346456692913387,1.5930708661417323,11.333333333333334,300.0,
Tampa,"Tampa, FL",2007-01-01,14,0,4.428571428571429,3854,0.0036325895173845357,0.4434645669291339,0.5228346456692914,0.030866141732283466,0.0028346456692913387,1.5930708661417323,13.666666666666666,179.99999999999997,
Tampa,"Tampa, FL",2007-02-01,9,0,3.888888888888889,3854,0.00233523611831863,0.4434645669291339,0.5228346456692914,0.030866141732283466,0.0028346456692913387,1.5930708661417323,10.333333333333334,12.5,
Tampa,"Tampa, FL",2007-03-01,14,0,3.5,3854,0.0036325895173845357,0.4434645669291339,0.5228346456692914,0.030866141732283466,0.0028346456692913387,1.5930708661417323,12.333333333333334,-60.0,
Tampa,"Tampa, FL",2007-04-01,28,0,3.8214285714285716,3854,0.007265179034769071,0.4434645669291339,0.5228346456692914,0.030866141732283466,0.0028346456692913387,1.5930708661417323,17.0,154.54545454545453,
Tampa,"Tampa, FL",2007-05-01,14,0,4.142857142857143,3854,0.0036325895173845357,0.4434645669291339,0.5228346456692914,0.030866141732283466,0.0028346456692913387,1.5930708661417323,18.666666666666668,1300.0,
Tampa,"Tampa, FL",2007-06-01,33,0,4.121212121212121,3854,0.008562532433834976,0.4434645669291339,0.5228346456692914,0.030866141732283466,0.0028346456692913387,1.5930708661417323,25.0,312.5,
Tampa,"Tampa, FL",2007-07-01,31,0,3.806451612903226,3854,0.008043591074208614,0.4434645669291339,0.5228346456692914,0.030866141732283466,0.0028346456692913387,1.5930708661417323,26.0,-24.390243902439025,
Tampa,"Tampa, FL",2007-08-01,23,0,4.173913043478261,3854,0.005967825635703166,0.4434645669291339,0.5228346456692914,0.030866141732283466,0.0028346456692913387,1.5930708661417323,29.0,9.523809523809534,
Tampa,"Tampa, FL",2007-09-01,14,0,3.9285714285714284,3854,0.0036325895173845357,0.4434645669291339,0.5228346456692914,0.030866141732283466,0.0028346456692913387,1.5930708661417323,22.666666666666668,-30.000000000000004,
Tampa,"Tampa, FL",2007-10-01,15,0,3.7333333333333334,3854,0.0038920601971977166,0.4434645669291339,0.5228346456692914,0.030866141732283466,0.0028346456692913387,1.5930708661417323,17.333333333333332,114.28571428571428,
Tampa,"Tampa, FL",2007-11-01,50,0,3.7,3854,0.012973533990659055,0.4434645669291339,0.5228346456692914,0.030866141732283466,0.0028346456692913387,1.5930708661417323,26.333333333333332,163.15789473684214,
Tampa,"Tampa, FL",2007-12-01,21,0,3.5238095238095237,3854,0.005448884276076803,0.4434645669291339,0.5228346456692914,0.030866141732283466,0.0028346456692913387,1.5930708661417323,28.666666666666668,162.5,
Tampa,"Tampa, FL",2008-01-01,37,0,3.675675675675676,3854,0.009600415153087702,0.4434645669291339,0.5228346456692914,0.030866141732283466,0.0028346456692913387,1.5930708661417323,36.0,164.28571428571428,
Tampa,"Tampa, FL",2008-02-01,26,0,3.769230769230769,3854,0.006746237675142709,0.4434645669291339,0.5228346456692914,0.030866141732283466,0.0028346456692913387,1.5930708661417323,28.0,188.88888888888889,
Tampa,"Tampa, FL",2008-03-01,52,0,3.576923076923077,3854,0.013492475350285417,0.4434645669291339,0.5228346456692914,0.030866141732283466,0.0028346456692913387,1.5930708661417323,38.333333333333336,271.42857142857144,
Tampa,"Tampa, FL",2008-04-01,32,0,4.15625,3854,0.008303061754021795,0.4434645669291339,0.5228346456692914,0.030866141732283466,0.0028346456692913387,1.5930708661417323,36.666666666666664,14.28571428571428,
Tampa,"Tampa, FL",2008-05-01,39,0,3.717948717948718,3854,0.010119356512714063,0.4434645669291339,0.5228346456692914,0.030866141732283466,0.0028346456692913387,1.5930708661417323,41.0,178.57142857142856,
Tampa,"Tampa, FL",2008-06-01,69,0,3.5072463768115942,3854,0.017903476907109497,0.4434645669291339,0.5228346456692914,0.030866141732283466,0.0028346456692913387,1.5930708661417323,46.666666666666664,109.09090909090908,
Tampa,"Tampa, FL",2008-07-01,55,0,3.8181818181818183,3854,0.014270887389724962,0.4434645669291339,0.5228346456692914,0.030866141732283466,0.0028346456692913387,1.5930708661417323,54.333333333333336,77.41935483870968,
Tampa,"Tampa, FL",2008-08-01,50,0,3.6,3854,0.012973533990659055,0.4434645669291339,0.5228346456692914,0.030866141732283466,0.0028346456692913387,1.5930708661417323,58.0,117.39130434782608,
Tampa,"Tampa, FL",2008-09-01,40,0,3.625,3854,0.010378827192527244,0.4434645669291339,0.5228346456692914,0.030866141732283466,0.0028346456692913387,1.5930708661417323,48.333333333333336,185.71428571428572,
Tampa,"Tampa, FL",2008-10-01,55,0,3.7454545454545456,3854,0.014270887389724962,0.4434645669291339,0.5228346456692914,0.030866141732283466,0.0028346456692913387,1.5930708661417323,48.333333333333336,266.66666666666663,
Tampa,"Tampa, FL",2008-11-01,53,0,4.09433962264151,3854,0.013751946030098598,0.4434645669291339,0.5228346456692914,0.030866141732283466,0.0028346456692913387,1.5930708661417323,49.333333333333336,6.000000000000005,
Tampa,"Tampa, FL",2008-12-01,78,0,3.730769230769231,3854,0.020238713025428127,0.4434645669291339,0.5228346456692914,0.030866141732283466,0.0028346456692913387,1.5930708661417323,62.0,271.42857142857144,
Tampa,"Tampa, FL",2009-01-01,171,0,3.8830409356725144,3854,0.04436948624805397,0.4434645669291339,0.5228346456692914,0.030866141732283466,0.0028346456692913387,1.5930708661417323,100.66666666666667,362.1621621621622,
Tampa,"Tampa, FL",2009-02-01,106,0,3.669811320754717,3854,0.027503892060197196,0.4434645669291339,0.5228346456692914,0.030866141732283466,0.0028346456692913387,1.5930708661417323,118.33333333333333,307.6923076923077,
Tampa,"Tampa, FL",2009-03-01,166,0,3.6867469879518073,3854,0.043072132848988066,0.4434645669291339,0.5228346456692914,0.030866141732283466,0.0028346456692913387,1.5930708661417323,147.66666666666666,219.23076923076925,
Tampa,"Tampa, FL",2009-04-01,127,0,3.6377952755905514,3854,0.032952776336274,0.4434645669291339,0.5228346456692914,0.030866141732283466,0.0028346456692913387,1.5930708661417323,133.0,296.875,
Tampa,"Tampa, FL",2009-05-01,140,0,3.85,3854,0.03632589517384536,0.4434645669291339,0.5228346456692914,0.030866141732283466,0.0028346456692913387,1.5930708661417323,144.33333333333334,258.974358974359,
Tampa,"Tampa, FL",2009-06-01,148,0,3.864864864864865,3854,0.038401660612350806,0.4434645669291339,0.5228346456692914,0.030866141732283466,0.0028346456692913387,1.5930708661417323,138.33333333333334,114.49275362318842,
Tampa,"Tampa, FL",2009-07-01,162,0,3.925925925925926,3854,0.04203425012973534,0.4434645669291339,0.5228346456692914,0.030866141732283466,0.0028346456692913387,1.5930708661417323,150.0,194.54545454545453,
Tampa,"Tampa, FL",2009-08-01,168,0,3.8988095238095237,3854,0.043591074208614425,0.4434645669291339,0.5228346456692914,0.030866141732283466,0.0028346456692913387,1.5930708661417323,159.33333333333334,236.0,
Tampa,"Tampa, FL",2009-09-01,131,0,3.763358778625954,3854,0.03399065905552673,0.4434645669291339,0.5228346456692914,0.030866141732283466,0.0028346456692913387,1.5930708661417323,153.66666666666666,227.5,
Tampa,"Tampa, FL",2009-10-01,120,0,3.7083333333333335,3854,0.031136481577581733,0.4434645669291339,0.5228346456692914,0.030866141732283466,0.0028346456692913387,1.5930708661417323,139.66666666666666,118.18181818181816,
Tampa,"Tampa, FL",2009-11-01,110,0,3.790909090909091,3854,0.028541774779449924,0.4434645669291339,0.5228346456692914,0.030866141732283466,0.0028346456692913387,1.5930708661417323,120.33333333333333,107.54716981132076,
Tampa,"Tampa, FL",2009-12-01,157,0,3.6305732484076434,3854,0.040736896730669436,0.4434645669291339,0.5228346456692914,0.030866141732283466,0.0028346456692913387,1.5930708661417323,129.0,101.28205128205127,
Tampa,"Tampa, FL",2010-01-01,299,46,3.765886287625418,3854,0.07758173326414115,0.4434645669291339,0.5228346456692914,0.030866141732283466,0.0028346456692913387,1.5930708661417323,188.66666666666666,74.85380116959064,inf
Tampa,"Tampa, FL",2010-02-01,202,132,3.6485148514851486,3854,0.05241307732226259,0.4434645669291339,0.5228346456692914,0.030866141732283466,0.0028346456692913387,1.5930708661417323,219.33333333333334,90.56603773584906,inf
Tampa,"Tampa, FL",2010-03-01,232,157,3.685344827586207,3854,0.06019719771665802,0.4434645669291339,0.5228346456692914,0.030866141732283466,0.0028346456692913387,1.5930708661417323,244.33333333333334,39.75903614457832,inf
Tampa,"Tampa, FL",2010-04-01,203,162,3.5320197044334973,3854,0.05267254800207576,0.4434645669291339,0.5228346456692914,0.030866141732283466,0.0028346456692913387,1.5930708661417323,212.33333333333334,59.84251968503938,inf
Tampa,"Tampa, FL",2010-05-01,166,162,3.6927710843373496,3854,0.043072132848988066,0.4434645669291339,0.5228346456692914,0.030866141732283466,0.0028346456692913387,1.5930708661417323,200.33333333333334,18.571428571428573,inf
Tampa,"Tampa, FL",2010-06-01,241,211,3.7510373443983402,3854,0.06253243383497664,0.4434645669291339,0.5228346456692914,0.030866141732283466,0.0028346456692913387,1.5930708661417323,203.33333333333334,62.83783783783783,inf
Tampa,"Tampa, FL",2010-07-01,266,434,3.7518796992481205,3854,0.06901920083030617,0.4434645669291339,0.5228346456692914,0.030866141732283466,0.0028346456692913387,1.5930708661417323,224.33333333333334,64.19753086419753,inf
Tampa,"Tampa, FL",2010-08-01,301,593,3.7940199335548175,3854,0.07810067462376752,0.4434645669291339,0.5228346456692914,0.030866141732283466,0.0028346456692913387,1.5930708661417323,269.3333333333333,79.16666666666667,inf
Tampa,"Tampa, FL",2010-09-01,261,593,3.8084291187739465,3854,0.06772184743124027,0.4434645669291339,0.5228346456692914,0.030866141732283466,0.0028346456692913387,1.5930708661417323,276.0,99.23664122137406,inf
Tampa,"Tampa, FL",2010-10-01,270,815,3.7925925925925927,3854,0.0700570835495589,0.4434645669291339,0.5228346456692914,0.030866141732283466,0.0028346456692913387,1.5930708661417323,277.3333333333333,125.0,inf
Tampa,"Tampa, FL",2010-11-01,236,1030,3.75,3854,0.06123508043591074,0.4434645669291339,0.5228346456692914,0.030866141732283466,0.0028346456692913387,1.5930708661417323,255.66666666666666,114.54545454545455,inf
Tampa,"Tampa, FL",2010-12-01,296,1081,3.949324324324324,3854,0.07680332122470161,0.4434645669291339,0.5228346456692914,0.030866141732283466,0.0028346456692913387,1.5930708661417323,267.3333333333333,88.53503184713377,inf
Tampa,"Tampa, FL",2011-01-01,358,1227,3.7681564245810057,3854,0.09289050337311884,0.4434645669291339,0.5228346456692914,0.030866141732283466,0.0028346456692913387,1.5930708661417323,296.6666666666667,19.732441471571917,2567.391304347826
Tampa,"Tampa, FL",2011-02-01,379,1509,3.936675461741425,3854,0.09833938764919564,0.4434645669291339,0.5228346456692914,0.030866141732283466,0.0028346456692913387,1.5930708661417323,344.3333333333333,87.62376237623761,1043.1818181818182
Tampa,"Tampa, FL",2011-03-01,432,2239,3.7453703703703702,3854,0.11209133367929423,0.4434645669291339,0.5228346456692914,0.030866141732283466,0.0028346456692913387,1.5930708661417323,389.6666666666667,86.20689655172413,1326.1146496815286
Tampa,"Tampa, FL",2011-04-01,400,1785,3.7175,3854,0.10378827192527244,0.4434645669291339,0.5228346456692914,0.030866141732283466,0.0028346456692913387,1.5930708661417323,403.6666666666667,97.04433497536947,1001.851851851852
Tampa,"Tampa, FL",2011-05-01,449,2037,3.7349665924276167,3854,0.11650233523611832,0.4434645669291339,0.5228346456692914,0.030866141732283466,0.0028346456692913387,1.5930708661417323,427.0,170.48192771084337,1157.4074074074074
Tampa,"Tampa, FL",2011-06-01,452,2088,3.7411504424778763,3854,0.11728074727555786,0.4434645669291339,0.5228346456692914,0.030866141732283466,0.0028346456692913387,1.5930708661417323,433.6666666666667,87.55186721991701,889.5734597156398
Tampa,"Tampa, FL",2011-07-01,750,2741,3.728,3854,0.19460300985988582,0.4434645669291339,0.5228346456692914,0.030866141732283466,0.0028346456692913387,1.5930708661417323,550.3333333333334,181.95488721804512,531.5668202764977
Tampa,"Tampa, FL",2011-08-01,634,2374,3.7917981072555205,3854,0.16450441100155683,0.4434645669291339,0.5228346456692914,0.030866141732283466,0.0028346456692913387,1.5930708661417323,612.0,110.63122923588038,300.33726812816195
Tampa,"Tampa, FL",2011-09-01,518,2190,3.7451737451737452,3854,0.1344058121432278,0.4434645669291339,0.5228346456692914,0.030866141732283466,0.0028346456692913387,1.5930708661417323,634.0,98.46743295019158,269.30860033726816
Tampa,"Tampa, FL",2011-10-01,541,3129,3.800369685767098,3854,0.14037363777893097,0.4434645669291339,0.5228346456692914,0.030866141732283466,0.0028346456692913387,1.5930708661417323,564.3333333333334,100.37037037037035,283.92638036809814
Tampa,"Tampa, FL",2011-11-01,674,3160,3.602373887240356,3854,0.17488323819408408,0.4434645669291339,0.5228346456692914,0.030866141732283466,0.0028346456692913387,1.5930708661417323,577.6666666666666,185.59322033898303,206.79611650485435
Tampa,"Tampa, FL",2011-12-01,595,3216,3.692436974789916,3854,0.15438505448884277,0.4434645669291339,0.5228346456692914,0.030866141732283466,0.0028346456692913387,1.5930708661417323,603.3333333333334,101.01351351351352,197.50231267345052
Tampa,"Tampa, FL",2012-01-01,864,3284,3.704861111111111,3854,0.22418266735858847,0.4434645669291339,0.5228346456692914,0.030866141732283466,0.0028346456692913387,1.5930708661417323,711.0,141.34078212290504,167.64466177669112
Tampa,"Tampa, FL",2012-02-01,768,3377,3.7825520833333335,3854,0.1992734820965231,0.4434645669291339,0.5228346456692914,0.030866141732283466,0.0028346456692913387,1.5930708661417323,742.3333333333334,102.63852242744065,123.79058979456592
Tampa,"Tampa, FL",2012-03-01,646,3757,3.6857585139318885,3854,0.167618059159315,0.4434645669291339,0.5228346456692914,0.030866141732283466,0.0028346456692913387,1.5930708661417323,759.3333333333334,49.537037037037045,67.79812416257258
Tampa,"Tampa, FL",2012-04-01,655,3191,3.6793893129770994,3854,0.16995329527763361,0.4434645669291339,0.5228346456692914,0.030866141732283466,0.0028346456692913387,1.5930708661417323,689.6666666666666,63.74999999999999,78.76750700280112
Tampa,"Tampa, FL",2012-05-01,736,3670,3.7309782608695654,3854,0.1909704203425013,0.4434645669291339,0.5228346456692914,0.030866141732283466,0.0028346456692913387,1.5930708661417323,679.0,63.91982182628062,80.16691212567501
Tampa,"Tampa, FL",2012-06-01,801,3690,3.7116104868913857,3854,0.20783601453035808,0.4434645669291339,0.5228346456692914,0.030866141732283466,0.0028346456692913387,1.5930708661417323,730.6666666666666,77.21238938053096,76.72413793103448
Tampa,"Tampa, FL",2012-07-01,847,3974,3.720188902007084,3854,0.2197716658017644,0.4434645669291339,0.5228346456692914,0.030866141732283466,0.0028346456692913387,1.5930708661417323,794.6666666666666,12.93333333333333,44.98358263407516
Tampa,"Tampa, FL",2012-08-01,822,4051,3.787104622871046,3854,0.21328489880643486,0.4434645669291339,0.5228346456692914,0.030866141732283466,0.0028346456692913387,1.5930708661417323,823.3333333333334,29.65299684542586,70.64026958719461
Tampa,"Tampa, FL",2012-09-01,819,3965,3.6923076923076925,3854,0.21250648676699532,0.4434645669291339,0.5228346456692914,0.030866141732283466,0.0028346456692913387,1.5930708661417323,829.3333333333334,58.10810810810811,81.05022831050228
Tampa,"Tampa, FL",2012-10-01,927,4138,3.756202804746494,3854,0.24052932018681888,0.4434645669291339,0.5228346456692914,0.030866141732283466,0.0028346456692913387,1.5930708661417323,856.0,71.34935304990758,32.24672419303292
Tampa,"Tampa, FL",2012-11-01,1128,4533,3.7615248226950353,3854,0.2926829268292683,0.4434645669291339,0.5228346456692914,0.030866141732283466,0.0028346456692913387,1.5930708661417323,958.0,67.35905044510386,43.4493670886076
Tampa,"Tampa, FL",2012-12-01,1042,5209,3.81573896353167,3854,0.2703684483653347,0.4434645669291339,0.5228346456692914,0.030866141732283466,0.0028346456692913387,1.5930708661417323,1032.3333333333333,75.12605042016807,61.97139303482586
Tampa,"Tampa, FL",2013-01-01,1400,5191,3.7064285714285714,3854,0.3632589517384536,0.4434645669291339,0.5228346456692914,0.030866141732283466,0.0028346456692913387,1.5930708661417323,1190.0,62.037037037037045,58.0694275274056
Tampa,"Tampa, FL",2013-02-01,1199,5241,3.6380316930775645,3854,0.3111053450960041,0.4434645669291339,0.5228346456692914,0.030866141732283466,0.0028346456692913387,1.5930708661417323,1213.6666666666667,56.11979166666667,55.196920343500146
Tampa,"Tampa, FL",2013-03-01,1539,6593,3.7270955165692006,3854,0.3993253762324857,0.4434645669291339,0.5228346456692914,0.030866141732283466,0.0028346456692913387,1.5930708661417323,1379.3333333333333,138.23529411764704,75.48575991482566
Tampa,"Tampa, FL",2013-04-01,1245,5853,3.695582329317269,3854,0.32304099636741046,0.4434645669291339,0.5228346456692914,0.030866141732283466,0.0028346456692913387,1.5930708661417323,1327.6666666666667,90.07633587786259,83.42212472579129
Tampa,"Tampa, FL",2013-05-01,1371,5962,3.762946754194019,3854,0.3557343020238713,0.4434645669291339,0.5228346456692914,0.030866141732283466,0.0028346456692913387,1.5930708661417323,1385.0,86.27717391304348,62.45231607629427
Tampa,"Tampa, FL",2013-06-01,1199,5991,3.7022518765638033,3854,0.3111053450960041,0.4434645669291339,0.5228346456692914,0.030866141732283466,0.0028346456692913387,1.5930708661417323,1271.6666666666667,49.68789013732835,62.35772357723577
Tampa,"Tampa, FL",2013-07-01,1342,6450,3.80849478390462,3854,0.3482096523092891,0.4434645669291339,0.5228346456692914,0.030866141732283466,0.0028346456692913387,1.5930708661417323,1304.0,58.44155844155845,62.304982385505795
Tampa,"Tampa, FL",2013-08-01,1550,7105,3.7380645161290325,3854,0.40217955371043074,0.4434645669291339,0.5228346456692914,0.030866141732283466,0.0028346456692913387,1.5930708661417323,1363.6666666666667,88.56447688564477,75.38879289064428
Tampa,"Tampa, FL",2013-09-01,1464,5895,3.7506830601092895,3854,0.37986507524649715,0.4434645669291339,0.5228346456692914,0.030866141732283466,0.0028346456692913387,1.5930708661417323,1452.0,78.75457875457876,48.67591424968474
Tampa,"Tampa, FL",2013-10-01,1255,5605,3.751394422310757,3854,0.3256357031655423,0.4434645669291339,0.5228346456692914,0.030866141732283466,0.0028346456692913387,1.5930708661417323,1423.0,35.38295577130528,35.451909134847746
Tampa,"Tampa, FL",2013-11-01,1289,5577,3.7323506594259115,3854,0.33445770627919047,0.4434645669291339,0.5228346456692914,0.030866141732283466,0.0028346456692913387,1.5930708661417323,1336.0,14.273049645390067,23.03110522832561
Tampa,"Tampa, FL",2013-12-01,1360,5929,3.7176470588235295,3854,0.3528801245459263,0.4434645669291339,0.5228346456692914,0.030866141732283466,0.0028346456692913387,1.5930708661417323,1301.3333333333333,30.51823416506718,13.822230754463426
Tampa,"Tampa, FL",2014-01-01,1768,6288,3.725113122171946,3854,0.4587441619097042,0.4434645669291339,0.5228346456692914,0.030866141732283466,0.0028346456692913387,1.5930708661417323,1472.3333333333333,26.285714285714292,21.1327297245232
Tampa,"Tampa, FL",2014-02-01,1532,6164,3.7127937336814623,3854,0.39750908147379344,0.4434645669291339,0.5228346456692914,0.030866141732283466,0.0028346456692913387,1.5930708661417323,1553.3333333333333,27.77314428690576,17.611142911658085
Tampa,"Tampa, FL",2014-03-01,1808,7118,3.7638274336283186,3854,0.46912298910223144,0.4434645669291339,0.5228346456692914,0.030866141732283466,0.0028346456692913387,1.5930708661417323,1702.6666666666667,17.478882391163086,7.9629910511148205
Tampa,"Tampa, FL",2014-04-01,1578,6390,3.770595690747782,3854,0.40944473274519977,0.4434645669291339,0.5228346456692914,0.030866141732283466,0.0028346456692913387,1.5930708661417323,1639.3333333333333,26.746987951807235,9.174782162993345
Tampa,"Tampa, FL",2014-05-01,1926,6755,3.7487019730010385,3854,0.4997405293201868,0.4434645669291339,0.5228346456692914,0.030866141732283466,0.0028346456692913387,1.5930708661417323,1770.6666666666667,40.48140043763677,13.300905736330094
Tampa,"Tampa, FL",2014-06-01,1845,6460,3.7224932249322493,3854,0.4787234042553192,0.4434645669291339,0.5228346456692914,0.030866141732283466,0.0028346456692913387,1.5930708661417323,1783.0,53.87823185988323,7.828409280587545
Tampa,"Tampa, FL",2014-07-01,2185,6606,3.8247139588100687,3854,0.5669434353918007,0.4434645669291339,0.5228346456692914,0.030866141732283466,0.0028346456692913387,1.5930708661417323,1985.3333333333333,62.81669150521609,2.4186046511627923
Tampa,"Tampa, FL",2014-08-01,2160,7156,3.7472222222222222,3854,0.5604566683964712,0.4434645669291339,0.5228346456692914,0.030866141732283466,0.0028346456692913387,1.5930708661417323,2063.3333333333335,39.35483870967742,0.7178043631245634
Tampa,"Tampa, FL",2014-09-01,2078,6061,3.800288739172281,3854,0.5391800726517904,0.4434645669291339,0.5228346456692914,0.030866141732283466,0.0028346456692913387,1.5930708661417323,2141.0,41.939890710382514,2.8159457167090673
Tampa,"Tampa, FL",2014-10-01,2098,6517,3.8517635843660627,3854,0.5443694862480539,0.4434645669291339,0.5228346456692914,0.030866141732283466,0.0028346456692913387,1.5930708661417323,2112.0,67.17131474103586,16.271186440677976
Tampa,"Tampa, FL",2014-11-01,2150,6602,3.815813953488372,3854,0.5578619615983393,0.4434645669291339,0.5228346456692914,0.030866141732283466,0.0028346456692913387,1.5930708661417323,2108.6666666666665,66.79596586501164,18.37905684059531
Tampa,"Tampa, FL",2014-12-01,2244,6992,3.766488413547237,3854,0.5822522055007784,0.4434645669291339,0.5228346456692914,0.030866141732283466,0.0028346456692913387,1.5930708661417323,2164.0,64.99999999999999,17.928824422330926
Tampa,"Tampa, FL",2015-01-01,2888,8171,3.854224376731302,3854,0.749351323300467,0.4434645669291339,0.5228346456692914,0.030866141732283466,0.0028346456692913387,1.5930708661417323,2427.3333333333335,63.348416289592755,29.945928753180652
Tampa,"Tampa, FL",2015-02-01,2730,7523,3.722710622710623,3854,0.7083549558899844,0.4434645669291339,0.5228346456692914,0.030866141732283466,0.0028346456692913387,1.5930708661417323,2620.6666666666665,78.19843342036555,22.047371836469832
Tampa,"Tampa, FL",2015-03-01,3122,8842,3.819026265214606,3854,0.8100674623767514,0.4434645669291339,0.5228346456692914,0.030866141732283466,0.0028346456692913387,1.5930708661417323,2913.3333333333335,72.67699115044249,24.220286597358797
Tampa,"Tampa, FL",2015-04-01,2901,8105,3.858324715615305,3854,0.7527244421380384,0.4434645669291339,0.5228346456692914,0.030866141732283466,0.0028346456692913387,1.5930708661417323,2917.6666666666665,83.8403041825095,26.838810641627543
Tampa,"Tampa, FL",2015-05-01,3106,8768,3.7440437862202187,3854,0.8059159314997405,0.4434645669291339,0.5228346456692914,0.030866141732283466,0.0028346456692913387,1.5930708661417323,3043.0,61.2668743509865,29.800148038490004
Tampa,"Tampa, FL",2015-06-01,3092,7947,3.785252263906856,3854,0.802283341982356,0.4434645669291339,0.5228346456692914,0.030866141732283466,0.0028346456692913387,1.5930708661417323,3033.0,67.58807588075881,23.018575851393198
Tampa,"Tampa, FL",2015-07-01,3396,8371,3.8015312131919905,3854,0.881162428645563,0.4434645669291339,0.5228346456692914,0.030866141732283466,0.0028346456692913387,1.5930708661417323,3198.0,55.4233409610984,26.718135028761726
Tampa,"Tampa, FL",2015-08-01,3377,8478,3.8474977790938705,3854,0.8762324857291126,0.4434645669291339,0.5228346456692914,0.030866141732283466,0.0028346456692913387,1.5930708661417323,3288.3333333333335,56.3425925925926,18.474007825600893
Tampa,"Tampa, FL",2015-09-01,2968,7514,3.8440026954177897,3854,0.7701089776855216,0.4434645669291339,0.5228346456692914,0.030866141732283466,0.0028346456692913387,1.5930708661417323,3247.0,42.8296438883542,23.97294175878568
Tampa,"Tampa, FL",2015-10-01,2910,8001,3.8646048109965636,3854,0.755059678256357,0.4434645669291339,0.5228346456692914,0.030866141732283466,0.0028346456692913387,1.5930708661417323,3085.0,38.70352716873213,22.77121374865736
Tampa,"Tampa, FL",2015-11-01,2812,7969,3.8378378378378377,3854,0.7296315516346653,0.4434645669291339,0.5228346456692914,0.030866141732283466,0.0028346456692913387,1.5930708661417323,2896.6666666666665,30.7906976744186,20.70584671311724
Tampa,"Tampa, FL",2015-12-01,2862,7938,3.791404612159329,3854,0.7426050856253243,0.4434645669291339,0.5228346456692914,0.030866141732283466,0.0028346456692913387,1.5930708661417323,2861.3333333333335,27.540106951871657,13.529748283752863
Tampa,"Tampa, FL",2016-01-01,3773,8593,3.8650940895838857,3854,0.9789828749351324,0.4434645669291339,0.5228346456692914,0.030866141732283466,0.0028346456692913387,1.5930708661417323,3149.0,30.644044321329634,5.164606535307792
Tampa,"Tampa, FL",2016-02-01,3556,7920,3.829583802024747,3854,0.922677737415672,0.4434645669291339,0.5228346456692914,0.030866141732283466,0.0028346456692913387,1.5930708661417323,3397.0,30.25641025641026,5.277150073109138
Tampa,"Tampa, FL",2016-03-01,3685,8441,3.8162822252374493,3854,0.9561494551115723,0.4434645669291339,0.5228346456692914,0.030866141732283466,0.0028346456692913387,1.5930708661417323,3671.3333333333335,18.03331197950031,-4.535173037774253
Tampa,"Tampa, FL",2016-04-01,3590,8318,3.876601671309192,3854,0.9314997405293202,0.4434645669291339,0.5228346456692914,0.030866141732283466,0.0028346456692913387,1.5930708661417323,3610.3333333333335,23.75043088590141,2.628007402837751
Tampa,"Tampa, FL",2016-05-01,3513,7990,3.801878736122972,3854,0.9115204981837053,0.4434645669291339,0.5228346456692914,0.030866141732283466,0.0028346456692913387,1.5930708661417323,3596.0,13.103670315518357,-8.873175182481752
Tampa,"Tampa, FL",2016-06-01,3277,7411,3.8581019224900825,3854,0.8502854177477945,0.4434645669291339,0.5228346456692914,0.030866141732283466,0.0028346456692913387,1.5930708661417323,3460.0,5.983182406209564,-6.744683528375484
Tampa,"Tampa, FL",2016-07-01,3650,7941,3.9095890410958902,3854,0.9470679813181111,0.4434645669291339,0.5228346456692914,0.030866141732283466,0.0028346456692913387,1.5930708661417323,3480.0,7.4793875147232125,-5.1367817465057914
Tampa,"Tampa, FL",2016-08-01,3276,7220,3.8290598290598292,3854,0.8500259470679813,0.4434645669291339,0.5228346456692914,0.030866141732283466,0.0028346456692913387,1.5930708661417323,3401.0,-2.990820254663906,-14.838405284265155
Tampa,"Tampa, FL",2016-09-01,2778,6358,3.7919366450683945,3854,0.7208095485210171,0.4434645669291339,0.5228346456692914,0.030866141732283466,0.0028346456692913387,1.5930708661417323,3234.6666666666665,-6.401617250673852,-15.384615384615385
Tampa,"Tampa, FL",2016-10-01,2705,7051,3.8207024029574863,3854,0.7018681888946549,0.4434645669291339,0.5228346456692914,0.030866141732283466,0.0028346456692913387,1.5930708661417323,2919.6666666666665,-7.0446735395188975,-11.873515810523683
Tampa,"Tampa, FL",2016-11-01,2328,5653,3.8178694158075603,3854,0.6040477426050856,0.4434645669291339,0.5228346456692914,0.030866141732283466,0.0028346456692913387,1.5930708661417323,2603.6666666666665,-17.21194879089616,-29.06261764336805
Tampa,"Tampa, FL",2016-12-01,2525,6382,3.8059405940594058,3854,0.6551634665282823,0.4434645669291339,0.5228346456692914,0.030866141732283466,0.0028346456692913387,1.5930708661417323,2519.3333333333335,-11.774982529699507,-19.60191484001008
Tampa,"Tampa, FL",2017-01-01,3213,6374,3.8219732337379395,3854,0.833679294239751,0.4434645669291339,0.5228346456692914,0.030866141732283466,0.0028346456692913387,1.5930708661417323,2688.6666666666665,-14.842300556586274,-25.823344582799955
Tampa,"Tampa, FL",2017-02-01,2999,6265,3.77459153051017,3854,0.7781525687597302,0.4434645669291339,0.5228346456692914,0.030866141732283466,0.0028346456692913387,1.5930708661417323,2912.3333333333335,-15.6636670416198,-20.89646464646465
Tampa,"Tampa, FL",2017-03-01,3261,6617,3.8313400797301442,3854,0.8461338868707836,0.4434645669291339,0.5228346456692914,0.030866141732283466,0.0028346456692913387,1.5930708661417323,3157.6666666666665,-11.506105834464043,-21.608814121549578
Tampa,"Tampa, FL",2017-04-01,3135,6014,3.836682615629984,3854,0.8134405812143228,0.4434645669291339,0.5228346456692914,0.030866141732283466,0.0028346456692913387,1.5930708661417323,3131.6666666666665,-12.674094707520888,-27.698966097619614
Tampa,"Tampa, FL",2017-05-01,3447,6200,3.8372497824194953,3854,0.8943954333160353,0.4434645669291339,0.5228346456692914,0.030866141732283466,0.0028346456692913387,1.5930708661417323,3281.0,-1.8787361229718136,-22.403003754693362
Tampa,"Tampa, FL",2017-06-01,3666,6465,3.924440807419531,3854,0.9512195121951219,0.4434645669291339,0.5228346456692914,0.030866141732283466,0.0028346456692913387,1.5930708661417323,3416.0,11.87061336588342,-12.764809067602211
Tampa,"Tampa, FL",2017-07-01,3824,6932,3.918410041841004,3854,0.9922158796056045,0.4434645669291339,0.5228346456692914,0.030866141732283466,0.0028346456692913387,1.5930708661417323,3645.6666666666665,4.767123287671238,-12.706208286110066
Tampa,"Tampa, FL",2017-08-01,3562,6214,3.904548006737788,3854,0.9242345614945511,0.4434645669291339,0.5228346456692914,0.030866141732283466,0.0028346456692913387,1.5930708661417323,3684.0,8.73015873015872,-13.933518005540169
Tampa,"Tampa, FL",2017-09-01,2734,5112,3.866861741038771,3854,0.7093928386092372,0.4434645669291339,0.5228346456692914,0.030866141732283466,0.0028346456692913387,1.5930708661417323,3373.3333333333335,-1.5838732901367836,-19.5973576596414
Tampa,"Tampa, FL",2017-10-01,3292,5781,3.896719319562576,3854,0.8541774779449922,0.4434645669291339,0.5228346456692914,0.030866141732283466,0.0028346456692913387,1.5930708661417323,3196.0,21.70055452865065,-18.011629556091336
Tampa,"Tampa, FL",2017-11-01,2915,5173,3.9245283018867925,3854,0.7563570316554229,0.4434645669291339,0.5228346456692914,0.030866141732283466,0.0028346456692913387,1.5930708661417323,2980.3333333333335,25.214776632302403,-8.491066690252968
Tampa,"Tampa, FL",2017-12-01,3208,5944,3.849438902743142,3854,0.832381940840685,0.4434645669291339,0.5228346456692914,0.030866141732283466,0.0028346456692913387,1.5930708661417323,3138.3333333333335,27.049504950495052,-6.8630523346913215
Tampa,"Tampa, FL",2018-01-01,3762,5876,3.911217437533227,3854,0.9761286974571873,0.4434645669291339,0.5228346456692914,0.030866141732283466,0.0028346456692913387,1.5930708661417323,3295.0,17.086834733893564,-7.812990272983999
Tampa,"Tampa, FL",2018-02-01,3786,6049,3.8584257791864767,3854,0.9823559937727037,0.4434645669291339,0.5228346456692914,0.030866141732283466,0.0028346456692913387,1.5930708661417323,3585.3333333333335,26.242080693564528,-3.447725458898643
Tampa,"Tampa, FL",2018-03-01,4362,6989,3.8638239339752407,3854,1.131811105345096,0.4434645669291339,0.5228346456692914,0.030866141732283466,0.0028346456692913387,1.5930708661417323,3970.0,33.76264949402024,5.621883028562791
Tampa,"Tampa, FL",2018-04-01,3971,6003,3.922689498866784,3854,1.0303580695381422,0.4434645669291339,0.5228346456692914,0.030866141732283466,0.0028346456692913387,1.5930708661417323,4039.6666666666665,26.66666666666666,-0.18290655138011314
Tampa,"Tampa, FL",2018-05-01,4127,6146,3.8771504724981827,3854,1.0708354955889985,0.4434645669291339,0.5228346456692914,0.030866141732283466,0.0028346456692913387,1.5930708661417323,4153.333333333333,19.72729910066724,-0.87096774193548
Tampa,"Tampa, FL",2018-06-01,4152,5986,3.945086705202312,3854,1.077322262584328,0.4434645669291339,0.5228346456692914,0.030866141732283466,0.0028346456692913387,1.5930708661417323,4083.3333333333335,13.256955810147296,-7.4091260634184035
Tampa,"Tampa, FL",2018-07-01,4627,6235,3.946185433326129,3854,1.200570835495589,0.4434645669291339,0.5228346456692914,0.030866141732283466,0.0028346456692913387,1.5930708661417323,4302.0,20.998953974895397,-10.05481823427582
Tampa,"Tampa, FL",2018-08-01,3981,6070,3.897764380808842,3854,1.032952776336274,0.4434645669291339,0.5228346456692914,0.030866141732283466,0.0028346456692913387,1.5930708661417323,4253.333333333333,11.763054463784384,-2.31734792404249
Tampa,"Tampa, FL",2018-09-01,3372,5561,3.8935349940688018,3854,0.8749351323300467,0.4434645669291339,0.5228346456692914,0.030866141732283466,0.0028346456692913387,1.5930708661417323,3993.3333333333335,23.33577176298465,8.783255086071984
Tampa,"Tampa, FL",2018-10-01,3261,4656,3.8960441582336705,3854,0.8461338868707836,0.4434645669291339,0.5228346456692914,0.030866141732283466,0.0028346456692913387,1.5930708661417323,3538.0,-0.9416767922235669,-19.46030098598859
Tampa,"Tampa, FL",2018-11-01,3262,4874,3.898528510116493,3854,0.8463933575505967,0.4434645669291339,0.5228346456692914,0.030866141732283466,0.0028346456692913387,1.5930708661417323,3298.3333333333335,11.903945111492288,-5.780011598685486
Tampa,"Tampa, FL",2018-12-01,3586,5483,3.848856664807585,3854,0.9304618578100675,0.4434645669291339,0.5228346456692914,0.030866141732283466,0.0028346456692913387,1.5930708661417323,3369.6666666666665,11.783042394014952,-7.755720053835802
Tampa,"Tampa, FL",2019-01-01,4185,5635,3.9185185185185185,3854,1.085884795018163,0.4434645669291339,0.5228346456692914,0.030866141732283466,0.0028346456692913387,1.5930708661417323,3677.6666666666665,11.24401913875599,-4.10142954390742
Tampa,"Tampa, FL",2019-02-01,3864,4985,3.906055900621118,3854,1.0025947067981318,0.4434645669291339,0.5228346456692914,0.030866141732283466,0.0028346456692913387,1.5930708661417323,3878.3333333333335,2.0602218700475516,-17.589684245329806
Tampa,"Tampa, FL",2019-03-01,4288,6081,3.8309235074626864,3854,1.1126102750389206,0.4434645669291339,0.5228346456692914,0.030866141732283466,0.0028346456692913387,1.5930708661417323,4112.333333333333,-1.6964695093993565,-12.991844326799251
Tampa,"Tampa, FL",2019-04-01,3895,5170,3.855455712451861,3854,1.0106382978723405,0.4434645669291339,0.5228346456692914,0.030866141732283466,0.0028346456692913387,1.5930708661417323,4015.6666666666665,-1.9138755980861233,-13.876395135765451
Tampa,"Tampa, FL",2019-05-01,3988,5299,3.834754262788365,3854,1.0347690710949662,0.4434645669291339,0.5228346456692914,0.030866141732283466,0.0028346456692913387,1.5930708661417323,4057.0,-3.368063968984736,-13.781321184510254
Tampa,"Tampa, FL",2019-06-01,4250,5664,3.892235294117647,3854,1.1027503892060198,0.4434645669291339,0.5228346456692914,0.030866141732283466,0.0028346456692913387,1.5930708661417323,4044.3333333333335,2.3603082851637813,-5.379218175743405
Tampa,"Tampa, FL",2019-07-01,4133,5260,3.933704330994435,3854,1.0723923196678775,0.4434645669291339,0.5228346456692914,0.030866141732283466,0.0028346456692913387,1.5930708661417323,4123.666666666667,-10.67646423168359,-15.637530072173211
Tampa,"Tampa, FL",2019-08-01,3935,4997,3.9575603557814487,3854,1.0210171250648676,0.4434645669291339,0.5228346456692914,0.030866141732283466,0.0028346456692913387,1.5930708661417323,4106.0,-1.155488570710872,-17.677100494233933
Tampa,"Tampa, FL",2019-09-01,3389,4537,3.8713484803776925,3854,0.8793461338868708,0.4434645669291339,0.5228346456692914,0.030866141732283466,0.0028346456692913387,1.5930708661417323,3819.0,0.5041518386714072,-18.41395432476174
Tampa,"Tampa, FL",2019-10-01,3748,4997,3.951974386339381,3854,0.9724961079398028,0.4434645669291339,0.5228346456692914,0.030866141732283466,0.0028346456692913387,1.5930708661417323,3690.6666666666665,14.934069303894514,7.323883161512024
Tampa,"Tampa, FL",2019-11-01,3215,4962,3.86905132192846,3854,0.8341982355993772,0.4434645669291339,0.5228346456692914,0.030866141732283466,0.0028346456692913387,1.5930708661417323,3450.6666666666665,-1.4408338442673196,1.8054985638079613
Tampa,"Tampa, FL",2019-12-01,3337,5060,3.8393766856457896,3854,0.8658536585365854,0.4434645669291339,0.5228346456692914,0.030866141732283466,0.0028346456692913387,1.5930708661417323,3433.3333333333335,-6.943669827105414,-7.714754696334126
Tampa,"Tampa, FL",2020-01-01,3585,4947,3.8566248256624824,3854,0.9302023871302543,0.4434645669291339,0.5228346456692914,0.030866141732283466,0.0028346456692913387,1.5930708661417323,3379.0,-14.336917562724016,-12.209405501330972
Tampa,"Tampa, FL",2020-02-01,3652,5068,3.8740416210295727,3854,0.9475869226777374,0.4434645669291339,0.5228346456692914,0.030866141732283466,0.0028346456692913387,1.5930708661417323,3524.6666666666665,-5.486542443064179,1.6649949849548706
Tampa,"Tampa, FL",2020-03-01,2461,3154,4.010158472165786,3854,0.6385573430202387,0.4434645669291339,0.5228346456692914,0.030866141732283466,0.0028346456692913387,1.5930708661417323,3232.6666666666665,-42.60727611940298,-48.133530669297805
Tampa,"Tampa, FL",2020-04-01,1046,924,4.038240917782026,3854,0.27140633108458745,0.4434645669291339,0.5228346456692914,0.030866141732283466,0.0028346456692913387,1.5930708661417323,2386.3333333333335,-73.14505776636715,-82.12765957446808
Tampa,"Tampa, FL",2020-05-01,1671,1833,3.937761819269898,3854,0.4335755059678256,0.4434645669291339,0.5228346456692914,0.030866141732283466,0.0028346456692913387,1.5930708661417323,1726.0,-58.09929789368105,-65.40856765427438
Tampa,"Tampa, FL",2020-06-01,2161,2170,4.015270708005553,3854,0.5607161390762844,0.4434645669291339,0.5228346456692914,0.030866141732283466,0.0028346456692913387,1.5930708661417323,1626.0,-49.15294117647059,-61.68785310734464
Tampa,"Tampa, FL",2020-07-01,2404,2139,4.031198003327787,3854,0.6237675142708874,0.4434645669291339,0.5228346456692914,0.030866141732283466,0.0028346456692913387,1.5930708661417323,2078.6666666666665,-41.83401887248972,-59.33460076045627
Tampa,"Tampa, FL",2020-08-01,2609,2445,3.9747029513223455,3854,0.6769590036325895,0.4434645669291339,0.5228346456692914,0.030866141732283466,0.0028346456692913387,1.5930708661417323,2391.3333333333335,-33.69758576874206,-51.07064238543126
Tampa,"Tampa, FL",2020-09-01,2597,2506,4.0161725067385445,3854,0.6738453554748314,0.4434645669291339,0.5228346456692914,0.030866141732283466,0.0028346456692913387,1.5930708661417323,2536.6666666666665,-23.369725582767774,-44.76526338990522
Tampa,"Tampa, FL",2020-10-01,2622,2490,3.984363081617086,3854,0.6803321224701608,0.4434645669291339,0.5228346456692914,0.030866141732283466,0.0028346456692913387,1.5930708661417323,2609.3333333333335,-30.042689434365,-50.17010206123674
Tampa,"Tampa, FL",2020-11-01,2443,2390,3.9652067130577158,3854,0.6338868707836015,0.4434645669291339,0.5228346456692914,0.030866141732283466,0.0028346456692913387,1.5930708661417323,2554.0,-24.01244167962675,-51.833937928254734
Tampa,"Tampa, FL",2020-12-01,2555,2569,4.086497064579256,3854,0.6629475869226777,0.4434645669291339,0.5228346456692914,0.030866141732283466,0.0028346456692913387,1.5930708661417323,2540.0,-23.43422235540905,-49.22924901185771
Tampa,"Tampa, FL",2021-01-01,3067,2820,3.9735898271926966,3854,0.7957965749870265,0.4434645669291339,0.5228346456692914,0.030866141732283466,0.0028346456692913387,1.5930708661417323,2688.3333333333335,-14.449093444909344,-42.995755003032144
Tampa,"Tampa, FL",2021-02-01,2905,2613,3.8819277108433736,3854,0.7537623248572911,0.4434645669291339,0.5228346456692914,0.030866141732283466,0.0028346456692913387,1.5930708661417323,2842.3333333333335,-20.45454545454546,-48.441199684293615
Tampa,"Tampa, FL",2021-03-01,3363,2960,3.8914659530181384,3854,0.8725998962117281,0.4434645669291339,0.5228346456692914,0.030866141732283466,0.0028346456692913387,1.5930708661417323,3111.6666666666665,36.65176757415685,-6.150919467343052
Tampa,"Tampa, FL",2021-04-01,3147,2833,3.7702573879885604,3854,0.816554229372081,0.4434645669291339,0.5228346456692914,0.030866141732283466,0.0028346456692913387,1.5930708661417323,3138.3333333333335,200.8604206500956,206.6017316017316
Tampa,"Tampa, FL",2021-05-01,2994,2978,3.7802271209084837,3854,0.7768552153606643,0.4434645669291339,0.5228346456692914,0.030866141732283466,0.0028346456692913387,1.5930708661417323,3168.0,79.17414721723519,62.46590289143481
Tampa,"Tampa, FL",2021-06-01,3121,2831,3.8769625120153797,3854,0.8098079916969383,0.4434645669291339,0.5228346456692914,0.030866141732283466,0.0028346456692913387,1.5930708661417323,3087.3333333333335,44.42387783433595,30.460829493087548
Tampa,"Tampa, FL",2021-07-01,3270,2945,3.803363914373089,3854,0.8484691229891023,0.4434645669291339,0.5228346456692914,0.030866141732283466,0.0028346456692913387,1.5930708661417323,3128.3333333333335,36.023294509151405,37.681159420289845
Tampa,"Tampa, FL",2021-08-01,2921,2659,3.84080794248545,3854,0.757913855734302,0.4434645669291339,0.5228346456692914,0.030866141732283466,0.0028346456692913387,1.5930708661417323,3104.0,11.95860482943656,8.752556237218823
Tampa,"Tampa, FL",2021-09-01,2511,2371,3.8303464755077656,3854,0.6515308770108977,0.4434645669291339,0.5228346456692914,0.030866141732283466,0.0028346456692913387,1.5930708661417323,2900.6666666666665,-3.311513284559109,-5.3870710295291335
Tampa,"Tampa, FL",2021-10-01,2754,2776,3.7759622367465506,3854,0.7145822522055008,0.4434645669291339,0.5228346456692914,0.030866141732283466,0.0028346456692913387,1.5930708661417323,2728.6666666666665,5.034324942791768,11.485943775100393
Tampa,"Tampa, FL",2021-11-01,2392,2440,3.8206521739130435,3854,0.6206538661131292,0.4434645669291339,0.5228346456692914,0.030866141732283466,0.0028346456692913387,1.5930708661417323,2552.3333333333335,-2.0875972165370404,2.092050209205021
Tampa,"Tampa, FL",2021-12-01,2835,3048,3.7925925925925927,3854,0.7355993772703684,0.4434645669291339,0.5228346456692914,0.030866141732283466,0.0028346456692913387,1.5930708661417323,2660.3333333333335,10.95890410958904,18.64538731023744
Tampa,"Tampa, FL",2022-01-01,1939,1677,3.8365136668385764,3854,0.5031136481577582,0.4434645669291339,0.5228346456692914,0.030866141732283466,0.0028346456692913387,1.5930708661417323,2388.6666666666665,-36.77861102054124,-40.531914893617014
